date,P_h,peak_delay_min,matched,episode_id,vq_mph,vq_valid,corr_allow_min,corr_admitted
2016-01-04,0.5,2.5026604747246983,True,state_transition__AZ_I10_W::78__2016-01-04__862,18.09560794701037,True,11.357318767127024,True
2016-01-04,3.75,36.31734750115308,True,state_transition__AZ_I10_W::78__2016-01-04__862,18.09560794701037,True,11.357318767127024,False
2016-01-05,7.0,36.378328666460874,True,state_transition__AZ_I10_W::78__2016-01-05__864,11.774815373241989,True,19.52883780908309,False
2016-01-06,4.166666666666666,20.886507383746196,True,state_transition__AZ_I10_W::78__2016-01-06__865,13.72632024899263,True,16.202855380900317,False
2016-01-07,1.6666666666666663,2.9781431752400938,True,state_transition__AZ_I10_W::78__2016-01-07__867,19.340303567455354,True,10.37763651682085,True
2016-01-07,3.5,26.339385576510796,True,state_transition__AZ_I10_W::78__2016-01-07__869,12.968224681527005,True,17.375989989295732,False
2016-01-08,5.5,21.31758327201469,True,state_transition__AZ_I10_W::78__2016-01-08__870,13.813222482722932,True,16.07660277560932,False
2016-01-11,0.8333333333333333,5.575241562359327,True,state_transition__AZ_I10_W::78__2016-01-11__871,18.986692215175072,True,10.642896748988305,True
2016-01-12,5.0,39.74383905125622,True,state_transition__AZ_I10_W::78__2016-01-12__874,10.44836915098104,True,22.498763450188093,False
2016-01-13,4.583333333333333,26.317502789057357,True,state_transition__AZ_I10_W::78__2016-01-13__875,13.114121189656077,True,17.13967910694467,False
2016-01-14,5.083333333333333,38.244024107008784,True,state_transition__AZ_I10_W::78__2016-01-14__876,10.852683815739828,True,21.516580528500707,False
2016-01-15,1.9166666666666663,7.38358610101146,True,state_transition__AZ_I10_W::78__2016-01-15__877,22.587730489718894,True,8.329956716187638,True
2016-01-15,6.25,27.220201409535193,True,state_transition__AZ_I10_W::78__2016-01-15__878,14.416985728407152,True,15.241469594079655,False
2016-01-18,2.9166666666666665,8.418396988610237,True,state_transition__AZ_I10_W::78__2016-01-18__879,33.90624119572742,True,4.259008436551333,False
2016-01-19,4.833333333333333,27.045776403711788,True,state_transition__AZ_I10_W::78__2016-01-19__880,14.696118461807282,True,14.878565223177407,False
2016-01-20,4.583333333333333,29.639625831322878,True,state_transition__AZ_I10_W::78__2016-01-20__881,12.269083625587898,True,18.586394954049112,False
2016-01-20,0.8333333333333333,4.964537111728278,True,state_transition__AZ_I10_W::78__2016-01-20__881,12.269083625587898,True,18.586394954049112,True
2016-01-21,4.75,26.992000439631965,True,state_transition__AZ_I10_W::78__2016-01-21__882,13.44066219266601,True,16.62936637146753,False
2016-01-22,6.0,16.780048599524395,True,state_transition__AZ_I10_W::78__2016-01-22__883,15.67624185878454,True,13.706654035318401,False
2016-01-25,4.166666666666666,31.3714333451661,True,state_transition__AZ_I10_W::78__2016-01-25__884,11.594677323027147,True,19.892293294517206,False
2016-01-26,5.416666666666666,21.46071082634643,True,state_transition__AZ_I10_W::78__2016-01-26__885,10.9943148112749,True,21.18960779936734,False
2016-01-27,4.416666666666666,24.29688591845336,True,state_transition__AZ_I10_W::78__2016-01-27__886,13.460708273965016,True,16.598845322732345,False
2016-01-28,5.0,10.76760573785103,True,state_transition__AZ_I10_W::78__2016-01-28__888,18.717534476671428,True,10.85152228320105,True
2016-01-29,4.75,17.84159721719094,True,state_transition__AZ_I10_W::78__2016-01-29__889,13.050174108707331,True,17.242604792694557,False
2016-02-01,3.6666666666666665,16.794476736655938,True,state_transition__AZ_I10_W::78__2016-02-01__890,14.468138655562766,True,15.173917019890917,False
2016-02-02,5.083333333333333,34.35922438340286,True,state_transition__AZ_I10_W::78__2016-02-02__891,11.91459091868957,True,19.2543920671853,False
2016-02-03,4.833333333333333,26.52826564532079,True,state_transition__AZ_I10_W::78__2016-02-03__892,11.632711237503434,True,19.81461673983988,False
2016-02-04,5.25,27.12061455453105,True,state_transition__AZ_I10_W::78__2016-02-04__893,12.642195512669735,True,17.92377730440102,False
2016-02-08,4.0,15.144794383873919,True,state_transition__AZ_I10_W::78__2016-02-08__894,13.111346255353231,True,17.144124649472474,True
2016-02-09,4.333333333333333,22.53932395566375,True,state_transition__AZ_I10_W::78__2016-02-09__895,12.932856819605066,True,17.43407878245358,False
2016-02-10,4.666666666666666,23.71538403751069,True,state_transition__AZ_I10_W::78__2016-02-10__896,13.76988217362799,True,16.139368900484563,False
2016-02-11,5.75,29.570453706950147,True,state_transition__AZ_I10_W::78__2016-02-11__897,11.76193156232994,True,19.55446317827801,False
2016-02-12,6.833333333333333,25.610864212817166,True,state_transition__AZ_I10_W::78__2016-02-12__898,14.211843683507954,True,15.517265828929379,False
2016-02-15,3.583333333333333,13.180609476027893,True,state_transition__AZ_I10_W::78__2016-02-15__899,18.92030399216504,True,10.693803123370778,False
2016-02-16,4.583333333333333,32.33106719036927,True,state_transition__AZ_I10_W::78__2016-02-16__900,11.580889147901503,True,19.920578853292024,False
2016-02-17,4.666666666666666,24.224692823976156,True,state_transition__AZ_I10_W::78__2016-02-17__901,12.067596416476665,True,18.961258423580723,False
2016-02-18,5.916666666666666,23.888564402124587,True,state_transition__AZ_I10_W::78__2016-02-18__902,13.278514584272104,True,16.879630687234915,False
2016-02-19,5.666666666666666,20.266734930087313,True,state_transition__AZ_I10_W::78__2016-02-19__903,15.913948706899903,True,13.444183638743144,False
2016-02-22,5.083333333333333,27.412256765385635,True,state_transition__AZ_I10_W::78__2016-02-22__904,11.54114474202034,True,20.00249014227373,False
2016-02-23,4.25,21.473030514148608,True,state_transition__AZ_I10_W::78__2016-02-23__906,12.314735189039103,True,18.50316550978794,False
2016-02-24,0.75,2.146516127137602,False,,,,,
2016-02-24,7.0,32.70888494067444,True,state_transition__AZ_I10_W::78__2016-02-24__907,10.850627213266574,True,21.521391324083254,False
2016-02-25,4.75,23.56030379132081,True,state_transition__AZ_I10_W::78__2016-02-25__908,13.107646258603008,True,17.150055102721588,False
2016-02-26,7.083333333333333,26.809531454822718,True,state_transition__AZ_I10_W::78__2016-02-26__909,11.932350462566813,True,19.21998202424868,False
2016-02-29,4.75,20.4703137321721,True,state_transition__AZ_I10_W::78__2016-02-29__910,11.20731126765477,True,20.71343857929346,True
2016-03-01,5.25,26.594824353448715,True,state_transition__AZ_I10_W::78__2016-03-01__911,12.505766052691309,True,18.16147988727168,False
2016-03-02,5.083333333333333,24.819713336853457,True,state_transition__AZ_I10_W::78__2016-03-02__912,9.505348430080716,True,25.114314671342456,True
2016-03-03,6.25,22.329883088823852,True,state_transition__AZ_I10_W::78__2016-03-03__913,12.437767771674078,True,18.281901304304622,False
2016-03-04,7.666666666666666,25.44730620315983,True,state_transition__AZ_I10_W::78__2016-03-04__915,13.522214631115792,True,16.505763943083807,False
2016-03-07,0.6666666666666666,5.569500972252378,False,,,,,
2016-03-07,5.5,16.973388595470258,True,state_transition__AZ_I10_W::78__2016-03-07__916,12.911398176519018,True,17.469477950506207,True
2016-03-08,5.5,27.687220747783044,True,state_transition__AZ_I10_W::78__2016-03-08__917,11.86134386412762,True,19.3581786230479,False
2016-03-11,6.916666666666666,16.89434978283367,True,state_transition__AZ_I10_W::78__2016-03-11__920,18.43205059672766,True,11.079460863000795,False
2016-03-14,4.25,27.69427552061062,True,state_transition__AZ_I10_W::78__2016-03-14__921,10.96626108194218,True,21.253702540233725,False
2016-03-15,5.916666666666666,22.46982129312501,True,state_transition__AZ_I10_W::78__2016-03-15__922,12.41587713813052,True,18.32094914509011,False
2016-03-16,5.083333333333333,27.219896646975048,True,state_transition__AZ_I10_W::78__2016-03-16__923,11.614547038920582,True,19.85164996704002,False
2016-03-17,5.666666666666666,35.484354847620466,True,state_transition__AZ_I10_W::78__2016-03-17__924,10.657870239343568,True,21.980529465110326,False
2016-03-18,7.166666666666666,20.76153632898654,True,state_transition__AZ_I10_W::78__2016-03-18__926,13.516993088928972,True,16.51363312196233,False
2016-03-21,5.166666666666666,17.413024503532966,True,state_transition__AZ_I10_W::78__2016-03-21__927,12.2882560868403,True,18.551365446512985,True
2016-03-22,5.416666666666666,29.33773441213164,True,state_transition__AZ_I10_W::78__2016-03-22__928,11.375782749023228,True,20.349437883095074,False
2016-03-23,6.666666666666666,20.61500241211812,True,state_transition__AZ_I10_W::78__2016-03-23__929,13.024201358261609,True,17.28469771503363,False
2016-03-24,6.083333333333333,29.742317187680825,True,state_transition__AZ_I10_W::78__2016-03-24__930,11.797870341354264,True,19.483122112264454,False
2016-03-25,6.416666666666666,10.760291182571693,True,state_transition__AZ_I10_W::78__2016-03-25__931,17.56531869119389,True,11.816878701783308,True
2016-03-28,5.0,25.411617816928086,True,state_transition__AZ_I10_W::78__2016-03-28__932,11.392429128849711,True,20.314056018348076,False
2016-03-29,5.666666666666666,24.90480175534822,True,state_transition__AZ_I10_W::78__2016-03-29__933,9.566585593451014,True,24.928812667386403,True
2016-03-30,6.666666666666666,26.75655904078839,True,state_transition__AZ_I10_W::78__2016-03-30__934,11.33128277450514,True,20.44453293906927,False
2016-03-31,4.833333333333333,22.31557447959881,True,state_transition__AZ_I10_W::78__2016-03-31__936,11.693804024731866,True,19.690904769573073,False
2016-04-01,6.416666666666666,21.80875948825681,True,state_transition__AZ_I10_W::78__2016-04-01__937,13.582038204063062,True,16.416037982180445,False
2016-04-01,0.8333333333333333,6.093885047256096,False,,,,,
2016-04-04,4.833333333333333,19.253959358492825,True,state_transition__AZ_I10_W::78__2016-04-04__939,11.74468175913131,True,19.588860354098287,True
2016-04-05,5.0,27.682364228828376,True,state_transition__AZ_I10_W::78__2016-04-05__940,10.938525614410976,True,21.317393334503713,False
2016-04-06,4.583333333333333,24.076059004457466,True,state_transition__AZ_I10_W::78__2016-04-06__941,12.007450044875508,True,19.075597955615606,False
2016-04-06,0.75,4.164735184031027,False,,,,,
2016-04-07,6.083333333333333,18.37099095580287,True,state_transition__AZ_I10_W::78__2016-04-07__942,15.09174697940127,True,14.387200501460251,False
2016-04-08,5.583333333333333,21.525082561261915,True,state_transition__AZ_I10_W::78__2016-04-08__943,13.24980593104388,True,16.924578891980964,False
2016-04-11,4.083333333333333,16.582553056572294,True,state_transition__AZ_I10_W::78__2016-04-11__944,14.274264128518618,True,15.432507721051035,False
2016-04-12,4.916666666666666,34.05553228229935,True,state_transition__AZ_I10_W::78__2016-04-12__945,10.453917459881186,True,22.48477106988606,False
2016-04-13,5.083333333333333,21.273246643229502,True,state_transition__AZ_I10_W::78__2016-04-13__946,12.359729756965626,True,18.421735483236496,False
2016-04-14,5.666666666666666,22.52198915019216,True,state_transition__AZ_I10_W::78__2016-04-14__947,12.139219961983262,True,18.826578518846098,False
2016-04-15,0.5833333333333333,2.278180134474054,False,,,,,
2016-04-15,5.083333333333333,19.25259059733571,True,state_transition__AZ_I10_W::78__2016-04-15__949,10.26273364606254,True,22.975642255638274,True
2016-04-18,4.916666666666666,17.68379919083715,True,state_transition__AZ_I10_W::78__2016-04-18__950,11.63362028541406,True,19.81276640858857,True
2016-04-19,4.5,13.104436407099353,True,state_transition__AZ_I10_W::78__2016-04-19__951,12.598555881480904,True,17.999251126814627,True
2016-04-20,5.083333333333333,23.674487066719877,True,state_transition__AZ_I10_W::78__2016-04-20__952,11.999391519004956,True,19.091004460831353,False
2016-04-21,4.916666666666666,19.39538362045278,True,state_transition__AZ_I10_W::78__2016-04-21__953,12.395478873685036,True,18.357459078851576,False
2016-04-22,6.0,16.972581241938173,True,state_transition__AZ_I10_W::78__2016-04-22__955,14.458766655759026,True,15.186257921872905,False
2016-04-25,4.25,10.320500980951637,True,state_transition__AZ_I10_W::78__2016-04-25__956,12.662942784812238,True,17.888077782516984,True
2016-04-26,4.666666666666666,21.16228373247141,True,state_transition__AZ_I10_W::78__2016-04-26__957,13.166722378746591,True,17.055764563950213,False
2016-04-27,4.833333333333333,18.721781322885263,True,state_transition__AZ_I10_W::78__2016-04-27__958,11.867927901844736,True,19.34529487991636,True
2016-04-28,5.083333333333333,21.92907865192163,True,state_transition__AZ_I10_W::78__2016-04-28__959,12.660390429842725,True,17.892463269976588,False
2016-04-29,5.666666666666666,16.96842224644948,True,state_transition__AZ_I10_W::78__2016-04-29__960,14.4543352781747,True,15.192098662578413,False
2016-05-02,4.083333333333333,13.539472317062947,True,state_transition__AZ_I10_W::78__2016-05-02__961,11.328891814460988,True,20.449663494151853,True
2016-05-03,4.75,21.799233427586927,True,state_transition__AZ_I10_W::78__2016-05-03__962,11.111660442875506,True,20.925014805649553,False
2016-05-04,4.583333333333333,19.226886472183313,True,state_transition__AZ_I10_W::78__2016-05-04__963,10.00105831435171,True,23.677925504147684,True
2016-05-05,4.916666666666666,21.2840319370971,True,state_transition__AZ_I10_W::78__2016-05-05__964,11.017349782114165,True,21.13722352845017,False
2016-05-06,5.25,14.315883331403557,True,state_transition__AZ_I10_W::78__2016-05-06__965,15.221542797050857,True,14.231560561980503,False
2016-05-09,4.333333333333333,22.07519582098749,True,state_transition__AZ_I10_W::78__2016-05-09__966,11.1039828832936,True,20.942155325661865,False
2016-05-10,5.25,28.83699839433925,True,state_transition__AZ_I10_W::78__2016-05-10__967,9.90895634180131,True,23.933933541533126,False
2016-05-11,5.0,24.715434137046035,True,state_transition__AZ_I10_W::78__2016-05-11__968,10.274131705224718,True,22.945865233504914,False
2016-05-12,4.666666666666666,19.63457665764993,True,state_transition__AZ_I10_W::78__2016-05-12__969,12.298580722247172,True,18.53254681588168,False
2016-05-13,0.6666666666666666,3.619427336654664,True,state_transition__AZ_I10_W::78__2016-05-13__970,20.14150994438307,True,9.811074273828234,True
2016-05-13,5.0,23.84540301066851,True,state_transition__AZ_I10_W::78__2016-05-13__971,12.355688030097827,True,18.429025853657276,False
2016-05-16,4.25,28.42229299387215,True,state_transition__AZ_I10_W::78__2016-05-16__972,12.678171047349151,True,17.86194909185493,False
2016-05-17,5.083333333333333,13.047828513557832,True,state_transition__AZ_I10_W::78__2016-05-17__973,12.430527525064422,True,18.2948010128727,True
2016-05-18,4.833333333333333,21.177553813849332,True,state_transition__AZ_I10_W::78__2016-05-18__974,11.361500760909315,True,20.379876871773526,False
2016-05-19,0.8333333333333333,2.514725332082874,False,,,,,
2016-05-19,4.5,18.965105088040506,True,state_transition__AZ_I10_W::78__2016-05-19__975,11.441764286844784,True,20.209798895807975,True
2016-05-20,4.25,15.037446538334734,True,state_transition__AZ_I10_W::78__2016-05-20__976,12.7067005439226,True,17.813166682131552,True
2016-05-23,4.25,11.84146385845389,True,state_transition__AZ_I10_W::78__2016-05-23__977,14.25506957923657,True,15.458492162853934,True
2016-05-24,4.5,17.431627974007373,True,state_transition__AZ_I10_W::78__2016-05-24__978,12.179722847731524,True,18.751118601835,True
2016-05-25,5.083333333333333,18.13926780644232,True,state_transition__AZ_I10_W::78__2016-05-25__979,12.70229255900531,True,17.820689555244012,False
2016-05-26,5.083333333333333,18.049949173974955,True,state_transition__AZ_I10_W::78__2016-05-26__981,13.40509125736008,True,16.68374939971043,False
2016-05-31,4.666666666666666,16.733053015123733,True,state_transition__AZ_I10_W::78__2016-05-31__983,11.407372627113483,True,20.282381584804153,True
2016-06-01,4.416666666666666,14.586042897281514,True,state_transition__AZ_I10_W::78__2016-06-01__984,14.112771599120013,True,15.653331042728125,True
2016-06-02,5.416666666666666,21.941309138918346,True,state_transition__AZ_I10_W::78__2016-06-02__985,12.394958851620524,True,18.358391413695752,False
2016-06-03,6.666666666666666,32.43738598462981,True,state_transition__AZ_I10_W::78__2016-06-03__986,12.494556152236074,True,18.181241808598795,False
2016-06-06,1.0833333333333333,5.682319948619088,True,state_transition__AZ_I10_W::78__2016-06-06__989,22.176009139901836,True,8.556372105337246,True
2016-06-06,3.583333333333333,6.8621005208940895,True,state_transition__AZ_I10_W::78__2016-06-06__990,18.07130989118333,True,11.377786382962748,True
2016-06-07,4.25,21.715888963931693,True,state_transition__AZ_I10_W::78__2016-06-07__991,11.592280712439056,True,19.8972049563806,False
2016-06-08,0.9166666666666666,8.745190840062714,True,state_transition__AZ_I10_W::78__2016-06-08__992,18.131654703006816,True,11.327055618433413,True
2016-06-08,5.333333333333333,19.28926954772551,True,state_transition__AZ_I10_W::78__2016-06-08__993,11.846970135292166,True,19.386355107165976,True
2016-06-09,4.416666666666666,14.390450317969734,True,state_transition__AZ_I10_W::78__2016-06-09__994,12.578790899928435,True,18.033606549171854,True
2016-06-13,4.916666666666666,13.18583610516123,True,state_transition__AZ_I10_W::78__2016-06-13__995,10.407052663050475,True,22.603429462996946,True
2016-06-14,4.666666666666666,11.37607289327805,True,state_transition__AZ_I10_W::78__2016-06-14__996,13.47476206231519,True,16.57750195560999,True
2016-06-15,0.8333333333333333,3.26205126771471,True,state_transition__AZ_I10_W::78__2016-06-15__997,41.53264291557012,True,2.767213922153697,False
2016-06-15,4.75,18.5246366745517,True,state_transition__AZ_I10_W::78__2016-06-15__998,9.70097843527023,True,24.529914372509705,True
2016-06-16,5.75,23.317355039369417,True,state_transition__AZ_I10_W::78__2016-06-16__999,10.040462536493656,True,23.56983149564402,True
2016-06-17,8.916666666666666,13.428280572711287,True,state_transition__AZ_I10_W::78__2016-06-17__1000,9.334457873321844,True,25.644856300558526,True
2016-06-20,5.666666666666666,12.12672847106718,True,state_transition__AZ_I10_W::78__2016-06-20__1002,14.45109313153066,True,15.196374216355995,True
2016-06-21,4.583333333333333,12.398661633961806,True,state_transition__AZ_I10_W::78__2016-06-21__1003,9.348770580522908,True,25.599677288725957,True
2016-06-23,5.166666666666666,17.55717554723796,True,state_transition__AZ_I10_W::78__2016-06-23__1006,2.887404803706902,True,91.53538823045189,True
2016-06-24,4.666666666666666,8.340209921257243,True,state_transition__AZ_I10_W::78__2016-06-24__1007,7.1604084113556805,True,34.60471311931185,True
2016-06-27,0.5833333333333333,2.760950087496792,True,state_transition__AZ_I10_W::78__2016-06-27__1008,16.722141414137237,True,12.60761106091142,True
2016-06-27,3.4166666666666665,8.624048324932488,True,state_transition__AZ_I10_W::78__2016-06-27__1009,10.953862664226376,True,21.282133985337165,True
2016-07-01,3.75,11.396516502342438,True,state_transition__AZ_I10_W::78__2016-07-01__1014,13.061798160222777,True,17.22382041573994,True
2016-07-06,4.5,25.343478057435025,True,state_transition__AZ_I10_W::78__2016-07-06__1018,5.845320821500114,True,43.25971319614209,True
2016-07-07,4.5,11.238763857396929,True,state_transition__AZ_I10_W::78__2016-07-07__1019,7.9496499175278705,True,30.78542288894496,True
2016-07-08,4.166666666666666,5.69823725996295,True,state_transition__AZ_I10_W::78__2016-07-08__1020,12.209115147593058,True,18.696672032874808,True
2016-07-11,3.75,9.319104105282264,True,state_transition__AZ_I10_W::78__2016-07-11__1022,8.721360794939724,True,27.71936106416677,True
2016-07-12,4.5,13.304859771320082,True,state_transition__AZ_I10_W::78__2016-07-12__1023,9.487190012899896,True,25.16978118801064,True
2016-07-13,4.833333333333333,12.595789805763234,True,state_transition__AZ_I10_W::78__2016-07-13__1024,9.089095541635006,True,26.441486313891318,True
2016-07-15,4.666666666666666,13.838506087752139,True,state_transition__AZ_I10_W::78__2016-07-15__1026,11.720567371247244,True,19.637115640383925,True
2016-07-19,5.0,19.386606836593728,True,state_transition__AZ_I10_W::78__2016-07-19__1030,14.190621931255334,True,15.546251805153549,False
2016-07-20,3.833333333333333,14.615080015100201,True,state_transition__AZ_I10_W::78__2016-07-20__1031,14.76332658255276,True,14.793236858178819,True
2016-07-21,5.25,17.04312970255438,True,state_transition__AZ_I10_W::78__2016-07-21__1032,14.055593824917828,True,15.732731732803328,False
2016-07-22,4.083333333333333,12.966228569114351,True,state_transition__AZ_I10_W::78__2016-07-22__1033,15.55955104674678,True,13.838436063772214,True
2016-07-22,1.0,10.880759352415422,False,,,,,
2016-07-25,5.0,9.569015516578727,True,state_transition__AZ_I10_W::78__2016-07-25__1035,11.04483483427374,True,21.075005141853126,True
2016-07-28,4.75,12.200242872682752,True,state_transition__AZ_I10_W::78__2016-07-28__1038,14.515397877421272,True,15.111929608163175,True
2016-08-01,3.833333333333333,12.982399124194488,True,state_transition__AZ_I10_W::78__2016-08-01__1041,12.160131508629611,True,18.787555968865533,True
2016-08-02,5.166666666666666,24.256283648155247,True,state_transition__AZ_I10_W::78__2016-08-02__1042,4.736727641733683,True,54.288912360439305,True
2016-08-04,5.083333333333333,26.74391285481585,True,state_transition__AZ_I10_W::78__2016-08-04__1044,11.87294616663975,True,19.335484660547404,False
2016-08-05,3.75,7.256065805848392,True,state_transition__AZ_I10_W::78__2016-08-05__1046,17.3879103046002,True,11.976882121392084,True
2016-09-30,5.416666666666666,22.997067021299472,True,state_transition__AZ_I10_W::78__2016-09-30__1095,13.864601280307063,True,16.0027035158762,False
2016-11-07,0.5,6.552513300315551,False,,,,,
2016-11-08,2.75,5.5276019921997115,False,,,,,
2016-11-08,0.6666666666666666,3.526236750555876,False,,,,,
2016-11-08,5.75,26.45443571806824,True,state_transition__AZ_I10_W::78__2016-11-08__1125,12.96906490964236,True,17.374613836798396,False
