date,period,t0,t3,P_h,D_veh,x_h,wt2_h,wbar_h,min_speed_mph,vq_mph
2016-11-01,PM,2016-11-01 14:50:00,2016-11-01 19:30:00,4.666666667,4945.2,3.22947066,0.2039556646,0.04387766209,4.725184578,12.58524831
2016-11-02,PM,2016-11-02 14:15:00,2016-11-02 19:25:00,5.166666667,5564.2,3.633709586,0.3332984424,0.05070452332,2.976190476,13.13516425
2016-11-04,PM,2016-11-04 13:45:00,2016-11-04 19:10:00,5.416666667,6363.8,4.155889627,0.138618297,0.0284456465,6.720089023,16.9186213
2016-11-09,PM,2016-11-09 13:25:00,2016-11-09 19:20:00,5.916666667,6519.2,4.257373842,0.1758653574,0.03508396853,5.41647159,13.98288353
2016-11-10,PM,2016-11-10 14:05:00,2016-11-10 20:15:00,6.166666667,6418.6,4.191676854,0.3217063956,0.04568344914,3.078307831,12.0171698
2016-11-11,MD,2016-11-11 13:25:00,2016-11-11 18:15:00,4.833333333,6148.2,4.015091707,0.06035111291,0.01543569497,13.59607388,22.32156306
2016-11-14,PM,2016-11-14 14:50:00,2016-11-14 19:10:00,4.333333333,4743.2,3.097554241,0.1697319686,0.04047560212,5.595202399,13.72893381
2016-11-15,NT,2016-11-15 00:00:00,2016-11-15 00:40:00,0.6666666667,208,0.1358347281,0.07850004245,0.02513144681,10.9888252,1.733169578
2016-11-15,NT,2016-11-15 04:45:00,2016-11-15 05:25:00,0.6666666667,448.4,0.2928283272,0.02473543874,0.008813610332,25.44218247,5.026684401
2016-11-15,PM,2016-11-15 14:10:00,2016-11-15 19:20:00,5.166666667,5588.6,3.649644045,0.1682299183,0.0424100319,5.640785781,13.29087053
2016-11-16,PM,2016-11-16 13:35:00,2016-11-16 19:35:00,6,6887.4,4.497827433,0.2481382778,0.04167658815,3.935222672,15.74711227
2016-11-17,PM,2016-11-17 15:05:00,2016-11-17 19:50:00,4.75,4894.4,3.19629564,0.1993572604,0.04756002884,4.82601255,11.71526769
2016-11-28,MD,2016-11-28 10:40:00,2016-11-28 11:15:00,0.5833333333,760.4,0.4965804193,0.02205014563,0.00760905745,27.23104528,24.61829103
2016-11-28,PM,2016-11-28 14:20:00,2016-11-28 19:40:00,5.333333333,5199.4,3.395476371,0.2605444057,0.06789753724,3.758773982,10.25468057
2016-11-29,PM,2016-11-29 14:15:00,2016-11-29 19:50:00,5.583333333,5389.6,3.519686781,0.2666756467,0.07470522538,3.677286898,10.02431384
