minute,flow_vph,speed_mph
0,65.6,54.87867781
5,432.6,48.59010903
10,437.6,51.3072442
15,426.4,57.71515153
20,418.2,62.39197751
25,412.6,62.68180232
30,384.6,63.21537461
35,373.8,62.56792482
40,377.4,62.45643115
45,353,62.22478806
50,349.6,61.95379549
55,300,62.50865558
60,302.4,62.90009002
65,298,62.71029257
70,302.8,61.64619137
75,304,62.13452362
80,302,61.86848154
85,281.4,62.7568766
90,290.8,62.5069443
95,298,62.15951021
100,287.8,62.19668794
105,256.6,62.33009238
110,266.6,61.67612505
115,250,61.43212818
120,242.4,61.87874291
125,242.8,61.4263401
130,267,61.69401202
135,267.2,62.04584599
140,255,61.34698008
145,245.2,61.9175486
150,249.8,61.932963
155,239.8,62.18748026
160,254.4,62.90247295
165,258,62.67662679
170,238.4,62.09159989
175,219.4,61.51468481
180,225.2,61.67769974
185,242.4,62.59418403
190,242.8,62.13551748
195,244.2,61.96420547
200,246,62.66757257
205,254.4,62.27209388
210,257,63.33841226
215,286.6,63.46500507
220,321,63.64515072
225,320,63.63627586
230,286,63.89546117
235,284,62.77613772
240,313,63.28193766
245,306.2,63.29617871
250,345.2,63.12273821
255,387.2,63.54474908
260,418.2,63.78584896
265,441,63.40733638
270,455.8,63.90033555
275,530.6,64.99966942
280,541.2,64.39911711
285,569.2,64.67088771
290,551.4,60.71978698
295,577,57.78839438
300,550.8,58.17666458
305,600.8,61.48800998
310,662,64.25452313
315,744.2,65.45320449
320,808,65.45650174
325,870,65.47688869
330,955,65.37492462
335,1031.8,65.05002605
340,1093.8,65.21702895
345,1093.4,65.63868417
350,1090.6,65.11108213
355,1010.4,65.37673877
360,1010.6,64.13924434
365,1008.8,64.35175258
370,1084.8,64.25560064
375,1176.2,63.56870281
380,1187.2,63.91977322
385,1210.4,64.13709021
390,1215.8,64.31138049
395,1259.8,64.09627437
400,1274.8,64.34244252
405,1284.6,64.21371157
410,1243.6,64.24198204
415,1196.2,64.48298684
420,1205.4,64.1216092
425,1186.4,64.31066648
430,1211.2,63.01592822
435,1267,64.00937745
440,1248.8,64.79453073
445,1283.8,64.54367707
450,1222.6,64.58749502
455,1256,64.20199349
460,1282.4,63.314062
465,1220.4,63.15251933
470,1241.4,62.21275245
475,1208.8,63.00629519
480,1132.6,64.03422075
485,1147,64.21070642
490,1111,64.65126892
495,1137.8,64.55243254
500,1089.2,64.4235927
505,1132.4,63.86630506
510,1159.6,63.4340235
515,1140.8,64.41175036
520,1170.6,64.0986073
525,1137.4,64.23196159
530,1095.2,64.73122948
535,1099,64.20135647
540,1151.4,64.57299301
545,1211.8,64.2693687
550,1240,64.25029959
555,1223.4,64.38812328
560,1221.4,64.83685369
565,1199.8,64.68646427
570,1295.6,64.9342748
575,1265.4,65.04634005
580,1301.4,64.59693399
585,1314,64.43927734
590,1241,64.43771597
595,1248,65.08357941
600,1286.4,64.87536894
605,1267.8,64.66267764
610,1282.2,64.43870983
615,1227.6,64.22327203
620,1291.4,63.89577727
625,1285,64.65084176
630,1298.4,64.70725459
635,1271.6,64.7503795
640,1378.6,62.41669571
645,1277.6,58.04942342
650,1276.8,58.72823695
655,1319.8,62.57863321
660,1349.6,62.56384767
665,1316.8,64.46769873
670,1281.8,64.56288378
675,1379.6,63.82196259
680,1396.6,63.38882912
685,1361.6,64.12897901
690,1305.8,64.14325336
695,1440.6,62.62277553
700,1375.4,62.67094909
705,1393,62.09133016
710,1391.6,62.72793364
715,1438.4,62.16008676
720,1396.6,62.68843779
725,1469,64.08131202
730,1471.6,62.70755937
735,1508.8,61.38773393
740,1470,58.86686561
745,1519.4,60.31524839
750,1529.6,59.40091272
755,1523.4,58.33713699
760,1489.2,58.41683793
765,1476.4,58.13382438
770,1497.6,59.29170256
775,1508.2,59.56488443
780,1495.2,59.99103877
785,1501.2,60.52572028
790,1529.2,59.08399488
795,1553.2,57.82071851
800,1492.8,56.22292331
805,1578.8,54.71744042
810,1530.2,52.27309748
815,1503.8,49.39447627
820,1571.6,50.52212606
825,1562.8,48.84178705
830,1519,49.9346702
835,1587.4,49.39578611
840,1529.8,48.37427023
845,1492,48.06185449
850,1484,47.36940543
855,1441.8,46.80038144
860,1480.4,45.70480452
865,1402.4,45.13551769
870,1438.4,46.7538838
875,1383.8,46.21524773
880,1330.4,41.23179882
885,1381.6,39.13743423
890,1388.6,40.50457598
895,1304.8,39.72400942
900,1248.6,37.86057498
905,1223.8,28.86959373
910,1173.8,27.47060965
915,1185,26.13186085
920,1191.4,27.38097901
925,1160,25.12362924
930,1135,24.56352979
935,1134.8,23.62252635
940,1078.4,21.24691237
945,1046.6,18.32900293
950,1054.8,16.05857484
955,1063.8,16.33791413
960,1091.2,17.02925382
965,999,16.0083112
970,984.8,12.9920176
975,969.8,12.86663093
980,974.4,12.74514663
985,972.4,12.49888479
990,947.6,12.99960384
995,909.8,10.36141511
1000,848.8,8.645758924
1005,932.6,10.14897581
1010,894.6,9.120583901
1015,859,9.147653084
1020,861.4,8.776724346
1025,876.8,9.828669294
1030,761.4,7.70058684
1035,757.6,6.686485005
1040,814.2,7.54798948
1045,822,8.659129469
1050,835.6,7.648856366
1055,850,8.577482662
1060,855.4,8.311818721
1065,836,7.480449882
1070,858.2,8.346496109
1075,919,9.550545861
1080,955.8,12.69943969
1085,971.8,14.8573007
1090,964.2,13.02617983
1095,1074.2,16.31952152
1100,1017.4,16.39421008
1105,1110.4,19.90142167
1110,1142.6,22.0725381
1115,1143.2,23.50439408
1120,1154,25.4351217
1125,1141.8,23.02189621
1130,1222.4,24.65873698
1135,1216.2,33.42533117
1140,1218.8,36.98833165
1145,1290,42.9073815
1150,1196.8,43.57544805
1155,1299.8,44.16825451
1160,1269.6,49.44092929
1165,1276,55.15187688
1170,1217.2,55.88671155
1175,1183.4,59.60356873
1180,1192.4,60.10235318
1185,1180.8,61.99117011
1190,1127.2,61.14304783
1195,1083.4,61.25210884
1200,1096,63.84553046
1205,1054.2,64.60517711
1210,1140.8,64.63187032
1215,1125,64.87470823
1220,1125.6,64.66043512
1225,1155.6,64.2359236
1230,1071.6,64.52669376
1235,1037.4,64.73250842
1240,1059.2,64.71004204
1245,1050.2,64.8204544
1250,1027.4,64.81754402
1255,1014.6,63.97271355
1260,1004.6,63.93990257
1265,974.8,64.25391215
1270,1089.8,63.88743567
1275,1050.8,64.18175321
1280,1030.2,64.74329461
1285,1044.2,63.97924411
1290,973.6,64.19696091
1295,973,64.35317748
1300,969.2,64.19737378
1305,916,64.42304578
1310,872.6,64.10790717
1315,865,64.45702192
1320,823.6,64.34757215
1325,911.4,64.28617302
1330,949.4,63.83605591
1335,949,64.83509444
1340,876.4,64.69546666
1345,816.2,64.57913019
1350,806.8,64.43419856
1355,826.6,64.45831343
1360,813.6,64.45297808
1365,771.6,64.36278218
1370,701.8,63.99856141
1375,696.6,64.12279791
1380,642.2,64.08510013
1385,631.6,63.6168829
1390,766.8,63.71343656
1395,705.8,64.40547561
1400,632.6,64.42446875
1405,610.2,64.08096617
1410,587.4,64.26461395
1415,606.2,64.06288408
1420,605.6,63.6840281
1425,535,63.62553879
1430,467.6,62.97537809
1435,441,60.9226364
