objective,UE_count_surrogate,worst_UE_y_surrogate,SO_y_surrogate,UE_total_surrogate,SO_total_surrogate,PoA_surrogate,UE_count_full,worst_UE_y_full,SO_y_full,UE_total_full,SO_total_full,PoA_full,absolute_PoA_difference
time,1,1546.03957812,369.66982766,103.80870010264856,95.44294859280697,1.0876518551992018,1,1546.03957812,369.66982766,103.80870010264856,95.44294859280697,1.0876518551992018,0.0
CO2,1,2626.5472575247586,2626.5472575247586,1212117.7766545783,1212117.7766545783,1.0,1,2626.5472575247586,2626.5472575247586,1209144.162820763,1209144.162820763,1.0,0.0
NOx,1,2626.5472575247586,2626.5472575247586,1154.16897717951,1154.16897717951,1.0,1,2626.5472575247586,2626.5472575247586,1156.5553814283112,1156.5553814283112,1.0,0.0
CO,1,2626.5472575247586,2196.1771815706725,9915.011597146666,9858.094685426546,1.0057736219357136,1,2626.5472575247586,2211.5409401,9910.330307017131,9858.940026867504,1.0052125563204137,0.0005610656152998938
HC,1,2626.5472575247586,2072.02882882,420.7101950851985,416.41341003759203,1.0103185558966954,1,2626.5472575247586,2086.82243361,420.45235504141374,416.5313318714633,1.0094135131499793,0.0009050427467161004
generalized_eta0,1,1546.03957812,369.66982766,103.80870010264856,95.44294859280697,1.0876518551992018,1,1546.03957812,369.66982766,103.80870010264856,95.44294859280697,1.0876518551992018,0.0
generalized_eta0.25,1,2027.81931936,619.08267158,129.76087512832692,117.02024991319013,1.1088753888714837,1,2025.55866924,614.0704994600491,129.7608751283915,117.01840422670182,1.1088928787390013,1.748986751759496e-05
generalized_eta1,1,2626.5472575247586,1230.45702808,193.06895352609408,177.8516670354084,1.0855616747615644,1,2626.5472575247586,1216.27968894,192.9053205463424,177.99857250578907,1.0837464471242797,0.0018152276372846998
generalized_eta4,1,2626.5472575247586,2418.9174719344064,393.1713757187337,392.5505738621473,1.0015814570094208,1,2626.5472575247586,2525.1407268535004,392.5168437997269,392.39293964904437,1.0003157654946426,0.0012656915147781778
