assignment,surrogate_share,full_model_share,absolute_share_difference,surrogate_travel_time_veh_h,full_at_surrogate_travel_time_veh_h,full_at_own_travel_time_veh_h,same_assignment_relative_error_travel_time_veh_h,surrogate_CO2_g,full_at_surrogate_CO2_g,full_at_own_CO2_g,same_assignment_relative_error_CO2_g,surrogate_NOx_g,full_at_surrogate_NOx_g,full_at_own_NOx_g,same_assignment_relative_error_NOx_g,surrogate_CO_g,full_at_surrogate_CO_g,full_at_own_CO_g,same_assignment_relative_error_CO_g,surrogate_HC_g,full_at_surrogate_HC_g,full_at_own_HC_g,same_assignment_relative_error_HC_g
time_UE,0.5886205068996085,0.5886205068996085,0.0,103.80870010264856,103.80870010264856,103.80870010264856,0.0,1359320.8649407867,1362894.318005797,1362894.318005797,-0.002621959030718517,1655.21258017557,1653.9280810820228,1653.9280810820228,0.0007766353980198301,9986.432044621315,9990.168847343266,9990.168847343266,-0.0003740480044984051,420.2139054828385,420.4290483963931,420.4290483963931,-0.0005117222855442272
time_SO,0.14074364228587097,0.14074364228587097,0.0,95.44294859280697,95.44294859280697,95.44294859280697,0.0,1596933.4711357018,1595768.1494202358,1595768.1494202358,0.000730257535149675,2172.8219730726246,2172.7889605843447,2172.7889605843447,1.5193600887478262e-05,10854.658140972308,10854.182397861096,10854.182397861096,4.38303958578969e-05,455.309903989234,455.2765815141534,455.2765815141534,7.319171781196758e-05
CO2_UE,1.0,1.0,0.0,126.36814612854755,126.36814612854755,126.36814612854755,0.0,1212117.7766545783,1209144.162820763,1209144.162820763,0.002459271545320372,1154.16897717951,1156.5553814283112,1156.5553814283112,-0.0020633722233466155,9915.011597146666,9910.330307017131,9910.330307017131,0.00047236469265001923,420.7101950851985,420.45235504141374,420.45235504141374,0.0006132443799949008
CO2_SO,1.0,1.0,0.0,126.36814612854755,126.36814612854755,126.36814612854755,0.0,1212117.7766545783,1209144.162820763,1209144.162820763,0.002459271545320372,1154.16897717951,1156.5553814283112,1156.5553814283112,-0.0020633722233466155,9915.011597146666,9910.330307017131,9910.330307017131,0.00047236469265001923,420.7101950851985,420.45235504141374,420.45235504141374,0.0006132443799949008
NOx_UE,1.0,1.0,0.0,126.36814612854755,126.36814612854755,126.36814612854755,0.0,1212117.7766545783,1209144.162820763,1209144.162820763,0.002459271545320372,1154.16897717951,1156.5553814283112,1156.5553814283112,-0.0020633722233466155,9915.011597146666,9910.330307017131,9910.330307017131,0.00047236469265001923,420.7101950851985,420.45235504141374,420.45235504141374,0.0006132443799949008
NOx_SO,1.0,1.0,0.0,126.36814612854755,126.36814612854755,126.36814612854755,0.0,1212117.7766545783,1209144.162820763,1209144.162820763,0.002459271545320372,1154.16897717951,1156.5553814283112,1156.5553814283112,-0.0020633722233466155,9915.011597146666,9910.330307017131,9910.330307017131,0.00047236469265001923,420.7101950851985,420.45235504141374,420.45235504141374,0.0006132443799949008
CO_UE,1.0,1.0,0.0,126.36814612854755,126.36814612854755,126.36814612854755,0.0,1212117.7766545783,1209144.162820763,1209144.162820763,0.002459271545320372,1154.16897717951,1156.5553814283112,1156.5553814283112,-0.0020633722233466155,9915.011597146666,9910.330307017131,9910.330307017131,0.00047236469265001923,420.7101950851985,420.45235504141374,420.45235504141374,0.0006132443799949008
CO_SO,0.8361460755289573,0.8419954880934228,0.005849412564465584,115.66582270760563,115.66582270760563,116.0086926768835,0.0,1261106.1073134546,1263099.4025881067,1261004.7418126834,-0.0015780985016442789,1356.316079996617,1356.4229395652349,1349.3239436086612,-7.878041980928407e-05,9858.094685426546,9859.010274483797,9858.940026867504,-9.286825267042266e-05,416.6273996055232,416.69170534933164,416.7399626494239,-0.000154324511342386
HC_UE,1.0,1.0,0.0,126.36814612854755,126.36814612854755,126.36814612854755,0.0,1212117.7766545783,1209144.162820763,1209144.162820763,0.002459271545320372,1154.16897717951,1156.5553814283112,1156.5553814283112,-0.0020633722233466155,9915.011597146666,9910.330307017131,9910.330307017131,0.00047236469265001923,420.7101950851985,420.45235504141374,420.45235504141374,0.0006132443799949008
HC_SO,0.788879325465732,0.794511664555622,0.005632339089890026,113.0015410524302,113.0015410524302,113.30909212525987,0.0,1277710.876525261,1280477.8569983677,1278364.8980169594,-0.002160896776140233,1414.0137643892974,1413.680341940698,1406.8676723822546,0.00023585420176501853,9862.803153082534,9864.727857727925,9863.565917025491,-0.0001951097560064274,416.41341003759203,416.534263569612,416.5313318714633,-0.0002901406741051139
generalized_UE_eta0,0.5886205068996085,0.5886205068996085,0.0,103.80870010264856,103.80870010264856,103.80870010264856,0.0,1359320.8649407867,1362894.318005797,1362894.318005797,-0.002621959030718517,1655.21258017557,1653.9280810820228,1653.9280810820228,0.0007766353980198301,9986.432044621315,9990.168847343266,9990.168847343266,-0.0003740480044984051,420.2139054828385,420.4290483963931,420.4290483963931,-0.0005117222855442272
generalized_SO_eta0,0.14074364228587097,0.14074364228587097,0.0,95.44294859280697,95.44294859280697,95.44294859280697,0.0,1596933.4711357018,1595768.1494202358,1595768.1494202358,0.000730257535149675,2172.8219730726246,2172.7889605843447,2172.7889605843447,1.5193600887478262e-05,10854.658140972308,10854.182397861096,10854.182397861096,4.38303958578969e-05,455.309903989234,455.2765815141534,455.2765815141534,7.319171781196758e-05
generalized_UE_eta0.25,0.772047528766341,0.7711868360399781,0.0008606927263629105,112.0984478049756,112.0984478049756,112.0529124057044,0.0,1283879.03971856,1286859.9325270224,1287189.0006713877,-0.002316408128900927,1434.4912801064654,1434.022645480791,1435.0621640419608,0.0003267972281688194,9866.749354088086,9868.974343258831,9869.22265046278,-0.00022545292888161083,416.4404741362805,416.57794894937575,416.5815885160828,-0.0003300098179511635
generalized_SO_eta0.25,0.23570208752437205,0.23379381341828404,0.0019082741060880148,95.81720748627328,95.81720748627328,95.80230571507764,0.0,1541245.7898236783,1541123.197587604,1542194.8345495053,7.954733032783222e-05,2065.936630927041,2065.4582803527223,2067.6317294557443,0.00023159536983569302,10603.940754033938,10604.685785504245,10609.35274388147,-7.025493120463461e-05,444.9029717172398,444.9364256076076,445.12885827100615,-7.51880233723832e-05
generalized_UE_eta1,1.0,1.0,0.0,126.36814612854755,126.36814612854755,126.36814612854755,0.0,1212117.7766545783,1209144.162820763,1209144.162820763,0.002459271545320372,1154.16897717951,1156.5553814283112,1156.5553814283112,-0.0020633722233466155,9915.011597146666,9910.330307017131,9910.330307017131,0.00047236469265001923,420.7101950851985,420.45235504141374,420.45235504141374,0.0006132443799949008
generalized_SO_eta1,0.46846940391225816,0.4630716943909908,0.005397709521267391,99.91557656697215,99.91557656697215,99.76915732416307,0.0,1416290.5125976908,1418987.202278629,1421620.9443130116,-0.001900432700596427,1797.2346006130333,1795.9619023439395,1802.3003840337205,0.00070864435789688,10140.14281004524,10143.461934699979,10151.712032420897,-0.00032721813086170943,426.0876577730561,426.2727855322685,426.59641670626127,-0.00043429410812894574
generalized_UE_eta4,1.0,1.0,0.0,126.36814612854755,126.36814612854755,126.36814612854755,0.0,1212117.7766545783,1209144.162820763,1209144.162820763,0.002459271545320372,1154.16897717951,1156.5553814283112,1156.5553814283112,-0.0020633722233466155,9915.011597146666,9910.330307017131,9910.330307017131,0.00047236469265001923,420.7101950851985,420.45235504141374,420.45235504141374,0.0006132443799949008
generalized_SO_eta4,0.9209495336527769,0.9613916976438401,0.04044216399106326,120.92045153737067,120.92045153737067,123.64119153618441,0.0,1234046.9058431145,1233947.0525821,1220970.1205452478,8.092183599409581e-05,1252.0996243668415,1253.2335736453495,1203.829003061425,-0.0009048187842667011,9873.307928727554,9871.756079527438,9888.266748577507,0.00015720092632089214,418.08975564121386,418.0132523327525,419.11519144196336,0.00018301646666571262
