episode_id,corridor,period,sensor_uid,date,calibration_eligible,P_hat_h,physical_predicted_pass,profile_closed_pass,cubic_domain_pass,matched_ladder_pass,physical_failure_reason,x_h,P_h,vt2_obs_mph,within_fitted_denominator,sequential_reason
state_transition__AZ_I10_W::137__2016-01-01__001,AZ_I10_W,PM,AZ_I10_W::137,2016-01-01,True,5.725204018090353,False,False,False,False,queue_exceeds_link,4.316549704574734,4.833333333333333,12.400696294004607,True,finite_link_admission
state_transition__AZ_I10_W::137__2016-02-01__002,AZ_I10_W,PM,AZ_I10_W::137,2016-02-01,True,5.837714239076484,False,False,False,False,queue_exceeds_link,4.418579389325403,5.25,11.340375276362249,True,finite_link_admission
state_transition__AZ_I10_W::137__2016-03-01__003,AZ_I10_W,PM,AZ_I10_W::137,2016-03-01,True,6.9245560840590015,False,False,False,False,queue_exceeds_link,5.423677550511344,6.333333333333333,12.53023045539232,True,finite_link_admission
state_transition__AZ_I10_W::137__2016-04-01__004,AZ_I10_W,PM,AZ_I10_W::137,2016-04-01,True,4.736635026877573,True,True,True,True,,3.4380774955821267,4.416666666666667,16.884458619239737,True,retained_common_cohort
state_transition__AZ_I10_W::137__2016-06-01__005,AZ_I10_W,PM,AZ_I10_W::137,2016-06-01,True,4.227162631989268,True,True,True,True,,2.9990865049314666,4.083333333333333,26.24569894278272,True,retained_common_cohort
state_transition__AZ_I10_W::137__2016-08-01__006,AZ_I10_W,PM,AZ_I10_W::137,2016-08-01,True,4.566078817304861,True,True,True,True,,3.29000764775099,4.333333333333333,17.949905213834867,True,retained_common_cohort
state_transition__AZ_I10_W::137__2016-09-01__007,AZ_I10_W,PM,AZ_I10_W::137,2016-09-01,True,4.722388574150186,True,True,True,True,,3.4256678268603733,4.666666666666667,18.078875926321576,True,retained_common_cohort
state_transition__AZ_I10_W::137__2016-11-01__008,AZ_I10_W,PM,AZ_I10_W::137,2016-11-01,True,5.499367874551415,True,True,True,True,,4.112967754305078,5.333333333333333,13.602349003738126,True,retained_common_cohort
state_transition__AZ_I10_W::137__2016-12-01__009,AZ_I10_W,PM,AZ_I10_W::137,2016-12-01,True,5.525002165917369,True,True,True,True,,4.135993047481108,5.666666666666667,12.150761501999911,True,retained_common_cohort
state_transition__AZ_I10_W::139__2016-01-01__010,AZ_I10_W,PM,AZ_I10_W::139,2016-01-01,True,5.622318049918002,False,False,False,False,queue_exceeds_link,4.223598714056379,5.75,13.65761290131204,True,finite_link_admission
state_transition__AZ_I10_W::139__2016-02-01__011,AZ_I10_W,PM,AZ_I10_W::139,2016-02-01,True,5.690622307793407,False,False,False,False,queue_exceeds_link,4.285269643911275,5.666666666666667,12.67732138988274,True,finite_link_admission
state_transition__AZ_I10_W::139__2016-03-01__012,AZ_I10_W,PM,AZ_I10_W::139,2016-03-01,True,7.412779418892253,False,False,False,False,queue_exceeds_link,5.885911238721851,7.416666666666667,12.565516975565744,True,finite_link_admission
state_transition__AZ_I10_W::139__2016-04-01__013,AZ_I10_W,PM,AZ_I10_W::139,2016-04-01,True,5.410642129512548,False,False,False,False,queue_exceeds_link,4.033438830611923,5.333333333333333,15.124389625678248,True,finite_link_admission
state_transition__AZ_I10_W::139__2016-06-01__014,AZ_I10_W,PM,AZ_I10_W::139,2016-06-01,True,5.982546319872166,False,False,False,False,queue_exceeds_link,4.550500644168922,5.75,17.40516289981496,True,finite_link_admission
state_transition__AZ_I10_W::141__2016-01-01__015,AZ_I10_W,PM,AZ_I10_W::141,2016-01-01,True,2.4354524157628923,True,True,True,True,,1.5471114266555968,2.333333333333333,26.06677146203805,True,retained_common_cohort
state_transition__AZ_I10_W::141__2016-02-01__016,AZ_I10_W,PM,AZ_I10_W::141,2016-02-01,True,3.754458402555423,True,True,True,True,,2.6011451328853186,3.75,25.49686711074941,True,retained_common_cohort
state_transition__AZ_I10_W::141__2016-03-01__017,AZ_I10_W,PM,AZ_I10_W::141,2016-03-01,True,4.08112883895718,True,True,True,True,,2.875146411882082,4.25,18.033326451404893,True,retained_common_cohort
state_transition__AZ_I10_W::141__2016-06-01__018,AZ_I10_W,PM,AZ_I10_W::141,2016-06-01,True,2.470532840098206,True,True,True,True,,1.5739012349093728,2.25,33.283368898039456,True,retained_common_cohort
state_transition__AZ_I10_W::141__2016-08-01__019,AZ_I10_W,PM,AZ_I10_W::141,2016-08-01,True,3.663249081023562,True,True,True,True,,2.525474098461321,4.083333333333333,35.87358507016269,True,retained_common_cohort
state_transition__AZ_I10_W::141__2016-09-01__020,AZ_I10_W,MD,AZ_I10_W::141,2016-09-01,True,2.8737456903150203,True,True,True,True,,2.189355270715484,3.0,26.914142764956928,True,retained_common_cohort
state_transition__AZ_I10_W::141__2016-11-01__021,AZ_I10_W,MD,AZ_I10_W::141,2016-11-01,True,0.6090216081283333,True,True,True,True,,0.5172937502363947,0.5833333333333334,39.881738700893,True,retained_common_cohort
state_transition__AZ_I10_W::141__2016-11-01__022,AZ_I10_W,PM,AZ_I10_W::141,2016-11-01,True,3.2722889255417797,True,True,True,True,,2.2054835195089515,3.333333333333333,22.62841559086655,True,retained_common_cohort
state_transition__AZ_I10_W::141__2016-12-01__023,AZ_I10_W,PM,AZ_I10_W::141,2016-12-01,True,3.309299984398195,True,True,True,True,,2.235462229873738,3.4166666666666665,27.19641860185008,True,retained_common_cohort
state_transition__AZ_I10_W::78__2016-01-01__024,AZ_I10_W,PM,AZ_I10_W::78,2016-01-01,True,4.80919449459442,False,False,False,False,queue_exceeds_link,3.50139766829353,4.75,9.92144322383536,True,finite_link_admission
state_transition__AZ_I10_W::78__2016-02-01__025,AZ_I10_W,PM,AZ_I10_W::78,2016-02-01,True,4.563184602548488,False,False,False,False,queue_exceeds_link,3.287504448594414,4.666666666666667,7.07206209956628,True,finite_link_admission
state_transition__AZ_I10_W::78__2016-03-01__026,AZ_I10_W,PM,AZ_I10_W::78,2016-03-01,True,4.805480521201011,False,False,False,False,queue_exceeds_link,3.498151933696963,5.0,8.869607070872544,True,finite_link_admission
state_transition__AZ_I10_W::78__2016-04-01__027,AZ_I10_W,PM,AZ_I10_W::78,2016-04-01,True,4.371538409470127,True,True,True,True,,3.1224662366062472,4.5,8.592804560660786,True,retained_common_cohort
state_transition__AZ_I10_W::78__2016-06-01__028,AZ_I10_W,MD,AZ_I10_W::78,2016-06-01,True,0.651892104261302,True,True,True,True,,0.5510730732729925,0.5833333333333334,36.48086513207508,True,retained_common_cohort
state_transition__AZ_I10_W::78__2016-06-01__029,AZ_I10_W,PM,AZ_I10_W::78,2016-06-01,True,4.266286280557326,True,True,True,True,,3.0324383432489093,4.333333333333333,12.492541233662577,True,retained_common_cohort
state_transition__AZ_I10_W::78__2016-08-01__030,AZ_I10_W,PM,AZ_I10_W::78,2016-08-01,True,5.10811362570703,False,False,False,False,queue_exceeds_link,3.764251968281159,5.166666666666667,8.129924858447836,True,finite_link_admission
state_transition__AZ_I10_W::78__2016-09-01__031,AZ_I10_W,PM,AZ_I10_W::78,2016-09-01,True,5.167957789054831,False,False,False,False,queue_exceeds_link,3.817253290121704,5.416666666666667,8.3638068314543,True,finite_link_admission
state_transition__AZ_I10_W::78__2016-11-01__032,AZ_I10_W,PM,AZ_I10_W::78,2016-11-01,True,4.614294132923054,False,False,False,False,queue_exceeds_link,3.3317556134574047,4.75,6.686485004887182,True,finite_link_admission
state_transition__AZ_I10_W::78__2016-12-01__033,AZ_I10_W,PM,AZ_I10_W::78,2016-12-01,True,5.462090050070428,False,False,False,False,queue_exceeds_link,4.079522371886638,5.666666666666667,7.783620775482156,True,finite_link_admission
state_transition__AZ_I10_W::84__2016-01-01__034,AZ_I10_W,PM,AZ_I10_W::84,2016-01-01,True,4.789417119236787,False,False,False,False,queue_exceeds_link,3.4841195170559653,4.833333333333333,11.52013262715258,True,finite_link_admission
state_transition__AZ_I10_W::84__2016-02-01__035,AZ_I10_W,PM,AZ_I10_W::84,2016-02-01,True,5.723728144204735,False,False,False,False,queue_exceeds_link,4.315213962684267,5.75,9.963274111045832,True,finite_link_admission
state_transition__AZ_I10_W::84__2016-03-01__036,AZ_I10_W,MD,AZ_I10_W::84,2016-03-01,True,0.6668767632874949,True,True,True,True,,0.5628428405743737,0.5833333333333334,46.17201089283403,True,retained_common_cohort
state_transition__AZ_I10_W::84__2016-03-01__037,AZ_I10_W,PM,AZ_I10_W::84,2016-03-01,True,5.502022639491753,False,False,False,False,queue_exceeds_link,4.115351326734475,5.666666666666667,10.286141565764602,True,finite_link_admission
state_transition__AZ_I10_W::84__2016-04-01__038,AZ_I10_W,PM,AZ_I10_W::84,2016-04-01,True,5.284714484835947,False,False,False,False,queue_exceeds_link,3.9210130380978794,5.333333333333333,9.920126265022104,True,finite_link_admission
state_transition__AZ_I10_W::84__2016-06-01__039,AZ_I10_W,PM,AZ_I10_W::84,2016-06-01,False,8.454373882114695,False,False,False,False,queue_exceeds_link,6.892218051826852,10.416666666666666,11.25231572664404,False,not_calibration_eligible
state_transition__AZ_I10_W::84__2016-08-01__040,AZ_I10_W,PM,AZ_I10_W::84,2016-08-01,True,5.598169148653397,False,False,False,False,queue_exceeds_link,4.201830832945389,5.833333333333333,9.953824469225502,True,finite_link_admission
state_transition__AZ_I10_W::84__2016-09-01__041,AZ_I10_W,PM,AZ_I10_W::84,2016-09-01,True,5.917469590370636,False,False,False,False,queue_exceeds_link,4.491144936581132,6.25,11.159200700775587,True,finite_link_admission
state_transition__AZ_I10_W::84__2016-11-01__042,AZ_I10_W,PM,AZ_I10_W::84,2016-11-01,True,5.505088716050451,False,False,False,False,queue_exceeds_link,4.118104480884901,5.75,9.106381001739782,True,finite_link_admission
state_transition__AZ_I10_W::84__2016-12-01__043,AZ_I10_W,MD,AZ_I10_W::84,2016-12-01,True,0.5469714219136238,True,True,True,True,,0.4681022684444174,0.5,43.29472749494519,True,retained_common_cohort
state_transition__AZ_I10_W::84__2016-12-01__044,AZ_I10_W,PM,AZ_I10_W::84,2016-12-01,True,5.478932304136061,False,False,False,False,queue_exceeds_link,4.094627467968154,5.75,10.375885556045969,True,finite_link_admission
state_transition__PeMS::D12_I405_N::L405N-001__2025-10-01__045,D12_I405_N,PM,PeMS::D12_I405_N::L405N-001,2025-10-01,True,3.602990759246849,False,False,False,False,queue_exceeds_link,3.4092941394506235,3.5,36.1695652173913,True,finite_link_admission
state_transition__PeMS::D12_I405_N::L405N-002__2025-10-01__046,D12_I405_N,PM,PeMS::D12_I405_N::L405N-002,2025-10-01,True,1.3502692782520032,True,True,True,True,,1.2779560129337062,1.3333333333333333,48.6695652173913,True,retained_common_cohort
state_transition__PeMS::D12_I405_N::L405N-016__2025-10-01__047,D12_I405_N,PM,PeMS::D12_I405_N::L405N-016,2025-10-01,True,4.949885199010266,False,False,False,False,queue_exceeds_link,4.683450868526896,4.833333333333333,35.44761904761906,True,finite_link_admission
state_transition__PeMS::D12_I405_N::L405N-027__2025-10-01__048,D12_I405_N,PM,PeMS::D12_I405_N::L405N-027,2025-10-01,True,4.048010684943781,False,False,False,False,queue_exceeds_link,3.8302912333701338,4.0,34.708695652173915,True,finite_link_admission
state_transition__PeMS::D12_I405_N::L405N-063__2025-10-01__049,D12_I405_N,PM,PeMS::D12_I405_N::L405N-063,2025-10-01,True,4.26285840855807,False,False,False,False,queue_exceeds_link,4.033537423933629,4.333333333333333,33.695652173913054,True,finite_link_admission
state_transition__PeMS::D12_I405_N::L405N-065__2025-10-01__050,D12_I405_N,PM,PeMS::D12_I405_N::L405N-065,2025-10-01,True,1.7067684115250037,True,True,True,True,,1.6152793049740526,1.8333333333333333,43.94,True,retained_common_cohort
state_transition__PeMS::D12_I405_N::L405N-071__2025-10-01__051,D12_I405_N,PM,PeMS::D12_I405_N::L405N-071,2025-10-01,True,4.515689308192791,False,False,False,False,queue_exceeds_link,4.272712849891377,4.666666666666667,32.10000000000001,True,finite_link_admission
state_transition__PeMS::D12_I405_N::L405N-074__2025-10-01__052,D12_I405_N,PM,PeMS::D12_I405_N::L405N-074,2025-10-01,True,3.371714146705994,False,False,False,False,queue_exceeds_link,3.1904977231544374,3.25,38.14565217391304,True,finite_link_admission
state_transition__PeMS::D12_I405_N::L405N-076__2025-10-01__053,D12_I405_N,AM,PeMS::D12_I405_N::L405N-076,2025-10-01,True,1.3855762322159408,True,True,True,True,,1.275768271616504,1.6666666666666667,44.21739130434783,True,retained_common_cohort
state_transition__PeMS::D12_I405_N::L405N-080__2025-10-01__054,D12_I405_N,PM,PeMS::D12_I405_N::L405N-080,2025-10-01,True,0.5934367793082401,True,True,True,True,,0.5617575031607657,0.5833333333333334,49.81304347826087,True,retained_common_cohort
state_transition__PeMS::D12_I405_N::L405N-086__2025-10-01__055,D12_I405_N,PM,PeMS::D12_I405_N::L405N-086,2025-10-01,True,2.6761217972188804,False,False,False,False,queue_exceeds_link,2.5324200398325094,2.583333333333333,43.77391304347825,True,finite_link_admission
state_transition__PeMS::D12_I405_N::L405N-087__2025-10-01__056,D12_I405_N,PM,PeMS::D12_I405_N::L405N-087,2025-10-01,True,2.160682246662868,False,False,False,False,queue_exceeds_link,2.0447551138261177,2.1666666666666665,42.44347826086957,True,finite_link_admission
state_transition__PeMS::D12_I405_N::L405N-091__2025-10-01__057,D12_I405_N,PM,PeMS::D12_I405_N::L405N-091,2025-10-01,True,4.475477322215818,False,False,False,False,queue_exceeds_link,4.234672927805158,4.416666666666667,30.13478260869565,True,finite_link_admission
state_transition__PeMS::D12_I405_N::L405N-095__2025-10-01__058,D12_I405_N,PM,PeMS::D12_I405_N::L405N-095,2025-10-01,True,3.269046564335804,False,False,False,False,queue_exceeds_link,3.093369259994878,3.1666666666666665,36.081818181818186,True,finite_link_admission
state_transition__PeMS::D12_I405_N::L405N-100__2025-10-01__059,D12_I405_N,PM,PeMS::D12_I405_N::L405N-100,2025-10-01,True,3.387642896725455,False,False,False,False,queue_exceeds_link,3.205567026515257,3.75,44.69130434782609,True,finite_link_admission
state_transition__PeMS::D12_I405_N::L405N-110__2025-10-01__060,D12_I405_N,PM,PeMS::D12_I405_N::L405N-110,2025-10-01,False,5.118308334979571,False,False,False,False,queue_exceeds_link,4.8427725904233725,5.333333333333333,14.65217391304348,False,not_calibration_eligible
state_transition__PeMS::D12_I405_N::L405N-116__2025-10-01__061,D12_I405_N,PM,PeMS::D12_I405_N::L405N-116,2025-10-01,False,4.533200726965609,False,False,False,False,queue_exceeds_link,4.289278360076777,4.916666666666667,23.3304347826087,False,not_calibration_eligible
state_transition__PeMS::D12_I405_N::L405N-126__2025-10-01__062,D12_I405_N,PM,PeMS::D12_I405_N::L405N-126,2025-10-01,False,0.8616263789529353,False,False,False,False,queue_exceeds_link,0.8155631999748676,0.9166666666666666,43.15652173913043,False,not_calibration_eligible
state_transition__PeMS::D12_I405_N::L405N-134__2025-10-01__063,D12_I405_N,PM,PeMS::D12_I405_N::L405N-134,2025-10-01,False,1.247733731706053,False,False,False,False,queue_exceeds_link,1.180932337083866,1.25,43.79090909090909,False,not_calibration_eligible
state_transition__PeMS::D12_I405_S::L405S-004__2025-10-01__064,D12_I405_S,AM,PeMS::D12_I405_S::L405S-004,2025-10-01,True,,False,False,False,False,invalid_queue_speed,2.5494279248136045,2.75,25.98695652173913,False,unsupported_fitted_model
state_transition__PeMS::D12_I405_S::L405S-005__2025-10-01__065,D12_I405_S,AM,PeMS::D12_I405_S::L405S-005,2025-10-01,True,,False,False,False,False,invalid_queue_speed,2.0102788953546367,2.333333333333333,22.10434782608696,False,unsupported_fitted_model
state_transition__PeMS::D12_I405_S::L405S-020__2025-10-01__066,D12_I405_S,AM,PeMS::D12_I405_S::L405S-020,2025-10-01,True,,False,False,False,False,invalid_queue_speed,2.058943218784933,2.1666666666666665,43.21363636363637,False,unsupported_fitted_model
state_transition__PeMS::D12_I405_S::L405S-020__2025-10-01__067,D12_I405_S,PM,PeMS::D12_I405_S::L405S-020,2025-10-01,True,,False,False,False,False,invalid_queue_speed,0.4858720266526158,0.5833333333333334,45.57272727272726,False,unsupported_fitted_model
state_transition__PeMS::D12_I405_S::L405S-024__2025-10-01__068,D12_I405_S,AM,PeMS::D12_I405_S::L405S-024,2025-10-01,True,,False,False,False,False,invalid_queue_speed,0.8239140407580425,0.9166666666666666,46.15000000000001,False,unsupported_fitted_model
state_transition__PeMS::D12_I405_S::L405S-108__2025-10-01__069,D12_I405_S,AM,PeMS::D12_I405_S::L405S-108,2025-10-01,False,,False,False,False,False,invalid_queue_speed,1.5071751829827094,1.8333333333333333,44.82075471698114,False,not_calibration_eligible
state_transition__PeMS::D12_I405_S::L405S-112__2025-10-01__070,D12_I405_S,AM,PeMS::D12_I405_S::L405S-112,2025-10-01,False,,False,False,False,False,invalid_queue_speed,1.2612070019350434,1.6666666666666667,38.78181818181818,False,not_calibration_eligible
state_transition__PeMS::D12_I405_S::L405S-114__2025-10-01__071,D12_I405_S,AM,PeMS::D12_I405_S::L405S-114,2025-10-01,True,,False,False,False,False,invalid_queue_speed,2.663011786582709,3.25,27.95652173913044,False,unsupported_fitted_model
state_transition__PeMS::D12_I405_S::L405S-115__2025-10-01__072,D12_I405_S,AM,PeMS::D12_I405_S::L405S-115,2025-10-01,True,,False,False,False,False,invalid_queue_speed,2.7994907812316003,3.5,14.587500000000002,False,unsupported_fitted_model
state_transition__PeMS::D12_I405_S::L405S-117__2025-10-01__073,D12_I405_S,AM,PeMS::D12_I405_S::L405S-117,2025-10-01,False,,False,False,False,False,invalid_queue_speed,2.307190253642416,2.75,25.48260869565217,False,not_calibration_eligible
state_transition__PeMS::D12_I405_S::L405S-132__2025-10-01__074,D12_I405_S,AM,PeMS::D12_I405_S::L405S-132,2025-10-01,False,,False,False,False,False,invalid_queue_speed,2.480087096682883,3.333333333333333,18.81304347826088,False,not_calibration_eligible
state_transition__PeMS::D12_I5_N::L5N-010__2025-10-01__075,D12_I5_N,MD,PeMS::D12_I5_N::L5N-010,2025-10-01,True,2.6947768429776247,True,True,True,True,,2.393138618996149,2.5,41.14285714285714,True,retained_common_cohort
state_transition__PeMS::D12_I5_N::L5N-028__2025-10-01__076,D12_I5_N,AM,PeMS::D12_I5_N::L5N-028,2025-10-01,True,1.9735950571206555,True,True,True,True,,1.7696654528233653,1.6666666666666667,42.675,True,retained_common_cohort
state_transition__PeMS::D12_I5_N::L5N-028__2025-10-01__077,D12_I5_N,PM,PeMS::D12_I5_N::L5N-028,2025-10-01,True,5.617856528837545,True,True,True,True,,4.803781544628603,5.75,36.48095238095238,True,retained_common_cohort
state_transition__PeMS::D12_I5_N::L5N-035__2025-10-01__078,D12_I5_N,PM,PeMS::D12_I5_N::L5N-035,2025-10-01,True,5.050783775199983,True,True,True,True,,4.322126764549134,5.0,33.426086956521736,True,retained_common_cohort
state_transition__PeMS::D12_I5_N::L5N-038__2025-10-01__079,D12_I5_N,PM,PeMS::D12_I5_N::L5N-038,2025-10-01,True,6.260017025941563,True,True,True,True,,5.348800571462066,6.833333333333333,43.47692307692308,True,retained_common_cohort
state_transition__PeMS::D12_I5_N::L5N-042__2025-10-01__080,D12_I5_N,PM,PeMS::D12_I5_N::L5N-042,2025-10-01,True,0.984928525540134,True,True,True,True,,0.8526162363046055,1.0833333333333333,47.16521739130435,True,retained_common_cohort
state_transition__PeMS::D12_I5_N::L5N-042__2025-10-01__081,D12_I5_N,NT,PeMS::D12_I5_N::L5N-042,2025-10-01,True,1.0600701624710844,True,True,True,True,,0.9690029965251636,1.25,48.47826086956521,True,retained_common_cohort
state_transition__PeMS::D12_I5_N::L5N-043__2025-10-01__082,D12_I5_N,PM,PeMS::D12_I5_N::L5N-043,2025-10-01,True,4.696502801537736,True,True,True,True,,4.021019687926358,4.916666666666667,25.065217391304348,True,retained_common_cohort
state_transition__PeMS::D12_I5_N::L5N-045__2025-10-01__083,D12_I5_N,PM,PeMS::D12_I5_N::L5N-045,2025-10-01,True,5.311145118730106,True,True,True,True,,4.543314921271976,5.166666666666667,32.14736842105264,True,retained_common_cohort
state_transition__PeMS::D12_I5_N::L5N-072__2025-10-01__084,D12_I5_N,PM,PeMS::D12_I5_N::L5N-072,2025-10-01,True,1.3781132075349156,True,True,True,True,,1.1901571188176143,1.3333333333333333,44.29782608695651,True,retained_common_cohort
state_transition__PeMS::D12_I5_N::L5N-128__2025-10-01__085,D12_I5_N,PM,PeMS::D12_I5_N::L5N-128,2025-10-01,True,5.630920471934096,True,True,True,True,,4.814873487776702,5.0,38.6421052631579,True,retained_common_cohort
state_transition__PeMS::D12_I5_N::L5N-131__2025-10-01__086,D12_I5_N,PM,PeMS::D12_I5_N::L5N-131,2025-10-01,True,6.097360149425857,True,True,True,True,,5.2107882703278365,5.916666666666667,34.40833333333334,True,retained_common_cohort
state_transition__PeMS::D12_I5_N::L5N-132__2025-10-01__087,D12_I5_N,PM,PeMS::D12_I5_N::L5N-132,2025-10-01,True,6.576486913437477,True,True,True,True,,5.617249329984162,6.333333333333333,32.910714285714285,True,retained_common_cohort
state_transition__PeMS::D12_I5_N::L5N-133__2025-10-01__088,D12_I5_N,AM,PeMS::D12_I5_N::L5N-133,2025-10-01,True,0.9763313452638,True,True,True,True,,0.8947346260638673,0.9166666666666666,45.95238095238095,True,retained_common_cohort
state_transition__PeMS::D12_I5_N::L5N-133__2025-10-01__089,D12_I5_N,PM,PeMS::D12_I5_N::L5N-133,2025-10-01,True,4.530754826650455,True,True,True,True,,3.880094414796485,4.333333333333333,36.56363636363636,True,retained_common_cohort
state_transition__PeMS::D12_I5_N::L5N-134__2025-10-01__090,D12_I5_N,PM,PeMS::D12_I5_N::L5N-134,2025-10-01,True,5.317396200284091,True,True,True,True,,4.548624527881382,5.833333333333333,13.46666666666666,True,retained_common_cohort
state_transition__PeMS::D12_I5_N::L5N-135__2025-10-01__091,D12_I5_N,MD,PeMS::D12_I5_N::L5N-135,2025-10-01,True,5.66280693726885,True,True,True,True,,4.914634928366302,5.333333333333333,38.26818181818182,True,retained_common_cohort
state_transition__PeMS::D12_I5_N::L5N-138__2025-10-01__092,D12_I5_N,MD,PeMS::D12_I5_N::L5N-138,2025-10-01,True,3.709004218820649,True,True,True,True,,3.261421046411055,3.333333333333333,33.94545454545455,True,retained_common_cohort
state_transition__PeMS::D12_I5_N::L5N-140__2025-10-01__093,D12_I5_N,PM,PeMS::D12_I5_N::L5N-140,2025-10-01,True,0.4974382028759456,True,True,True,True,,0.4326947176145229,0.5,44.02972972972972,True,retained_common_cohort
state_transition__PeMS::D12_I5_N::L5N-146__2025-10-01__094,D12_I5_N,PM,PeMS::D12_I5_N::L5N-146,2025-10-01,True,5.600086590707857,True,True,True,True,,4.788693683305971,5.0,34.75652173913044,True,retained_common_cohort
state_transition__PeMS::D12_I5_N::L5N-157__2025-10-01__095,D12_I5_N,PM,PeMS::D12_I5_N::L5N-157,2025-10-01,True,4.082599776796162,True,True,True,True,,3.4988695811151778,4.75,41.51875,True,retained_common_cohort
state_transition__PeMS::D12_I5_N::L5N-159__2025-10-01__096,D12_I5_N,PM,PeMS::D12_I5_N::L5N-159,2025-10-01,True,3.1216608672465584,True,True,True,True,,2.6803972924246637,2.833333333333333,43.47826086956522,True,retained_common_cohort
state_transition__PeMS::D12_I5_N::L5N-161__2025-10-01__097,D12_I5_N,AM,PeMS::D12_I5_N::L5N-161,2025-10-01,True,2.355294614838996,True,True,True,True,,2.100394505514549,2.0,39.54285714285714,True,retained_common_cohort
state_transition__PeMS::D12_I5_N::L5N-161__2025-10-01__098,D12_I5_N,PM,PeMS::D12_I5_N::L5N-161,2025-10-01,True,7.298869199719856,True,True,True,True,,6.229682450130381,7.166666666666667,33.30909090909091,True,retained_common_cohort
state_transition__PeMS::D12_I5_N::L5N-162__2025-10-01__099,D12_I5_N,MD,PeMS::D12_I5_N::L5N-162,2025-10-01,True,4.539768001126924,True,True,True,True,,3.967029824237315,5.25,42.81818181818182,True,retained_common_cohort
state_transition__PeMS::D12_I5_N::L5N-163__2025-10-01__100,D12_I5_N,AM,PeMS::D12_I5_N::L5N-163,2025-10-01,True,1.7909375676533297,True,True,True,True,,1.610717866043531,1.6666666666666667,36.26666666666667,True,retained_common_cohort
state_transition__PeMS::D12_I5_N::L5N-163__2025-10-01__101,D12_I5_N,MD,PeMS::D12_I5_N::L5N-163,2025-10-01,True,5.091517356514424,True,True,True,True,,4.433397826802238,5.333333333333333,18.859090909090902,True,retained_common_cohort
state_transition__PeMS::D12_I5_N::L5N-165__2025-10-01__102,D12_I5_N,AM,PeMS::D12_I5_N::L5N-165,2025-10-01,True,0.647847796091981,True,True,True,True,,0.601291536945425,0.6666666666666666,46.08571428571428,True,retained_common_cohort
state_transition__PeMS::D12_I5_N::L5N-165__2025-10-01__103,D12_I5_N,MD,PeMS::D12_I5_N::L5N-165,2025-10-01,True,4.092651576376189,True,True,True,True,,3.5878209890218296,3.8333333333333335,36.43181818181819,True,retained_common_cohort
state_transition__PeMS::D12_I5_N::L5N-166__2025-10-01__104,D12_I5_N,PM,PeMS::D12_I5_N::L5N-166,2025-10-01,True,0.635620297715171,True,True,True,True,,0.5519362702516472,0.5833333333333334,45.65384615384615,True,retained_common_cohort
state_transition__PeMS::D12_I5_N::L5N-178__2025-10-01__105,D12_I5_N,AM,PeMS::D12_I5_N::L5N-178,2025-10-01,True,1.7546987200404895,True,True,True,True,,1.5791248442278634,1.6666666666666667,29.47619047619048,True,retained_common_cohort
state_transition__PeMS::D12_I5_N::L5N-178__2025-10-01__106,D12_I5_N,PM,PeMS::D12_I5_N::L5N-178,2025-10-01,True,4.778241672185383,True,True,True,True,,4.090504204464123,5.25,17.186363636363637,True,retained_common_cohort
state_transition__PeMS::D12_I5_N::L5N-230__2025-10-01__107,D12_I5_N,AM,PeMS::D12_I5_N::L5N-230,2025-10-01,True,0.6467360148021183,True,True,True,True,,0.6002915742633476,0.5833333333333334,46.70869565217391,True,retained_common_cohort
state_transition__PeMS::D12_I5_N::L5N-230__2025-10-01__108,D12_I5_N,PM,PeMS::D12_I5_N::L5N-230,2025-10-01,True,8.728209492008848,True,True,True,True,,7.440247361926498,8.25,34.29130434782609,True,retained_common_cohort
state_transition__PeMS::D12_I5_N::L5N-233__2025-10-01__109,D12_I5_N,PM,PeMS::D12_I5_N::L5N-233,2025-10-01,True,3.834905816881919,True,True,True,True,,3.288042891768835,4.083333333333333,39.77,True,retained_common_cohort
state_transition__PeMS::D12_I5_N::L5N-242__2025-10-01__110,D12_I5_N,PM,PeMS::D12_I5_N::L5N-242,2025-10-01,True,4.809276514960526,True,True,True,True,,4.11688407500748,4.833333333333333,26.234782608695653,True,retained_common_cohort
state_transition__PeMS::D12_I5_N::L5N-248__2025-10-01__111,D12_I5_N,PM,PeMS::D12_I5_N::L5N-248,2025-10-01,True,5.197309528498268,True,True,True,True,,4.446616333999286,5.333333333333333,28.991304347826087,True,retained_common_cohort
state_transition__PeMS::D12_I5_S::L5S-028__2025-10-01__112,D12_I5_S,AM,PeMS::D12_I5_S::L5S-028,2025-10-01,True,2.3002457922957724,True,True,True,True,,2.010923700668552,2.083333333333333,41.495238095238086,True,retained_common_cohort
state_transition__PeMS::D12_I5_S::L5S-028__2025-10-01__113,D12_I5_S,PM,PeMS::D12_I5_S::L5S-028,2025-10-01,True,0.907803629422157,False,False,False,False,queue_exceeds_link,0.8637580938186247,0.8333333333333334,48.45909090909091,True,finite_link_admission
state_transition__PeMS::D12_I5_S::L5S-033__2025-10-01__114,D12_I5_S,AM,PeMS::D12_I5_S::L5S-033,2025-10-01,True,2.9692967241148898,True,True,True,True,,2.576069328191202,2.75,37.80285714285716,True,retained_common_cohort
state_transition__PeMS::D12_I5_S::L5S-033__2025-10-01__115,D12_I5_S,PM,PeMS::D12_I5_S::L5S-033,2025-10-01,True,1.292801995158528,False,False,False,False,queue_exceeds_link,1.2418364619594051,1.25,38.08235294117647,True,finite_link_admission
state_transition__PeMS::D12_I5_S::L5S-035__2025-10-01__116,D12_I5_S,AM,PeMS::D12_I5_S::L5S-035,2025-10-01,True,2.898372634012725,True,True,True,True,,2.5163572539066705,2.583333333333333,48.76153846153847,True,retained_common_cohort
state_transition__PeMS::D12_I5_S::L5S-036__2025-10-01__117,D12_I5_S,AM,PeMS::D12_I5_S::L5S-036,2025-10-01,True,4.165781443929094,False,False,False,False,queue_exceeds_link,3.577676363220585,4.166666666666667,21.73076923076923,True,finite_link_admission
state_transition__PeMS::D12_I5_S::L5S-036__2025-10-01__118,D12_I5_S,PM,PeMS::D12_I5_S::L5S-036,2025-10-01,True,0.8202486157667574,False,False,False,False,queue_exceeds_link,0.7783238052801142,0.8333333333333334,41.34166666666666,True,finite_link_admission
state_transition__PeMS::D12_I5_S::L5S-041__2025-10-01__119,D12_I5_S,AM,PeMS::D12_I5_S::L5S-041,2025-10-01,True,0.8456265294285558,True,True,True,True,,0.761732731182062,0.8333333333333334,46.90434782608696,True,retained_common_cohort
state_transition__PeMS::D12_I5_S::L5S-049__2025-10-01__120,D12_I5_S,AM,PeMS::D12_I5_S::L5S-049,2025-10-01,True,1.0379672698656288,True,True,True,True,,0.929276028083518,1.0,41.32608695652175,True,retained_common_cohort
state_transition__PeMS::D12_I5_S::L5S-061__2025-10-01__121,D12_I5_S,AM,PeMS::D12_I5_S::L5S-061,2025-10-01,True,3.520953326277085,True,True,True,True,,3.0391351228716554,3.25,37.89285714285714,True,retained_common_cohort
state_transition__PeMS::D12_I5_S::L5S-061__2025-10-01__122,D12_I5_S,PM,PeMS::D12_I5_S::L5S-061,2025-10-01,True,1.3549916341258814,False,False,False,False,queue_exceeds_link,1.30322124190635,1.3333333333333333,41.40714285714286,True,finite_link_admission
state_transition__PeMS::D12_I5_S::L5S-062__2025-10-01__123,D12_I5_S,AM,PeMS::D12_I5_S::L5S-062,2025-10-01,True,1.9945938266045464,True,True,True,True,,1.7511703545424124,2.0,34.434782608695656,True,retained_common_cohort
state_transition__PeMS::D12_I5_S::L5S-066__2025-10-01__124,D12_I5_S,AM,PeMS::D12_I5_S::L5S-066,2025-10-01,True,3.485655550402744,True,True,True,True,,3.009574714483164,3.5,19.968421052631577,True,retained_common_cohort
state_transition__PeMS::D12_I5_S::L5S-067__2025-10-01__125,D12_I5_S,AM,PeMS::D12_I5_S::L5S-067,2025-10-01,True,1.0161470884203818,True,True,True,True,,0.9103192302246614,1.3333333333333333,39.94347826086956,True,retained_common_cohort
state_transition__PeMS::D12_I5_S::L5S-068__2025-10-01__126,D12_I5_S,AM,PeMS::D12_I5_S::L5S-068,2025-10-01,True,2.239300796119577,True,True,True,True,,1.9592176838414916,2.5,28.243478260869573,True,retained_common_cohort
state_transition__PeMS::D12_I5_S::L5S-083__2025-10-01__127,D12_I5_S,AM,PeMS::D12_I5_S::L5S-083,2025-10-01,True,1.3569407404446958,True,True,True,True,,1.2051471159887128,1.25,39.243478260869566,True,retained_common_cohort
state_transition__PeMS::D12_I5_S::L5S-084__2025-10-01__128,D12_I5_S,AM,PeMS::D12_I5_S::L5S-084,2025-10-01,True,2.0968384257663484,True,True,True,True,,1.838185500788182,1.9166666666666667,43.8,True,retained_common_cohort
state_transition__PeMS::D12_I5_S::L5S-086__2025-10-01__129,D12_I5_S,AM,PeMS::D12_I5_S::L5S-086,2025-10-01,True,3.9382880030563134,True,True,True,True,,3.387987021484445,4.166666666666667,24.241304347826087,True,retained_common_cohort
state_transition__PeMS::D12_I5_S::L5S-086__2025-10-01__130,D12_I5_S,PM,PeMS::D12_I5_S::L5S-086,2025-10-01,True,2.4695363496275253,False,False,False,False,queue_exceeds_link,2.413862507983876,2.583333333333333,33.87826086956522,True,finite_link_admission
state_transition__PeMS::D12_I5_S::L5S-091__2025-10-01__131,D12_I5_S,AM,PeMS::D12_I5_S::L5S-091,2025-10-01,True,2.716669580017504,True,True,True,True,,2.36317641180326,2.75,44.76153846153847,True,retained_common_cohort
state_transition__PeMS::D12_I5_S::L5S-093__2025-10-01__132,D12_I5_S,PM,PeMS::D12_I5_S::L5S-093,2025-10-01,True,2.003658915120306,False,False,False,False,queue_exceeds_link,1.9474999344537305,2.0,38.46969696969697,True,finite_link_admission
state_transition__PeMS::D12_I5_S::L5S-096__2025-10-01__133,D12_I5_S,AM,PeMS::D12_I5_S::L5S-096,2025-10-01,True,0.6296195820897272,True,True,True,True,,0.5721829080408543,0.8333333333333334,48.97142857142857,True,retained_common_cohort
state_transition__PeMS::D12_I5_S::L5S-107__2025-10-01__134,D12_I5_S,AM,PeMS::D12_I5_S::L5S-107,2025-10-01,True,3.4730811614060197,True,True,True,True,,2.9990420314826087,3.75,16.768421052631584,True,retained_common_cohort
state_transition__PeMS::D12_I5_S::L5S-107__2025-10-01__135,D12_I5_S,PM,PeMS::D12_I5_S::L5S-107,2025-10-01,True,2.8829718209767026,False,False,False,False,queue_exceeds_link,2.829741142731263,2.9166666666666665,35.45789473684211,True,finite_link_admission
state_transition__PeMS::D12_I5_S::L5S-135__2025-10-01__136,D12_I5_S,AM,PeMS::D12_I5_S::L5S-135,2025-10-01,True,0.9598642888916374,True,True,True,True,,0.8613653001915859,0.9166666666666666,42.99565217391305,True,retained_common_cohort
state_transition__PeMS::D12_I5_S::L5S-136__2025-10-01__137,D12_I5_S,AM,PeMS::D12_I5_S::L5S-136,2025-10-01,True,2.531345332354577,True,True,True,True,,2.2066263372220924,2.9166666666666665,14.572727272727276,True,retained_common_cohort
state_transition__PeMS::D12_I5_S::L5S-137__2025-10-01__138,D12_I5_S,AM,PeMS::D12_I5_S::L5S-137,2025-10-01,True,4.091408887748654,True,True,True,True,,3.515697734184092,4.083333333333333,23.492307692307687,True,retained_common_cohort
state_transition__PeMS::D12_I5_S::L5S-137__2025-10-01__139,D12_I5_S,PM,PeMS::D12_I5_S::L5S-137,2025-10-01,True,0.6592399302630535,True,True,True,True,,0.6218766400291409,0.6666666666666666,43.016666666666666,True,retained_common_cohort
state_transition__PeMS::D12_I5_S::L5S-142__2025-10-01__140,D12_I5_S,AM,PeMS::D12_I5_S::L5S-142,2025-10-01,True,4.059388056818019,False,False,False,False,queue_exceeds_link,3.489002716155006,3.9166666666666665,38.21304347826086,True,finite_link_admission
state_transition__PeMS::D12_I5_S::L5S-142__2025-10-01__141,D12_I5_S,PM,PeMS::D12_I5_S::L5S-142,2025-10-01,True,2.001454115828934,False,False,False,False,queue_exceeds_link,1.945299290361924,2.0,42.21739130434783,True,finite_link_admission
state_transition__PeMS::D12_I5_S::L5S-149__2025-10-01__142,D12_I5_S,AM,PeMS::D12_I5_S::L5S-149,2025-10-01,True,1.070049169199264,True,True,True,True,,0.9571263608116628,1.0,40.742105263157896,True,retained_common_cohort
state_transition__PeMS::D12_I5_S::L5S-156__2025-10-01__143,D12_I5_S,AM,PeMS::D12_I5_S::L5S-156,2025-10-01,True,1.1841500058912775,True,True,True,True,,1.055980112727789,1.1666666666666667,49.13000000000001,True,retained_common_cohort
state_transition__PeMS::D12_I5_S::L5S-158__2025-10-01__144,D12_I5_S,AM,PeMS::D12_I5_S::L5S-158,2025-10-01,True,2.4035303655066804,True,True,True,True,,2.0984578240512186,2.333333333333333,42.115,True,retained_common_cohort
state_transition__PeMS::D12_I5_S::L5S-161__2025-10-01__145,D12_I5_S,AM,PeMS::D12_I5_S::L5S-161,2025-10-01,True,1.6478763582449798,True,True,True,True,,1.4550560655400664,1.5,39.41,True,retained_common_cohort
state_transition__PeMS::D12_I5_S::L5S-173__2025-10-01__146,D12_I5_S,AM,PeMS::D12_I5_S::L5S-173,2025-10-01,True,1.805109927415671,True,True,True,True,,1.5895514661669747,1.75,44.2857142857143,True,retained_common_cohort
state_transition__PeMS::D12_I5_S::L5S-173__2025-10-01__147,D12_I5_S,PM,PeMS::D12_I5_S::L5S-173,2025-10-01,True,0.5279960814388528,True,True,True,True,,0.4951043127133344,0.5833333333333334,44.90454545454545,True,retained_common_cohort
state_transition__PeMS::D12_I5_S::L5S-174__2025-10-01__148,D12_I5_S,AM,PeMS::D12_I5_S::L5S-174,2025-10-01,True,4.046925355062482,True,True,True,True,,3.4786111525097407,3.8333333333333335,34.66086956521739,True,retained_common_cohort
state_transition__PeMS::D12_I5_S::L5S-174__2025-10-01__149,D12_I5_S,PM,PeMS::D12_I5_S::L5S-174,2025-10-01,True,1.3426684725990568,False,False,False,False,queue_exceeds_link,1.291051429288909,1.25,38.68260869565217,True,finite_link_admission
state_transition__PeMS::D12_I5_S::L5S-181__2025-10-01__150,D12_I5_S,AM,PeMS::D12_I5_S::L5S-181,2025-10-01,True,2.8276928434307047,True,True,True,True,,2.4568073488225397,3.333333333333333,10.010526315789471,True,retained_common_cohort
state_transition__PeMS::D12_I5_S::L5S-181__2025-10-01__151,D12_I5_S,PM,PeMS::D12_I5_S::L5S-181,2025-10-01,True,0.6068114681659521,True,True,True,True,,0.5711444198200122,0.5833333333333334,44.826315789473696,True,retained_common_cohort
state_transition__PeMS::D12_I5_S::L5S-185__2025-10-01__152,D12_I5_S,AM,PeMS::D12_I5_S::L5S-185,2025-10-01,True,3.8602904487489615,True,True,True,True,,3.3228762592039045,4.25,13.386956521739128,True,retained_common_cohort
state_transition__PeMS::D12_I5_S::L5S-185__2025-10-01__153,D12_I5_S,PM,PeMS::D12_I5_S::L5S-185,2025-10-01,True,2.8047368600581537,False,False,False,False,queue_exceeds_link,2.750913112840509,2.833333333333333,26.45217391304348,True,finite_link_admission
state_transition__PeMS::D12_I5_S::L5S-187__2025-10-01__154,D12_I5_S,NT,PeMS::D12_I5_S::L5S-187,2025-10-01,False,0.1268692410546436,False,False,False,False,queue_exceeds_link,0.1255432450239058,0.6666666666666666,44.12999999999999,False,not_calibration_eligible
state_transition__PeMS::D12_I5_S::L5S-187__2025-10-01__155,D12_I5_S,AM,PeMS::D12_I5_S::L5S-187,2025-10-01,True,2.303173560219192,True,True,True,True,,2.0134065920781423,2.5,39.59,True,retained_common_cohort
state_transition__PeMS::D12_I5_S::L5S-187__2025-10-01__156,D12_I5_S,NT,PeMS::D12_I5_S::L5S-187,2025-10-01,False,2.7947692256630403,True,False,False,False,,2.485311984332783,5.166666666666667,29.5,False,not_calibration_eligible
state_transition__PeMS::D12_I5_S::L5S-196__2025-10-01__157,D12_I5_S,AM,PeMS::D12_I5_S::L5S-196,2025-10-01,True,1.890137764395291,True,True,True,True,,1.6621351103311126,1.75,36.64736842105263,True,retained_common_cohort
state_transition__PeMS::D12_I5_S::L5S-197__2025-10-01__158,D12_I5_S,AM,PeMS::D12_I5_S::L5S-197,2025-10-01,True,2.206288740601437,True,True,True,True,,1.9311925900554248,2.1666666666666665,32.90769230769231,True,retained_common_cohort
state_transition__PeMS::D12_I5_S::L5S-220__2025-10-01__159,D12_I5_S,AM,PeMS::D12_I5_S::L5S-220,2025-10-01,True,1.5803921679788668,True,True,True,True,,1.3972151794689351,1.5,40.978260869565226,True,retained_common_cohort
state_transition__PeMS::D12_I5_S::L5S-223__2025-10-01__160,D12_I5_S,AM,PeMS::D12_I5_S::L5S-223,2025-10-01,True,1.7136620817475428,True,True,True,True,,1.511372973358464,1.6666666666666667,46.80555555555557,True,retained_common_cohort
state_transition__PeMS::D12_I5_S::L5S-240__2025-10-01__161,D12_I5_S,AM,PeMS::D12_I5_S::L5S-240,2025-10-01,True,2.0295780821535434,True,True,True,True,,1.7809583495274035,2.1666666666666665,35.60000000000001,True,retained_common_cohort
state_transition__PeMS::D12_I5_S::L5S-252__2025-10-01__162,D12_I5_S,AM,PeMS::D12_I5_S::L5S-252,2025-10-01,True,2.102070894131418,True,True,True,True,,1.8426351192920092,1.9166666666666667,43.19999999999999,True,retained_common_cohort
state_transition__PeMS::D12_I5_S::L5S-260__2025-10-01__163,D12_I5_S,AM,PeMS::D12_I5_S::L5S-260,2025-10-01,True,3.646330776874793,True,True,True,True,,3.1440624341525703,3.583333333333333,41.55384615384616,True,retained_common_cohort
state_transition__PeMS::D12_I5_S::L5S-262__2025-10-01__164,D12_I5_S,AM,PeMS::D12_I5_S::L5S-262,2025-10-01,True,3.864877913954549,False,False,False,False,queue_exceeds_link,3.326706863114977,3.8333333333333335,43.26521739130436,True,finite_link_admission
state_transition__PeMS::D12_I5_S::L5S-262__2025-10-01__165,D12_I5_S,PM,PeMS::D12_I5_S::L5S-262,2025-10-01,True,2.2567880272239966,False,False,False,False,queue_exceeds_link,2.2005686697061435,2.25,45.769565217391296,True,finite_link_admission
state_transition__PeMS::D12_I5_S::L5S-264__2025-10-01__166,D12_I5_S,AM,PeMS::D12_I5_S::L5S-264,2025-10-01,True,3.743691628383187,True,True,True,True,,3.2254682663171512,3.8333333333333335,15.265217391304349,True,retained_common_cohort
state_transition__PeMS::D12_I5_S::L5S-264__2025-10-01__167,D12_I5_S,PM,PeMS::D12_I5_S::L5S-264,2025-10-01,True,1.2757803309253657,True,True,True,True,,1.2250487830520147,1.3333333333333333,34.25652173913044,True,retained_common_cohort
state_transition__PeMS::D12_I5_S::L5S-267__2025-10-01__168,D12_I5_S,AM,PeMS::D12_I5_S::L5S-267,2025-10-01,True,2.5856928524158014,True,True,True,True,,2.252570108040255,2.833333333333333,24.100000000000005,True,retained_common_cohort
state_transition__PeMS::D12_I5_S::L5S-272__2025-10-01__169,D12_I5_S,AM,PeMS::D12_I5_S::L5S-272,2025-10-01,True,3.463861794520471,False,False,False,False,queue_exceeds_link,2.991318890282173,3.75,12.217391304347828,True,finite_link_admission
state_transition__PeMS::D12_I5_S::L5S-272__2025-10-01__170,D12_I5_S,PM,PeMS::D12_I5_S::L5S-272,2025-10-01,True,2.904759376228888,False,False,False,False,queue_exceeds_link,2.8517041796795146,2.9166666666666665,40.08695652173912,True,finite_link_admission
state_transition__PeMS::D12_I5_S::L5S-277__2025-10-01__171,D12_I5_S,AM,PeMS::D12_I5_S::L5S-277,2025-10-01,True,1.2936162423084496,True,True,True,True,,1.1505503408815434,1.25,43.826086956521735,True,retained_common_cohort
state_transition__PeMS::D12_I5_S::L5S-280__2025-10-01__172,D12_I5_S,PM,PeMS::D12_I5_S::L5S-280,2025-10-01,True,0.8245790256885348,False,False,False,False,queue_exceeds_link,0.7825437633875797,0.8333333333333334,45.99999999999999,True,finite_link_admission
state_transition__PeMS::D7_I10_E::L10E-002__2025-10-01__173,D7_I10_E,AM,PeMS::D7_I10_E::L10E-002,2025-10-01,True,1.0229912355165245,True,True,True,True,,0.966082582028647,1.0,44.405,True,retained_common_cohort
state_transition__PeMS::D7_I10_E::L10E-002__2025-10-01__174,D7_I10_E,MD,PeMS::D7_I10_E::L10E-002,2025-10-01,True,6.303764901869212,False,False,False,False,queue_exceeds_link,5.77910235667341,6.0,39.595,True,finite_link_admission
state_transition__PeMS::D7_I10_E::L10E-028__2025-10-01__175,D7_I10_E,PM,PeMS::D7_I10_E::L10E-028,2025-10-01,True,6.425449658039934,False,False,False,False,queue_exceeds_link,5.8671983793886175,6.416666666666667,24.49565217391305,True,finite_link_admission
state_transition__PeMS::D7_I10_E::L10E-069__2025-10-01__176,D7_I10_E,PM,PeMS::D7_I10_E::L10E-069,2025-10-01,True,7.050859431663199,False,False,False,False,queue_exceeds_link,6.455171814387291,7.0,23.823809523809523,True,finite_link_admission
state_transition__PeMS::D7_I10_E::L10E-073__2025-10-01__177,D7_I10_E,AM,PeMS::D7_I10_E::L10E-073,2025-10-01,True,1.072256186433317,True,True,True,True,,1.0118303511064928,1.1666666666666667,38.595652173913045,True,retained_common_cohort
state_transition__PeMS::D7_I10_E::L10E-073__2025-10-01__178,D7_I10_E,PM,PeMS::D7_I10_E::L10E-073,2025-10-01,True,7.259242822481645,False,False,False,False,queue_exceeds_link,6.65141556730252,7.25,28.74347826086957,True,finite_link_admission
state_transition__PeMS::D7_I10_E::L10E-100__2025-10-01__179,D7_I10_E,PM,PeMS::D7_I10_E::L10E-100,2025-10-01,True,1.8247864200780295,True,True,True,True,,1.6080873470089874,1.8333333333333333,47.67391304347826,True,retained_common_cohort
state_transition__PeMS::D7_I10_E::L10E-106__2025-10-01__180,D7_I10_E,PM,PeMS::D7_I10_E::L10E-106,2025-10-01,True,5.49694636035683,False,False,False,False,queue_exceeds_link,4.997303053059518,5.25,35.71000000000001,True,finite_link_admission
state_transition__PeMS::D7_I10_E::L10E-169__2025-10-01__181,D7_I10_E,PM,PeMS::D7_I10_E::L10E-169,2025-10-01,True,7.373964004210035,False,False,False,False,queue_exceeds_link,6.759521699553314,7.416666666666667,16.221739130434784,True,finite_link_admission
state_transition__PeMS::D7_I10_E::L10E-178__2025-10-01__182,D7_I10_E,AM,PeMS::D7_I10_E::L10E-178,2025-10-01,True,0.6514491067191943,True,True,True,True,,0.6197546917514648,0.5833333333333334,43.72380952380953,True,retained_common_cohort
state_transition__PeMS::D7_I10_E::L10E-178__2025-10-01__183,D7_I10_E,PM,PeMS::D7_I10_E::L10E-178,2025-10-01,True,5.8399877018878055,False,False,False,False,queue_exceeds_link,5.318242470328283,6.166666666666667,25.33333333333333,True,finite_link_admission
state_transition__PeMS::D7_I10_E::L10E-187__2025-10-01__184,D7_I10_E,PM,PeMS::D7_I10_E::L10E-187,2025-10-01,True,6.9043550239047855,False,False,False,False,queue_exceeds_link,6.317299895693677,6.916666666666667,15.582608695652173,True,finite_link_admission
state_transition__PeMS::D7_I10_E::L10E-214__2025-10-01__185,D7_I10_E,PM,PeMS::D7_I10_E::L10E-214,2025-10-01,True,6.452046434111291,False,False,False,False,queue_exceeds_link,5.892171291284074,6.666666666666667,16.104347826086958,True,finite_link_admission
state_transition__PeMS::D7_I10_E::L10E-216__2025-10-01__186,D7_I10_E,PM,PeMS::D7_I10_E::L10E-216,2025-10-01,True,6.3489227456520005,False,False,False,False,queue_exceeds_link,5.7953601261738985,6.916666666666667,16.922727272727276,True,finite_link_admission
state_transition__PeMS::D7_I10_E::L10E-217__2025-10-01__187,D7_I10_E,PM,PeMS::D7_I10_E::L10E-217,2025-10-01,True,7.313509973091429,False,False,False,False,queue_exceeds_link,6.702547603454211,7.5,17.317391304347826,True,finite_link_admission
state_transition__PeMS::D7_I10_E::L10E-221__2025-10-01__188,D7_I10_E,AM,PeMS::D7_I10_E::L10E-221,2025-10-01,True,1.1123881742233046,True,True,True,True,,1.0490717762739064,1.25,32.6608695652174,True,retained_common_cohort
state_transition__PeMS::D7_I10_E::L10E-221__2025-10-01__189,D7_I10_E,PM,PeMS::D7_I10_E::L10E-221,2025-10-01,True,7.737517735299416,False,False,False,False,queue_exceeds_link,7.102422510494147,7.916666666666667,18.139130434782608,True,finite_link_admission
state_transition__PeMS::D7_I10_E::L10E-222__2025-10-01__190,D7_I10_E,PM,PeMS::D7_I10_E::L10E-222,2025-10-01,True,7.639584266898954,False,False,False,False,queue_exceeds_link,7.0100068244655365,7.333333333333333,25.26956521739132,True,finite_link_admission
state_transition__PeMS::D7_I10_E::L10E-233__2025-10-01__191,D7_I10_E,PM,PeMS::D7_I10_E::L10E-233,2025-10-01,True,9.488884474152629,False,False,False,False,queue_exceeds_link,8.760340890209694,9.0,29.10909090909091,True,finite_link_admission
state_transition__PeMS::D7_I10_E::L10E-303__2025-10-01__192,D7_I10_E,AM,PeMS::D7_I10_E::L10E-303,2025-10-01,False,1.4139087957664107,False,False,False,False,queue_exceeds_link,1.3282233388682072,1.4166666666666667,38.90666666666666,False,not_calibration_eligible
state_transition__PeMS::D7_I10_E::L10E-303__2025-10-01__193,D7_I10_E,MD,PeMS::D7_I10_E::L10E-303,2025-10-01,False,6.6963933179765744,False,False,False,False,queue_exceeds_link,6.133004644384335,6.916666666666667,30.242222222222225,False,not_calibration_eligible
state_transition__PeMS::D7_I10_E::L10E-304__2025-10-01__194,D7_I10_E,AM,PeMS::D7_I10_E::L10E-304,2025-10-01,True,1.0912466121434663,True,True,True,True,,1.0294557477291346,1.0,43.621739130434776,True,retained_common_cohort
state_transition__PeMS::D7_I10_E::L10E-304__2025-10-01__195,D7_I10_E,MD,PeMS::D7_I10_E::L10E-304,2025-10-01,True,6.614873888087836,False,False,False,False,queue_exceeds_link,6.059554240146809,6.166666666666667,38.72608695652176,True,finite_link_admission
state_transition__PeMS::D7_I10_E::L10E-308__2025-10-01__196,D7_I10_E,AM,PeMS::D7_I10_E::L10E-308,2025-10-01,False,1.4084431702285998,False,False,False,False,queue_exceeds_link,1.3231725325447796,1.4166666666666667,35.652173913043484,False,not_calibration_eligible
state_transition__PeMS::D7_I10_E::L10E-308__2025-10-01__197,D7_I10_E,MD,PeMS::D7_I10_E::L10E-308,2025-10-01,False,6.806537329189586,False,False,False,False,queue_exceeds_link,6.232223155416078,7.083333333333333,26.14782608695653,False,not_calibration_eligible
state_transition__PeMS::D7_I10_E::L10E-311__2025-10-01__198,D7_I10_E,AM,PeMS::D7_I10_E::L10E-311,2025-10-01,False,1.3416725079544858,False,False,False,False,queue_exceeds_link,1.261443296272527,1.5833333333333333,36.49565217391304,False,not_calibration_eligible
state_transition__PeMS::D7_I10_E::L10E-311__2025-10-01__199,D7_I10_E,AM,PeMS::D7_I10_E::L10E-311,2025-10-01,False,0.6246781133515265,False,False,False,False,queue_exceeds_link,0.5946930889890398,0.75,48.22608695652174,False,not_calibration_eligible
state_transition__PeMS::D7_I10_E::L10E-326__2025-10-01__200,D7_I10_E,PM,PeMS::D7_I10_E::L10E-326,2025-10-01,True,4.713980951869549,True,True,True,True,,4.266959695918658,4.333333333333333,37.27142857142858,True,retained_common_cohort
state_transition__PeMS::D7_I10_E::L10E-331__2025-10-01__201,D7_I10_E,PM,PeMS::D7_I10_E::L10E-331,2025-10-01,False,5.29778401621514,False,False,False,False,queue_exceeds_link,4.811229666806564,5.416666666666667,26.68636363636363,False,not_calibration_eligible
state_transition__PeMS::D7_I10_E::L10E-333__2025-10-01__202,D7_I10_E,PM,PeMS::D7_I10_E::L10E-333,2025-10-01,False,4.318152635250176,False,False,False,False,queue_exceeds_link,3.899003912877661,4.333333333333333,30.27142857142857,False,not_calibration_eligible
state_transition__PeMS::D7_I10_E::L10E-337__2025-10-01__203,D7_I10_E,PM,PeMS::D7_I10_E::L10E-337,2025-10-01,False,4.517601740363236,False,False,False,False,queue_exceeds_link,4.084294870267084,4.916666666666667,24.295652173913044,False,not_calibration_eligible
state_transition__PeMS::D7_I10_E::L10E-349__2025-10-01__204,D7_I10_E,MD,PeMS::D7_I10_E::L10E-349,2025-10-01,True,6.71301539931252,False,False,False,False,queue_exceeds_link,6.147979628756657,7.166666666666667,18.03157894736842,True,finite_link_admission
state_transition__PeMS::D7_I10_E::L10E-351__2025-10-01__205,D7_I10_E,AM,PeMS::D7_I10_E::L10E-351,2025-10-01,False,0.9666716936001236,False,False,False,False,queue_exceeds_link,0.9137397068709198,1.0,44.15652173913045,False,not_calibration_eligible
state_transition__PeMS::D7_I10_E::L10E-351__2025-10-01__206,D7_I10_E,PM,PeMS::D7_I10_E::L10E-351,2025-10-01,False,6.062310678720985,False,False,False,False,queue_exceeds_link,5.5265277538187485,6.333333333333333,22.94347826086957,False,not_calibration_eligible
state_transition__PeMS::D7_I10_W::L10W-001__2025-10-01__207,D7_I10_W,AM,PeMS::D7_I10_W::L10W-001,2025-10-01,True,1.769841788046976,True,True,True,True,,1.657474631751554,1.75,36.41428571428572,True,retained_common_cohort
state_transition__PeMS::D7_I10_W::L10W-068__2025-10-01__208,D7_I10_W,AM,PeMS::D7_I10_W::L10W-068,2025-10-01,True,2.9378404008214165,False,False,False,False,queue_exceeds_link,2.7470365467285283,2.75,38.0,True,finite_link_admission
state_transition__PeMS::D7_I10_W::L10W-071__2025-10-01__209,D7_I10_W,AM,PeMS::D7_I10_W::L10W-071,2025-10-01,True,4.330206380100402,False,False,False,False,queue_exceeds_link,4.044149503015171,4.333333333333333,28.60869565217391,True,finite_link_admission
state_transition__PeMS::D7_I10_W::L10W-084__2025-10-01__210,D7_I10_W,AM,PeMS::D7_I10_W::L10W-084,2025-10-01,True,5.169003815979087,False,False,False,False,queue_exceeds_link,4.8249098182772485,5.666666666666667,18.4608695652174,True,finite_link_admission
state_transition__PeMS::D7_I10_W::L10W-086__2025-10-01__211,D7_I10_W,AM,PeMS::D7_I10_W::L10W-086,2025-10-01,True,3.2562497481623014,False,False,False,False,queue_exceeds_link,3.0438037192792686,3.25,37.66666666666667,True,finite_link_admission
state_transition__PeMS::D7_I10_W::L10W-099__2025-10-01__212,D7_I10_W,AM,PeMS::D7_I10_W::L10W-099,2025-10-01,True,3.698015993471816,False,False,False,False,queue_exceeds_link,3.455397147424361,3.583333333333333,39.57142857142858,True,finite_link_admission
state_transition__PeMS::D7_I10_W::L10W-107__2025-10-01__213,D7_I10_W,AM,PeMS::D7_I10_W::L10W-107,2025-10-01,True,4.59304384302374,False,False,False,False,queue_exceeds_link,4.288847160603583,4.666666666666667,28.28695652173913,True,finite_link_admission
state_transition__PeMS::D7_I10_W::L10W-109__2025-10-01__214,D7_I10_W,AM,PeMS::D7_I10_W::L10W-109,2025-10-01,True,4.467161412623623,False,False,False,False,queue_exceeds_link,4.17165806821979,4.75,31.05652173913044,True,finite_link_admission
state_transition__PeMS::D7_I10_W::L10W-124__2025-10-01__215,D7_I10_W,AM,PeMS::D7_I10_W::L10W-124,2025-10-01,True,1.4066775485067908,True,True,True,True,,1.3182975271404611,1.5,44.765217391304354,True,retained_common_cohort
state_transition__PeMS::D7_I10_W::L10W-147__2025-10-01__216,D7_I10_W,AM,PeMS::D7_I10_W::L10W-147,2025-10-01,True,3.079904799961978,True,True,True,True,,2.8794564854171827,3.083333333333333,27.721739130434784,True,retained_common_cohort
state_transition__PeMS::D7_I10_W::L10W-147__2025-10-01__217,D7_I10_W,PM,PeMS::D7_I10_W::L10W-147,2025-10-01,True,0.5662293786177389,True,True,True,True,,0.5464997413178933,0.5833333333333334,46.02173913043478,True,retained_common_cohort
state_transition__PeMS::D7_I10_W::L10W-169__2025-10-01__218,D7_I10_W,AM,PeMS::D7_I10_W::L10W-169,2025-10-01,True,4.0581846701096405,False,False,False,False,queue_exceeds_link,3.7908533297808273,3.9166666666666665,35.982608695652175,True,finite_link_admission
state_transition__PeMS::D7_I10_W::L10W-221__2025-10-01__219,D7_I10_W,AM,PeMS::D7_I10_W::L10W-221,2025-10-01,True,4.252588171050704,False,False,False,False,queue_exceeds_link,3.971879529862557,4.166666666666667,34.17826086956522,True,finite_link_admission
state_transition__PeMS::D7_I10_W::L10W-232__2025-10-01__220,D7_I10_W,AM,PeMS::D7_I10_W::L10W-232,2025-10-01,True,3.591722057861481,False,False,False,False,queue_exceeds_link,3.356377659967116,3.583333333333333,35.03636363636364,True,finite_link_admission
state_transition__PeMS::D7_I10_W::L10W-248__2025-10-01__221,D7_I10_W,AM,PeMS::D7_I10_W::L10W-248,2025-10-01,True,3.847904003336484,False,False,False,False,queue_exceeds_link,3.5950124539950985,3.75,38.06363636363636,True,finite_link_admission
state_transition__PeMS::D7_I10_W::L10W-262__2025-10-01__222,D7_I10_W,AM,PeMS::D7_I10_W::L10W-262,2025-10-01,True,4.697416501972046,False,False,False,False,queue_exceeds_link,4.386004433891447,4.5,34.80434782608696,True,finite_link_admission
state_transition__PeMS::D7_I10_W::L10W-291__2025-10-01__223,D7_I10_W,AM,PeMS::D7_I10_W::L10W-291,2025-10-01,True,2.58191142949153,False,False,False,False,queue_exceeds_link,2.4151821892808085,2.6666666666666665,39.634782608695645,True,finite_link_admission
state_transition__PeMS::D7_I10_W::L10W-292__2025-10-01__224,D7_I10_W,AM,PeMS::D7_I10_W::L10W-292,2025-10-01,True,2.8354031799292705,False,False,False,False,queue_exceeds_link,2.6515414215585005,2.6666666666666665,40.48095238095238,True,finite_link_admission
state_transition__PeMS::D7_I10_W::L10W-296__2025-10-01__225,D7_I10_W,AM,PeMS::D7_I10_W::L10W-296,2025-10-01,True,7.745995893901495,False,False,False,False,queue_exceeds_link,7.221374829402467,8.166666666666666,17.16875,True,finite_link_admission
state_transition__PeMS::D7_I10_W::L10W-296__2025-10-01__226,D7_I10_W,MD,PeMS::D7_I10_W::L10W-296,2025-10-01,True,0.5854967962733588,False,False,False,False,queue_exceeds_link,0.564770962504829,0.5833333333333334,47.01875,True,finite_link_admission
state_transition__PeMS::D7_I10_W::L10W-296__2025-10-01__227,D7_I10_W,PM,PeMS::D7_I10_W::L10W-296,2025-10-01,True,0.6146231635323068,False,False,False,False,queue_exceeds_link,0.5923718850399543,0.5833333333333334,44.2625,True,finite_link_admission
state_transition__PeMS::D7_I10_W::L10W-296__2025-10-01__228,D7_I10_W,PM,PeMS::D7_I10_W::L10W-296,2025-10-01,True,0.7885215670413386,False,False,False,False,queue_exceeds_link,0.7567277528132861,0.75,42.50625000000001,True,finite_link_admission
state_transition__PeMS::D7_I10_W::L10W-301__2025-10-01__229,D7_I10_W,AM,PeMS::D7_I10_W::L10W-301,2025-10-01,True,4.403417296010741,False,False,False,False,queue_exceeds_link,4.112312216136752,4.416666666666667,28.347826086956523,True,finite_link_admission
state_transition__PeMS::D7_I10_W::L10W-302__2025-10-01__230,D7_I10_W,AM,PeMS::D7_I10_W::L10W-302,2025-10-01,True,1.1427147160542706,True,True,True,True,,1.071603202351093,1.0833333333333333,45.94782608695651,True,retained_common_cohort
state_transition__PeMS::D7_I10_W::L10W-302__2025-10-01__231,D7_I10_W,AM,PeMS::D7_I10_W::L10W-302,2025-10-01,True,0.8112823920176925,True,True,True,True,,0.7615971219376251,0.8333333333333334,44.98695652173912,True,retained_common_cohort
state_transition__PeMS::D7_I10_W::L10W-312__2025-10-01__232,D7_I10_W,AM,PeMS::D7_I10_W::L10W-312,2025-10-01,True,4.132075786876331,False,False,False,False,queue_exceeds_link,3.859662919779627,4.0,35.21739130434783,True,finite_link_admission
state_transition__PeMS::D7_I10_W::L10W-315__2025-10-01__233,D7_I10_W,AM,PeMS::D7_I10_W::L10W-315,2025-10-01,True,4.100185963925655,False,False,False,False,queue_exceeds_link,3.8299666426203367,4.0,31.90869565217392,True,finite_link_admission
state_transition__PeMS::D7_I10_W::L10W-371__2025-10-01__234,D7_I10_W,AM,PeMS::D7_I10_W::L10W-371,2025-10-01,True,1.9254558237102692,True,True,True,True,,1.802741922858765,1.9166666666666667,36.26521739130435,True,retained_common_cohort
state_transition__PeMS::D7_I10_W::L10W-371__2025-10-01__235,D7_I10_W,AM,PeMS::D7_I10_W::L10W-371,2025-10-01,True,0.9669294901754234,True,True,True,True,,0.9072226122970414,1.0,45.27826086956523,True,retained_common_cohort
state_transition__PeMS::D7_I10_W::L10W-377__2025-10-01__236,D7_I10_W,AM,PeMS::D7_I10_W::L10W-377,2025-10-01,False,2.196923315756287,False,False,False,False,queue_exceeds_link,2.056074792952487,2.9166666666666665,35.72352941176471,False,not_calibration_eligible
state_transition__PeMS::D7_I10_W::L10W-377__2025-10-01__237,D7_I10_W,AM,PeMS::D7_I10_W::L10W-377,2025-10-01,False,0.4059278924932047,False,False,False,False,queue_exceeds_link,0.3818792551782154,0.5,45.20588235294119,False,not_calibration_eligible
state_transition__PeMS::D7_I10_W::L10W-383__2025-10-01__238,D7_I10_W,AM,PeMS::D7_I10_W::L10W-383,2025-10-01,False,3.782560258423824,False,False,False,False,queue_exceeds_link,3.534149192177289,4.0,41.62608695652173,False,not_calibration_eligible
state_transition__PeMS::D7_I10_W::L10W-385__2025-10-01__239,D7_I10_W,AM,PeMS::D7_I10_W::L10W-385,2025-10-01,False,0.7978844423554136,False,False,False,False,queue_exceeds_link,0.7490580237515132,0.8333333333333334,46.290909090909096,False,not_calibration_eligible
state_transition__PeMS::D7_I10_W::L10W-388__2025-10-01__240,D7_I10_W,AM,PeMS::D7_I10_W::L10W-388,2025-10-01,True,3.2912546765282813,False,False,False,False,queue_exceeds_link,3.076423769219968,3.4166666666666665,34.36190476190476,True,finite_link_admission
state_transition__PeMS::D7_I10_W::L10W-395__2025-10-01__241,D7_I10_W,AM,PeMS::D7_I10_W::L10W-395,2025-10-01,False,3.313572139700649,False,False,False,False,queue_exceeds_link,3.0972201911700186,3.6666666666666665,35.214285714285715,False,not_calibration_eligible
state_transition__PeMS::D7_I210_E::L210E-008__2025-10-01__242,D7_I210_E,PM,PeMS::D7_I210_E::L210E-008,2025-10-01,True,7.328741107070783,False,False,False,False,queue_exceeds_link,6.344698214791453,7.583333333333333,15.952173913043476,True,finite_link_admission
state_transition__PeMS::D7_I210_E::L210E-009__2025-10-01__243,D7_I210_E,PM,PeMS::D7_I210_E::L210E-009,2025-10-01,True,7.281833370593035,False,False,False,False,queue_exceeds_link,6.307351821929478,7.5,17.513043478260872,True,finite_link_admission
state_transition__PeMS::D7_I210_E::L210E-042__2025-10-01__244,D7_I210_E,AM,PeMS::D7_I210_E::L210E-042,2025-10-01,True,1.2601638408872249,True,True,True,True,,1.1571805413321608,1.25,40.595652173913045,True,retained_common_cohort
state_transition__PeMS::D7_I210_E::L210E-042__2025-10-01__245,D7_I210_E,MD,PeMS::D7_I210_E::L210E-042,2025-10-01,True,2.8046875101739777,True,True,True,True,,2.4764848536208617,3.0,40.00869565217392,True,retained_common_cohort
state_transition__PeMS::D7_I210_E::L210E-046__2025-10-01__246,D7_I210_E,AM,PeMS::D7_I210_E::L210E-046,2025-10-01,True,0.7707494602174279,True,True,True,True,,0.7120711900425016,0.75,40.89000000000001,True,retained_common_cohort
state_transition__PeMS::D7_I210_E::L210E-065__2025-10-01__247,D7_I210_E,AM,PeMS::D7_I210_E::L210E-065,2025-10-01,True,2.377442994256492,True,True,True,True,,2.16611041476184,2.5,28.180952380952384,True,retained_common_cohort
state_transition__PeMS::D7_I210_E::L210E-070__2025-10-01__248,D7_I210_E,AM,PeMS::D7_I210_E::L210E-070,2025-10-01,True,2.378898104100156,True,True,True,True,,2.167419805814274,2.333333333333333,36.25909090909091,True,retained_common_cohort
state_transition__PeMS::D7_I210_E::L210E-128__2025-10-01__249,D7_I210_E,PM,PeMS::D7_I210_E::L210E-128,2025-10-01,True,4.8803175600603135,True,True,True,True,,4.365760819500726,5.083333333333333,22.670588235294115,True,retained_common_cohort
state_transition__PeMS::D7_I210_E::L210E-139__2025-10-01__250,D7_I210_E,PM,PeMS::D7_I210_E::L210E-139,2025-10-01,True,6.900081317092644,False,False,False,False,queue_exceeds_link,6.002680018525041,6.666666666666667,19.513043478260865,True,finite_link_admission
state_transition__PeMS::D7_I210_E::L210E-141__2025-10-01__251,D7_I210_E,MD,PeMS::D7_I210_E::L210E-141,2025-10-01,True,7.339735882824676,False,False,False,False,queue_exceeds_link,6.955811639634703,7.333333333333333,29.41833333333334,True,finite_link_admission
state_transition__PeMS::D7_I210_E::L210E-145__2025-10-01__252,D7_I210_E,MD,PeMS::D7_I210_E::L210E-145,2025-10-01,True,5.169476383944624,False,False,False,False,queue_exceeds_link,4.774432578404242,4.916666666666667,36.42173913043477,True,finite_link_admission
state_transition__PeMS::D7_I210_E::L210E-170__2025-10-01__253,D7_I210_E,MD,PeMS::D7_I210_E::L210E-170,2025-10-01,True,5.734008828935506,False,False,False,False,queue_exceeds_link,5.33633168225651,5.916666666666667,26.930434782608696,True,finite_link_admission
state_transition__PeMS::D7_I210_E::L210E-220__2025-10-01__254,D7_I210_E,PM,PeMS::D7_I210_E::L210E-220,2025-10-01,True,5.610575396349154,False,False,False,False,queue_exceeds_link,4.962938892560356,5.083333333333333,41.443478260869554,True,finite_link_admission
state_transition__PeMS::D7_I210_E::L210E-224__2025-10-01__255,D7_I210_E,MD,PeMS::D7_I210_E::L210E-224,2025-10-01,True,6.793830739844059,False,False,False,False,queue_exceeds_link,6.401980786050986,6.666666666666667,44.89130434782609,True,finite_link_admission
state_transition__PeMS::D7_I210_E::L210E-231__2025-10-01__256,D7_I210_E,MD,PeMS::D7_I210_E::L210E-231,2025-10-01,True,6.968372785670681,False,False,False,False,queue_exceeds_link,6.578713286787313,7.083333333333333,27.46190476190476,True,finite_link_admission
state_transition__PeMS::D7_I210_E::L210E-237__2025-10-01__257,D7_I210_E,MD,PeMS::D7_I210_E::L210E-237,2025-10-01,True,5.312660194998361,False,False,False,False,queue_exceeds_link,4.916540186862,5.5,28.863636363636367,True,finite_link_admission
state_transition__PeMS::D7_I210_E::L210E-245__2025-10-01__258,D7_I210_E,PM,PeMS::D7_I210_E::L210E-245,2025-10-01,True,6.396233940154279,False,False,False,False,queue_exceeds_link,5.598466242308218,6.5,19.059090909090912,True,finite_link_admission
state_transition__PeMS::D7_I210_E::L210E-304__2025-10-01__259,D7_I210_E,MD,PeMS::D7_I210_E::L210E-304,2025-10-01,True,3.2606915347906917,True,True,True,True,,2.9111926613743324,3.0,47.11304347826088,True,retained_common_cohort
state_transition__PeMS::D7_I210_E::L210E-314__2025-10-01__260,D7_I210_E,PM,PeMS::D7_I210_E::L210E-314,2025-10-01,True,6.266084267713913,True,True,True,True,,5.4936432111823486,5.833333333333333,36.19500000000001,True,retained_common_cohort
state_transition__PeMS::D7_I210_E::L210E-319__2025-10-01__261,D7_I210_E,PM,PeMS::D7_I210_E::L210E-319,2025-10-01,True,5.716019259950506,False,False,False,False,queue_exceeds_link,5.048630123955324,6.166666666666667,15.490909090909096,True,finite_link_admission
state_transition__PeMS::D7_I210_W::L210W-001__2025-10-01__262,D7_I210_W,AM,PeMS::D7_I210_W::L210W-001,2025-10-01,True,2.681962890395926,True,True,True,True,,2.3920147022774607,2.5,25.995454545454542,True,retained_common_cohort
state_transition__PeMS::D7_I210_W::L210W-001__2025-10-01__263,D7_I210_W,PM,PeMS::D7_I210_W::L210W-001,2025-10-01,True,2.6070700464073804,False,False,False,False,queue_exceeds_link,2.501212732503724,2.6666666666666665,40.940909090909095,True,finite_link_admission
state_transition__PeMS::D7_I210_W::L210W-022__2025-10-01__264,D7_I210_W,PM,PeMS::D7_I210_W::L210W-022,2025-10-01,True,0.865239362296944,False,False,False,False,queue_exceeds_link,0.8332886494955462,0.9166666666666666,45.36521739130436,True,finite_link_admission
state_transition__PeMS::D7_I210_W::L210W-028__2025-10-01__265,D7_I210_W,AM,PeMS::D7_I210_W::L210W-028,2025-10-01,True,1.012596406436266,True,True,True,True,,0.8906470615160893,1.0,39.72173913043479,True,retained_common_cohort
state_transition__PeMS::D7_I210_W::L210W-108__2025-10-01__266,D7_I210_W,AM,PeMS::D7_I210_W::L210W-108,2025-10-01,True,4.689200974537449,False,False,False,False,queue_exceeds_link,4.215757020557424,5.0,24.045454545454536,True,finite_link_admission
state_transition__PeMS::D7_I210_W::L210W-112__2025-10-01__267,D7_I210_W,AM,PeMS::D7_I210_W::L210W-112,2025-10-01,True,5.36566524618073,False,False,False,False,queue_exceeds_link,4.833215858075507,5.75,15.568181818181818,True,finite_link_admission
state_transition__PeMS::D7_I210_W::L210W-113__2025-10-01__268,D7_I210_W,AM,PeMS::D7_I210_W::L210W-113,2025-10-01,True,5.30845411980629,False,False,False,False,queue_exceeds_link,4.780949895441741,5.666666666666667,13.808695652173911,True,finite_link_admission
state_transition__PeMS::D7_I210_W::L210W-129__2025-10-01__269,D7_I210_W,AM,PeMS::D7_I210_W::L210W-129,2025-10-01,True,5.71149307758727,False,False,False,False,queue_exceeds_link,5.149317921970075,5.666666666666667,18.868181818181817,True,finite_link_admission
state_transition__PeMS::D7_I210_W::L210W-129__2025-10-01__270,D7_I210_W,PM,PeMS::D7_I210_W::L210W-129,2025-10-01,True,3.6239556666631736,False,False,False,False,queue_exceeds_link,3.4728399367142195,3.5,37.24545454545454,True,finite_link_admission
state_transition__PeMS::D7_I210_W::L210W-132__2025-10-01__271,D7_I210_W,AM,PeMS::D7_I210_W::L210W-132,2025-10-01,True,4.381603924295605,False,False,False,False,queue_exceeds_link,3.935400999595248,4.416666666666667,26.430434782608703,True,finite_link_admission
state_transition__PeMS::D7_I210_W::L210W-141__2025-10-01__272,D7_I210_W,AM,PeMS::D7_I210_W::L210W-141,2025-10-01,True,2.1988652735618053,True,True,True,True,,1.9555897733553729,2.0,38.712,True,retained_common_cohort
state_transition__PeMS::D7_I210_W::L210W-143__2025-10-01__273,D7_I210_W,AM,PeMS::D7_I210_W::L210W-143,2025-10-01,True,1.6681640048668036,True,True,True,True,,1.477762120234783,1.9166666666666667,30.181818181818183,True,retained_common_cohort
state_transition__PeMS::D7_I210_W::L210W-143__2025-10-01__274,D7_I210_W,AM,PeMS::D7_I210_W::L210W-143,2025-10-01,True,2.806746712416908,True,True,True,True,,2.5049346089231617,2.6666666666666665,37.98636363636364,True,retained_common_cohort
state_transition__PeMS::D7_I210_W::L210W-150__2025-10-01__275,D7_I210_W,AM,PeMS::D7_I210_W::L210W-150,2025-10-01,True,6.501341471549972,False,False,False,False,queue_exceeds_link,5.87227626301991,5.833333333333333,32.178260869565214,True,finite_link_admission
state_transition__PeMS::D7_I210_W::L210W-150__2025-10-01__276,D7_I210_W,PM,PeMS::D7_I210_W::L210W-150,2025-10-01,True,5.619888004168066,False,False,False,False,queue_exceeds_link,5.377355235201476,5.916666666666667,20.90434782608696,True,finite_link_admission
state_transition__PeMS::D7_I210_W::L210W-154__2025-10-01__277,D7_I210_W,AM,PeMS::D7_I210_W::L210W-154,2025-10-01,True,4.463871467223691,False,False,False,False,queue_exceeds_link,4.010356118605395,4.666666666666667,21.117391304347827,True,finite_link_admission
state_transition__PeMS::D7_I210_W::L210W-155__2025-10-01__278,D7_I210_W,AM,PeMS::D7_I210_W::L210W-155,2025-10-01,True,5.380353801860892,False,False,False,False,queue_exceeds_link,4.846636065198001,5.416666666666667,18.45652173913044,True,finite_link_admission
state_transition__PeMS::D7_I210_W::L210W-155__2025-10-01__279,D7_I210_W,PM,PeMS::D7_I210_W::L210W-155,2025-10-01,True,3.4325068395919422,False,False,False,False,queue_exceeds_link,3.2899935761486923,3.333333333333333,40.15217391304349,True,finite_link_admission
state_transition__PeMS::D7_I210_W::L210W-182__2025-10-01__280,D7_I210_W,AM,PeMS::D7_I210_W::L210W-182,2025-10-01,True,6.068230112577352,False,False,False,False,queue_exceeds_link,5.475678047639365,6.0,22.00869565217391,True,finite_link_admission
state_transition__PeMS::D7_I210_W::L210W-211__2025-10-01__281,D7_I210_W,AM,PeMS::D7_I210_W::L210W-211,2025-10-01,True,4.353274589463443,False,False,False,False,queue_exceeds_link,3.9095943763644825,4.166666666666667,24.8608695652174,True,finite_link_admission
state_transition__PeMS::D7_I210_W::L210W-211__2025-10-01__282,D7_I210_W,PM,PeMS::D7_I210_W::L210W-211,2025-10-01,True,2.209929409958105,False,False,False,False,queue_exceeds_link,2.121413124741989,2.1666666666666665,43.360869565217385,True,finite_link_admission
state_transition__PeMS::D7_I210_W::L210W-221__2025-10-01__283,D7_I210_W,PM,PeMS::D7_I210_W::L210W-221,2025-10-01,True,3.0742291536655264,False,False,False,False,queue_exceeds_link,2.947717843281336,3.083333333333333,35.291304347826085,True,finite_link_admission
state_transition__PeMS::D7_I210_W::L210W-222__2025-10-01__284,D7_I210_W,AM,PeMS::D7_I210_W::L210W-222,2025-10-01,True,5.469052527459476,False,False,False,False,queue_exceeds_link,4.927686776647716,5.25,28.204347826086952,True,finite_link_admission
state_transition__PeMS::D7_I210_W::L210W-233__2025-10-01__285,D7_I210_W,AM,PeMS::D7_I210_W::L210W-233,2025-10-01,True,6.022153439374065,False,False,False,False,queue_exceeds_link,5.433509135798879,6.083333333333333,18.43636363636364,True,finite_link_admission
state_transition__PeMS::D7_I210_W::L210W-234__2025-10-01__286,D7_I210_W,AM,PeMS::D7_I210_W::L210W-234,2025-10-01,True,5.158164760092404,False,False,False,False,queue_exceeds_link,4.64368966003579,5.333333333333333,24.800000000000004,True,finite_link_admission
state_transition__PeMS::D7_I210_W::L210W-251__2025-10-01__287,D7_I210_W,PM,PeMS::D7_I210_W::L210W-251,2025-10-01,True,4.47865688639294,False,False,False,False,queue_exceeds_link,4.2887501028441735,4.5,36.36818181818182,True,finite_link_admission
state_transition__PeMS::D7_I210_W::L210W-256__2025-10-01__288,D7_I210_W,PM,PeMS::D7_I210_W::L210W-256,2025-10-01,True,2.7622474756193167,False,False,False,False,queue_exceeds_link,2.6495580143366486,2.75,28.827272727272724,True,finite_link_admission
state_transition__PeMS::D7_I210_W::L210W-291__2025-10-01__289,D7_I210_W,AM,PeMS::D7_I210_W::L210W-291,2025-10-01,True,5.822124238525285,False,False,False,False,queue_exceeds_link,5.250498286132881,6.166666666666667,13.681818181818182,True,finite_link_admission
state_transition__PeMS::D7_I210_W::L210W-299__2025-10-01__290,D7_I210_W,AM,PeMS::D7_I210_W::L210W-299,2025-10-01,True,5.0505367098283145,False,False,False,False,queue_exceeds_link,4.545427273287421,5.166666666666667,21.75217391304348,True,finite_link_admission
state_transition__PeMS::D7_I210_W::L210W-301__2025-10-01__291,D7_I210_W,AM,PeMS::D7_I210_W::L210W-301,2025-10-01,True,5.65340627534176,False,False,False,False,queue_exceeds_link,5.096204425065961,5.666666666666667,18.270000000000003,True,finite_link_admission
state_transition__PeMS::D7_I210_W::L210W-301__2025-10-01__292,D7_I210_W,PM,PeMS::D7_I210_W::L210W-301,2025-10-01,True,2.303249746867872,False,False,False,False,queue_exceeds_link,2.2106784928686536,2.25,42.19,True,finite_link_admission
state_transition__PeMS::D7_I210_W::L210W-305__2025-10-01__293,D7_I210_W,AM,PeMS::D7_I210_W::L210W-305,2025-10-01,True,6.575802295621742,False,False,False,False,queue_exceeds_link,5.940498467987643,6.083333333333333,37.71739130434784,True,finite_link_admission
state_transition__PeMS::D7_I210_W::L210W-305__2025-10-01__294,D7_I210_W,PM,PeMS::D7_I210_W::L210W-305,2025-10-01,True,0.683562018626162,False,False,False,False,queue_exceeds_link,0.6588584315487581,0.6666666666666666,46.66739130434783,True,finite_link_admission
state_transition__PeMS::D7_I405_N::L405N-069__2025-10-01__295,D7_I405_N,AM,PeMS::D7_I405_N::L405N-069,2025-10-01,True,5.29842082195914,False,False,False,False,queue_exceeds_link,4.737981345843595,5.083333333333333,30.877777777777784,True,finite_link_admission
state_transition__PeMS::D7_I405_N::L405N-069__2025-10-01__296,D7_I405_N,PM,PeMS::D7_I405_N::L405N-069,2025-10-01,True,1.0582065322103424,False,False,False,False,queue_exceeds_link,1.016131609580721,1.0,43.40000000000001,True,finite_link_admission
state_transition__PeMS::D7_I405_N::L405N-076__2025-10-01__297,D7_I405_N,AM,PeMS::D7_I405_N::L405N-076,2025-10-01,True,6.728243287229028,False,False,False,False,queue_exceeds_link,5.953343168354419,5.916666666666667,34.595000000000006,True,finite_link_admission
state_transition__PeMS::D7_I405_N::L405N-076__2025-10-01__298,D7_I405_N,MD,PeMS::D7_I405_N::L405N-076,2025-10-01,True,0.5594072496800979,False,False,False,False,queue_exceeds_link,0.5525206873470863,0.5833333333333334,45.86000000000001,True,finite_link_admission
state_transition__PeMS::D7_I405_N::L405N-076__2025-10-01__299,D7_I405_N,PM,PeMS::D7_I405_N::L405N-076,2025-10-01,True,4.283177010326174,False,False,False,False,queue_exceeds_link,3.8663185780336673,4.0,37.09,True,finite_link_admission
state_transition__PeMS::D7_I405_N::L405N-098__2025-10-01__300,D7_I405_N,MD,PeMS::D7_I405_N::L405N-098,2025-10-01,True,14.583981011531865,False,False,False,False,queue_exceeds_link,12.47038304128513,13.083333333333334,30.50526315789473,True,finite_link_admission
state_transition__PeMS::D7_I405_N::L405N-115__2025-10-01__301,D7_I405_N,PM,PeMS::D7_I405_N::L405N-115,2025-10-01,True,4.963803161711738,False,False,False,False,queue_exceeds_link,4.451579966312894,5.166666666666667,22.700000000000003,True,finite_link_admission
state_transition__PeMS::D7_I405_N::L405N-122__2025-10-01__302,D7_I405_N,PM,PeMS::D7_I405_N::L405N-122,2025-10-01,True,7.808132694105491,False,False,False,False,queue_exceeds_link,6.863537873069651,7.583333333333333,20.855,True,finite_link_admission
state_transition__PeMS::D7_I405_N::L405N-129__2025-10-01__303,D7_I405_N,AM,PeMS::D7_I405_N::L405N-129,2025-10-01,True,4.43472632476845,False,False,False,False,queue_exceeds_link,3.996968601226503,4.5,17.64736842105263,True,finite_link_admission
state_transition__PeMS::D7_I405_N::L405N-129__2025-10-01__304,D7_I405_N,PM,PeMS::D7_I405_N::L405N-129,2025-10-01,True,2.5749093736191284,False,False,False,False,queue_exceeds_link,2.3771989648661664,2.6666666666666665,25.184210526315795,True,finite_link_admission
state_transition__PeMS::D7_I405_N::L405N-135__2025-10-01__305,D7_I405_N,AM,PeMS::D7_I405_N::L405N-135,2025-10-01,True,7.575789428020474,False,False,False,False,queue_exceeds_link,6.668203263881907,9.0,9.35,True,finite_link_admission
state_transition__PeMS::D7_I405_N::L405N-215__2025-10-01__306,D7_I405_N,AM,PeMS::D7_I405_N::L405N-215,2025-10-01,True,0.6093099280826073,False,False,False,False,queue_exceeds_link,0.5995395470134236,0.5833333333333334,47.22307692307693,True,finite_link_admission
state_transition__PeMS::D7_I405_N::L405N-215__2025-10-01__307,D7_I405_N,PM,PeMS::D7_I405_N::L405N-215,2025-10-01,True,5.102873985637508,False,False,False,False,queue_exceeds_link,4.570712067223893,5.0,27.684615384615384,True,finite_link_admission
state_transition__PeMS::D7_I405_N::L405N-241__2025-10-01__308,D7_I405_N,AM,PeMS::D7_I405_N::L405N-241,2025-10-01,True,5.910253980684788,False,False,False,False,queue_exceeds_link,5.259622230513889,6.916666666666667,10.365000000000002,True,finite_link_admission
state_transition__PeMS::D7_I405_N::L405N-273__2025-10-01__309,D7_I405_N,PM,PeMS::D7_I405_N::L405N-273,2025-10-01,True,5.402948255089939,False,False,False,False,queue_exceeds_link,4.827280769657301,5.833333333333333,12.77,True,finite_link_admission
state_transition__PeMS::D7_I405_S::L405S-001__2025-10-01__310,D7_I405_S,PM,PeMS::D7_I405_S::L405S-001,2025-10-01,False,2.7370191087589246,True,False,False,False,,2.4855833082104897,3.1666666666666665,30.12,False,not_calibration_eligible
state_transition__PeMS::D7_I405_S::L405S-001__2025-10-01__311,D7_I405_S,PM,PeMS::D7_I405_S::L405S-001,2025-10-01,False,1.3511364258548233,True,False,False,False,,1.2775228460403905,1.8333333333333333,24.43,False,not_calibration_eligible
state_transition__PeMS::D7_I405_S::L405S-061__2025-10-01__312,D7_I405_S,PM,PeMS::D7_I405_S::L405S-061,2025-10-01,True,5.328184371063546,True,True,True,True,,4.657984515609685,5.083333333333333,32.33888888888888,True,retained_common_cohort
state_transition__PeMS::D7_I405_S::L405S-073__2025-10-01__313,D7_I405_S,AM,PeMS::D7_I405_S::L405S-073,2025-10-01,True,1.1595060226598937,False,False,False,False,queue_exceeds_link,1.1059571674441326,1.0833333333333333,41.32777777777778,True,finite_link_admission
state_transition__PeMS::D7_I405_S::L405S-073__2025-10-01__314,D7_I405_S,PM,PeMS::D7_I405_S::L405S-073,2025-10-01,True,8.51963738939463,True,True,True,True,,7.250895855488779,8.083333333333334,31.44444444444445,True,retained_common_cohort
state_transition__PeMS::D7_I405_S::L405S-084__2025-10-01__315,D7_I405_S,PM,PeMS::D7_I405_S::L405S-084,2025-10-01,True,8.756987627933531,False,False,False,False,queue_exceeds_link,7.441206615098297,8.666666666666666,22.986666666666665,True,finite_link_admission
state_transition__PeMS::D7_I405_S::L405S-087__2025-10-01__316,D7_I405_S,PM,PeMS::D7_I405_S::L405S-087,2025-10-01,True,8.67444967363217,True,True,True,True,,7.3750603612793855,9.416666666666666,19.16764705882353,True,retained_common_cohort
state_transition__PeMS::D7_I405_S::L405S-231__2025-10-01__317,D7_I405_S,PM,PeMS::D7_I405_S::L405S-231,2025-10-01,True,1.161089689983824,False,False,False,False,queue_exceeds_link,1.107381324578647,1.25,45.475,True,finite_link_admission
state_transition__PeMS::D7_I405_S::L405S-234__2025-10-01__318,D7_I405_S,PM,PeMS::D7_I405_S::L405S-234,2025-10-01,True,5.202828110660726,True,True,True,True,,4.554588285193421,4.583333333333333,39.30526315789474,True,retained_common_cohort
state_transition__PeMS::D7_I405_S::L405S-336__2025-10-01__319,D7_I405_S,AM,PeMS::D7_I405_S::L405S-336,2025-10-01,True,2.4864277940172923,True,True,True,True,,2.270436413648257,2.583333333333333,37.315789473684205,True,retained_common_cohort
state_transition__PeMS::D7_I405_S::L405S-336__2025-10-01__320,D7_I405_S,PM,PeMS::D7_I405_S::L405S-336,2025-10-01,True,1.3379065927146514,False,False,False,False,queue_exceeds_link,1.2657253092859022,1.3333333333333333,42.12105263157896,True,finite_link_admission
state_transition__PeMS::D7_I405_S::L405S-392__2025-10-01__321,D7_I405_S,AM,PeMS::D7_I405_S::L405S-392,2025-10-01,False,1.0424424478872365,False,False,False,False,queue_exceeds_link,1.0003652838384232,1.0833333333333333,39.47,False,not_calibration_eligible
state_transition__PeMS::D7_I405_S::L405S-392__2025-10-01__322,D7_I405_S,PM,PeMS::D7_I405_S::L405S-392,2025-10-01,False,8.039142082901702,False,False,False,False,queue_exceeds_link,6.864689989668724,9.666666666666666,10.245,False,not_calibration_eligible
state_transition__PeMS::D7_I405_S::L405S-417__2025-10-01__323,D7_I405_S,AM,PeMS::D7_I405_S::L405S-417,2025-10-01,False,6.510244012818248,False,False,False,False,queue_exceeds_link,5.626567687888125,7.25,18.885,False,not_calibration_eligible
state_transition__PeMS::D7_I405_S::L405S-425__2025-10-01__324,D7_I405_S,AM,PeMS::D7_I405_S::L405S-425,2025-10-01,True,1.2428330039925672,False,False,False,False,queue_exceeds_link,1.1807441001653338,1.25,26.13684210526316,True,finite_link_admission
state_transition__PeMS::D7_I405_S::L405S-425__2025-10-01__325,D7_I405_S,MD,PeMS::D7_I405_S::L405S-425,2025-10-01,True,7.273552663116188,True,True,True,True,,6.246567646285458,8.083333333333334,12.005263157894737,True,retained_common_cohort
