episode_id,pollutant,recorded_g,recalculated_g,difference_g
state_transition__AZ_I10_W::137__2016-04-01__004,CO2,1328304.4396146382,1328304.4396146387,4.656612873077393e-10
state_transition__AZ_I10_W::137__2016-04-01__004,NOx,1163.8801529969462,1163.8801529969464,2.2737367544323206e-13
state_transition__AZ_I10_W::137__2016-04-01__004,CO,11603.4093243394,11603.4093243394,0.0
state_transition__AZ_I10_W::137__2016-04-01__004,HC,488.7991996548945,488.7991996548946,1.1368683772161603e-13
state_transition__AZ_I10_W::137__2016-06-01__005,CO2,1087056.6095497657,1087056.6095497652,-4.656612873077393e-10
state_transition__AZ_I10_W::137__2016-06-01__005,NOx,1023.0276859685064,1023.0276859685061,-2.2737367544323206e-13
state_transition__AZ_I10_W::137__2016-06-01__005,CO,9762.395680626618,9762.395680626618,0.0
state_transition__AZ_I10_W::137__2016-06-01__005,HC,403.7243306168664,403.72433061686644,5.684341886080802e-14
state_transition__AZ_I10_W::137__2016-08-01__006,CO2,1279056.625617826,1279056.6256178261,2.3283064365386963e-10
state_transition__AZ_I10_W::137__2016-08-01__006,NOx,1111.460973787733,1111.4609737877333,2.2737367544323206e-13
state_transition__AZ_I10_W::137__2016-08-01__006,CO,11342.300161294714,11342.300161294714,0.0
state_transition__AZ_I10_W::137__2016-08-01__006,HC,475.83710763920254,475.83710763920254,0.0
state_transition__AZ_I10_W::137__2016-09-01__007,CO2,1323663.9707619688,1323663.9707619688,0.0
state_transition__AZ_I10_W::137__2016-09-01__007,NOx,1044.3606227271705,1044.3606227271705,0.0
state_transition__AZ_I10_W::137__2016-09-01__007,CO,11798.490854667863,11798.490854667865,1.8189894035458565e-12
state_transition__AZ_I10_W::137__2016-09-01__007,HC,501.7303918717736,501.7303918717736,0.0
state_transition__AZ_I10_W::137__2016-11-01__008,CO2,1756876.393747711,1756876.393747711,0.0
state_transition__AZ_I10_W::137__2016-11-01__008,NOx,1492.1147923307078,1492.114792330708,2.2737367544323206e-13
state_transition__AZ_I10_W::137__2016-11-01__008,CO,15085.285452726815,15085.285452726817,1.8189894035458565e-12
state_transition__AZ_I10_W::137__2016-11-01__008,HC,647.3407414736816,647.3407414736816,0.0
state_transition__AZ_I10_W::137__2016-12-01__009,CO2,2051969.1755289568,2051969.1755289566,-2.3283064365386963e-10
state_transition__AZ_I10_W::137__2016-12-01__009,NOx,1508.000330270608,1508.000330270608,0.0
state_transition__AZ_I10_W::137__2016-12-01__009,CO,18113.732059237085,18113.732059237085,0.0
state_transition__AZ_I10_W::137__2016-12-01__009,HC,781.88482444051,781.88482444051,0.0
state_transition__AZ_I10_W::141__2016-01-01__015,CO2,420409.6048543289,420409.60485432897,5.820766091346741e-11
state_transition__AZ_I10_W::141__2016-01-01__015,NOx,440.2270226729128,440.22702267291277,-5.684341886080802e-14
state_transition__AZ_I10_W::141__2016-01-01__015,CO,3568.857981478179,3568.85798147818,9.094947017729282e-13
state_transition__AZ_I10_W::141__2016-01-01__015,HC,146.60198120740824,146.60198120740824,0.0
state_transition__AZ_I10_W::141__2016-02-01__016,CO2,727832.1119417134,727832.1119417134,0.0
state_transition__AZ_I10_W::141__2016-02-01__016,NOx,687.263630083408,687.263630083408,0.0
state_transition__AZ_I10_W::141__2016-02-01__016,CO,6569.167631233383,6569.167631233383,0.0
state_transition__AZ_I10_W::141__2016-02-01__016,HC,268.32080795650154,268.32080795650154,0.0
state_transition__AZ_I10_W::141__2016-03-01__017,CO2,893079.9934275963,893079.9934275963,0.0
state_transition__AZ_I10_W::141__2016-03-01__017,NOx,669.6585706037637,669.6585706037637,0.0
state_transition__AZ_I10_W::141__2016-03-01__017,CO,8047.4686012790835,8047.4686012790835,0.0
state_transition__AZ_I10_W::141__2016-03-01__017,HC,343.6955190946779,343.6955190946779,0.0
state_transition__AZ_I10_W::141__2016-06-01__018,CO2,416577.5978953932,416577.59789539315,-5.820766091346741e-11
state_transition__AZ_I10_W::141__2016-06-01__018,NOx,443.13773290538745,443.13773290538745,0.0
state_transition__AZ_I10_W::141__2016-06-01__018,CO,3610.896862765952,3610.896862765952,0.0
state_transition__AZ_I10_W::141__2016-06-01__018,HC,145.25813954910728,145.25813954910728,0.0
state_transition__AZ_I10_W::141__2016-08-01__019,CO2,664976.9976417808,664976.9976417808,0.0
state_transition__AZ_I10_W::141__2016-08-01__019,NOx,742.7239601365295,742.7239601365296,1.1368683772161603e-13
state_transition__AZ_I10_W::141__2016-08-01__019,CO,5696.486596936542,5696.486596936542,0.0
state_transition__AZ_I10_W::141__2016-08-01__019,HC,228.34385686376285,228.3438568637629,5.684341886080802e-14
state_transition__AZ_I10_W::141__2016-09-01__020,CO2,602073.529716324,602073.529716324,0.0
state_transition__AZ_I10_W::141__2016-09-01__020,NOx,601.5124772735907,601.5124772735907,0.0
state_transition__AZ_I10_W::141__2016-09-01__020,CO,5384.485483857144,5384.485483857144,0.0
state_transition__AZ_I10_W::141__2016-09-01__020,HC,216.93905194274737,216.93905194274737,0.0
state_transition__AZ_I10_W::141__2016-11-01__021,CO2,122431.58657721168,122431.58657721168,0.0
state_transition__AZ_I10_W::141__2016-11-01__021,NOx,121.94055574828828,121.9405557482883,2.842170943040401e-14
state_transition__AZ_I10_W::141__2016-11-01__021,CO,1179.179114275561,1179.1791142755612,2.2737367544323206e-13
state_transition__AZ_I10_W::141__2016-11-01__021,HC,45.73977162380604,45.73977162380605,7.105427357601002e-15
state_transition__AZ_I10_W::141__2016-11-01__022,CO2,616894.9812652994,616894.9812652995,1.1641532182693481e-10
state_transition__AZ_I10_W::141__2016-11-01__022,NOx,558.7643210499573,558.7643210499575,2.2737367544323206e-13
state_transition__AZ_I10_W::141__2016-11-01__022,CO,5435.872589297153,5435.872589297154,9.094947017729282e-13
state_transition__AZ_I10_W::141__2016-11-01__022,HC,228.36726593927384,228.36726593927386,2.842170943040401e-14
state_transition__AZ_I10_W::141__2016-12-01__023,CO2,616097.3416791231,616097.3416791231,0.0
state_transition__AZ_I10_W::141__2016-12-01__023,NOx,669.8921626197657,669.8921626197658,1.1368683772161603e-13
state_transition__AZ_I10_W::141__2016-12-01__023,CO,5006.870716631523,5006.8707166315235,9.094947017729282e-13
state_transition__AZ_I10_W::141__2016-12-01__023,HC,208.5220737927254,208.5220737927254,0.0
state_transition__AZ_I10_W::78__2016-04-01__027,CO2,1858542.183880376,1858542.183880376,0.0
state_transition__AZ_I10_W::78__2016-04-01__027,NOx,1320.0165791157317,1320.016579115732,2.2737367544323206e-13
state_transition__AZ_I10_W::78__2016-04-01__027,CO,16660.034468476304,16660.034468476304,0.0
state_transition__AZ_I10_W::78__2016-04-01__027,HC,717.9066905617724,717.9066905617724,0.0
state_transition__AZ_I10_W::78__2016-06-01__028,CO2,207789.602381518,207789.60238151805,5.820766091346741e-11
state_transition__AZ_I10_W::78__2016-06-01__028,NOx,207.43885947494212,207.43885947494215,2.842170943040401e-14
state_transition__AZ_I10_W::78__2016-06-01__028,CO,2003.4727933970312,2003.4727933970312,0.0
state_transition__AZ_I10_W::78__2016-06-01__028,HC,77.65179858980402,77.65179858980402,0.0
state_transition__AZ_I10_W::78__2016-06-01__029,CO2,1694266.3268010465,1694266.3268010465,0.0
state_transition__AZ_I10_W::78__2016-06-01__029,NOx,1128.9547038751662,1128.9547038751662,0.0
state_transition__AZ_I10_W::78__2016-06-01__029,CO,15415.44588442996,15415.445884429959,-1.8189894035458565e-12
state_transition__AZ_I10_W::78__2016-06-01__029,HC,664.1761751538684,664.1761751538684,0.0
state_transition__AZ_I10_W::84__2016-03-01__036,CO2,261820.02797335896,261820.02797335904,8.731149137020111e-11
state_transition__AZ_I10_W::84__2016-03-01__036,NOx,297.0820704867183,297.08207048671835,5.684341886080802e-14
state_transition__AZ_I10_W::84__2016-03-01__036,CO,2212.8110600555456,2212.8110600555456,0.0
state_transition__AZ_I10_W::84__2016-03-01__036,HC,89.32902547608181,89.32902547608182,1.4210854715202004e-14
state_transition__AZ_I10_W::84__2016-12-01__043,CO2,209734.7605839897,209734.7605839897,0.0
state_transition__AZ_I10_W::84__2016-12-01__043,NOx,228.9885985833453,228.9885985833453,0.0
state_transition__AZ_I10_W::84__2016-12-01__043,CO,1874.7559942839328,1874.7559942839328,0.0
state_transition__AZ_I10_W::84__2016-12-01__043,HC,74.21288523167483,74.21288523167483,0.0
state_transition__PeMS::D12_I405_N::L405N-002__2025-10-01__046,CO2,494911.33987568936,494911.3398756894,5.820766091346741e-11
state_transition__PeMS::D12_I405_N::L405N-002__2025-10-01__046,NOx,637.4362107792413,637.4362107792414,1.1368683772161603e-13
state_transition__PeMS::D12_I405_N::L405N-002__2025-10-01__046,CO,4387.298682287774,4387.298682287774,0.0
state_transition__PeMS::D12_I405_N::L405N-002__2025-10-01__046,HC,169.44360119302416,169.44360119302416,0.0
state_transition__PeMS::D12_I405_N::L405N-065__2025-10-01__050,CO2,122926.67990333306,122926.67990333306,0.0
state_transition__PeMS::D12_I405_N::L405N-065__2025-10-01__050,NOx,119.23339306978876,119.23339306978875,-1.4210854715202004e-14
state_transition__PeMS::D12_I405_N::L405N-065__2025-10-01__050,CO,1169.4763000036323,1169.4763000036326,2.2737367544323206e-13
state_transition__PeMS::D12_I405_N::L405N-065__2025-10-01__050,HC,45.77395717482546,45.77395717482546,0.0
state_transition__PeMS::D12_I405_N::L405N-076__2025-10-01__053,CO2,265210.9773441568,265210.9773441569,5.820766091346741e-11
state_transition__PeMS::D12_I405_N::L405N-076__2025-10-01__053,NOx,280.8413974497994,280.84139744979944,5.684341886080802e-14
state_transition__PeMS::D12_I405_N::L405N-076__2025-10-01__053,CO,2442.235889065138,2442.235889065139,9.094947017729282e-13
state_transition__PeMS::D12_I405_N::L405N-076__2025-10-01__053,HC,95.8246742245008,95.8246742245008,0.0
state_transition__PeMS::D12_I405_N::L405N-080__2025-10-01__054,CO2,208015.38007645385,208015.38007645385,0.0
state_transition__PeMS::D12_I405_N::L405N-080__2025-10-01__054,NOx,266.92269852140754,266.9226985214076,5.684341886080802e-14
state_transition__PeMS::D12_I405_N::L405N-080__2025-10-01__054,CO,1931.433437479028,1931.4334374790276,-4.547473508864641e-13
state_transition__PeMS::D12_I405_N::L405N-080__2025-10-01__054,HC,73.15289726591992,73.15289726591993,1.4210854715202004e-14
state_transition__PeMS::D12_I5_N::L5N-010__2025-10-01__075,CO2,150484.92337867044,150484.92337867044,0.0
state_transition__PeMS::D12_I5_N::L5N-010__2025-10-01__075,NOx,150.5781335707453,150.5781335707453,0.0
state_transition__PeMS::D12_I5_N::L5N-010__2025-10-01__075,CO,1452.5207129331077,1452.5207129331075,-2.2737367544323206e-13
state_transition__PeMS::D12_I5_N::L5N-010__2025-10-01__075,HC,56.25317200085948,56.25317200085948,0.0
state_transition__PeMS::D12_I5_N::L5N-028__2025-10-01__076,CO2,35874.1026712339,35874.10267123389,-7.275957614183426e-12
state_transition__PeMS::D12_I5_N::L5N-028__2025-10-01__076,NOx,35.4305368265686,35.4305368265686,0.0
state_transition__PeMS::D12_I5_N::L5N-028__2025-10-01__076,CO,344.1602030171057,344.1602030171057,0.0
state_transition__PeMS::D12_I5_N::L5N-028__2025-10-01__076,HC,13.388249133093172,13.38824913309317,-1.7763568394002505e-15
state_transition__PeMS::D12_I5_N::L5N-028__2025-10-01__077,CO2,105231.05540433204,105231.05540433204,0.0
state_transition__PeMS::D12_I5_N::L5N-028__2025-10-01__077,NOx,101.21870233428017,101.21870233428017,0.0
state_transition__PeMS::D12_I5_N::L5N-028__2025-10-01__077,CO,997.2801864854624,997.2801864854625,1.1368683772161603e-13
state_transition__PeMS::D12_I5_N::L5N-028__2025-10-01__077,HC,39.14459222635107,39.14459222635108,7.105427357601002e-15
state_transition__PeMS::D12_I5_N::L5N-035__2025-10-01__078,CO2,294218.643144355,294218.64314435504,5.820766091346741e-11
state_transition__PeMS::D12_I5_N::L5N-035__2025-10-01__078,NOx,280.7882681521727,280.78826815217275,5.684341886080802e-14
state_transition__PeMS::D12_I5_N::L5N-035__2025-10-01__078,CO,2779.6057338331952,2779.6057338331957,4.547473508864641e-13
state_transition__PeMS::D12_I5_N::L5N-035__2025-10-01__078,HC,109.44480101231748,109.44480101231747,-1.4210854715202004e-14
state_transition__PeMS::D12_I5_N::L5N-038__2025-10-01__079,CO2,329557.59248762595,329557.592487626,5.820766091346741e-11
state_transition__PeMS::D12_I5_N::L5N-038__2025-10-01__079,NOx,355.08927689357625,355.08927689357625,0.0
state_transition__PeMS::D12_I5_N::L5N-038__2025-10-01__079,CO,3210.457739514786,3210.4577395147867,4.547473508864641e-13
state_transition__PeMS::D12_I5_N::L5N-038__2025-10-01__079,HC,122.55297923478642,122.55297923478642,0.0
state_transition__PeMS::D12_I5_N::L5N-042__2025-10-01__080,CO2,17798.042331663295,17798.042331663295,0.0
state_transition__PeMS::D12_I5_N::L5N-042__2025-10-01__080,NOx,21.442983157283734,21.442983157283738,3.552713678800501e-15
state_transition__PeMS::D12_I5_N::L5N-042__2025-10-01__080,CO,188.22357946741056,188.22357946741056,0.0
state_transition__PeMS::D12_I5_N::L5N-042__2025-10-01__080,HC,6.824343413535934,6.824343413535934,0.0
state_transition__PeMS::D12_I5_N::L5N-042__2025-10-01__081,CO2,21528.52831858424,21528.528318584245,3.637978807091713e-12
state_transition__PeMS::D12_I5_N::L5N-042__2025-10-01__081,NOx,27.9808450867032,27.980845086703198,-3.552713678800501e-15
state_transition__PeMS::D12_I5_N::L5N-042__2025-10-01__081,CO,213.34488326743084,213.34488326743087,2.842170943040401e-14
state_transition__PeMS::D12_I5_N::L5N-042__2025-10-01__081,HC,7.784865801693445,7.784865801693445,0.0
state_transition__PeMS::D12_I5_N::L5N-043__2025-10-01__082,CO2,76293.87304053755,76293.87304053757,1.4551915228366852e-11
state_transition__PeMS::D12_I5_N::L5N-043__2025-10-01__082,NOx,65.95439828617191,65.95439828617191,0.0
state_transition__PeMS::D12_I5_N::L5N-043__2025-10-01__082,CO,696.5840200631966,696.5840200631966,0.0
state_transition__PeMS::D12_I5_N::L5N-043__2025-10-01__082,HC,29.084187121053628,29.084187121053628,0.0
state_transition__PeMS::D12_I5_N::L5N-045__2025-10-01__083,CO2,356539.7496906858,356539.7496906859,5.820766091346741e-11
state_transition__PeMS::D12_I5_N::L5N-045__2025-10-01__083,NOx,350.3571774599362,350.3571774599362,0.0
state_transition__PeMS::D12_I5_N::L5N-045__2025-10-01__083,CO,3340.1926514860675,3340.1926514860675,0.0
state_transition__PeMS::D12_I5_N::L5N-045__2025-10-01__083,HC,131.779679582035,131.779679582035,0.0
state_transition__PeMS::D12_I5_N::L5N-072__2025-10-01__084,CO2,107891.289669832,107891.28966983201,1.4551915228366852e-11
state_transition__PeMS::D12_I5_N::L5N-072__2025-10-01__084,NOx,102.6387657331244,102.63876573312439,-1.4210854715202004e-14
state_transition__PeMS::D12_I5_N::L5N-072__2025-10-01__084,CO,1017.3421305404618,1017.3421305404619,1.1368683772161603e-13
state_transition__PeMS::D12_I5_N::L5N-072__2025-10-01__084,HC,40.08051405941545,40.08051405941545,0.0
state_transition__PeMS::D12_I5_N::L5N-128__2025-10-01__085,CO2,405527.6092436079,405527.60924360785,-5.820766091346741e-11
state_transition__PeMS::D12_I5_N::L5N-128__2025-10-01__085,NOx,400.03586461460463,400.03586461460463,0.0
state_transition__PeMS::D12_I5_N::L5N-128__2025-10-01__085,CO,3761.51257568426,3761.5125756842604,4.547473508864641e-13
state_transition__PeMS::D12_I5_N::L5N-128__2025-10-01__085,HC,148.58820085480983,148.58820085480983,0.0
state_transition__PeMS::D12_I5_N::L5N-131__2025-10-01__086,CO2,479313.1522353601,479313.1522353601,0.0
state_transition__PeMS::D12_I5_N::L5N-131__2025-10-01__086,NOx,469.9008945993358,469.9008945993358,0.0
state_transition__PeMS::D12_I5_N::L5N-131__2025-10-01__086,CO,4492.173641343412,4492.173641343413,9.094947017729282e-13
state_transition__PeMS::D12_I5_N::L5N-131__2025-10-01__086,HC,176.76782352001493,176.76782352001493,0.0
state_transition__PeMS::D12_I5_N::L5N-132__2025-10-01__087,CO2,312003.56605391623,312003.5660539163,5.820766091346741e-11
state_transition__PeMS::D12_I5_N::L5N-132__2025-10-01__087,NOx,298.47619604971754,298.47619604971754,0.0
state_transition__PeMS::D12_I5_N::L5N-132__2025-10-01__087,CO,2900.6324818466924,2900.6324818466924,0.0
state_transition__PeMS::D12_I5_N::L5N-132__2025-10-01__087,HC,115.19135831876788,115.19135831876788,0.0
state_transition__PeMS::D12_I5_N::L5N-133__2025-10-01__088,CO2,85382.09195110484,85382.09195110484,0.0
state_transition__PeMS::D12_I5_N::L5N-133__2025-10-01__088,NOx,92.25112292030715,92.25112292030715,0.0
state_transition__PeMS::D12_I5_N::L5N-133__2025-10-01__088,CO,854.9525347344719,854.9525347344719,0.0
state_transition__PeMS::D12_I5_N::L5N-133__2025-10-01__088,HC,32.2380464866239,32.2380464866239,0.0
state_transition__PeMS::D12_I5_N::L5N-133__2025-10-01__089,CO2,390516.190517446,390516.190517446,0.0
state_transition__PeMS::D12_I5_N::L5N-133__2025-10-01__089,NOx,376.8539610164277,376.85396101642766,-5.684341886080802e-14
state_transition__PeMS::D12_I5_N::L5N-133__2025-10-01__089,CO,3706.494009926607,3706.494009926607,0.0
state_transition__PeMS::D12_I5_N::L5N-133__2025-10-01__089,HC,145.32481932251778,145.32481932251778,0.0
state_transition__PeMS::D12_I5_N::L5N-134__2025-10-01__090,CO2,177088.95707235692,177088.95707235692,0.0
state_transition__PeMS::D12_I5_N::L5N-134__2025-10-01__090,NOx,126.31394291598656,126.31394291598656,0.0
state_transition__PeMS::D12_I5_N::L5N-134__2025-10-01__090,CO,1608.9345563728791,1608.934556372879,-2.2737367544323206e-13
state_transition__PeMS::D12_I5_N::L5N-134__2025-10-01__090,HC,68.75174443501912,68.75174443501912,0.0
state_transition__PeMS::D12_I5_N::L5N-135__2025-10-01__091,CO2,56046.99262771442,56046.992627714426,7.275957614183426e-12
state_transition__PeMS::D12_I5_N::L5N-135__2025-10-01__091,NOx,54.6575425321537,54.6575425321537,0.0
state_transition__PeMS::D12_I5_N::L5N-135__2025-10-01__091,CO,534.5406588625669,534.540658862567,1.1368683772161603e-13
state_transition__PeMS::D12_I5_N::L5N-135__2025-10-01__091,HC,20.88397771891087,20.88397771891087,0.0
state_transition__PeMS::D12_I5_N::L5N-138__2025-10-01__092,CO2,160979.6863343899,160979.68633438993,2.9103830456733704e-11
state_transition__PeMS::D12_I5_N::L5N-138__2025-10-01__092,NOx,156.42940961582894,156.42940961582894,0.0
state_transition__PeMS::D12_I5_N::L5N-138__2025-10-01__092,CO,1507.1436245222635,1507.1436245222635,0.0
state_transition__PeMS::D12_I5_N::L5N-138__2025-10-01__092,HC,59.404338633288106,59.404338633288106,0.0
state_transition__PeMS::D12_I5_N::L5N-140__2025-10-01__093,CO2,47620.81967606093,47620.81967606093,0.0
state_transition__PeMS::D12_I5_N::L5N-140__2025-10-01__093,NOx,51.94913389413463,51.94913389413463,0.0
state_transition__PeMS::D12_I5_N::L5N-140__2025-10-01__093,CO,425.858668653894,425.85866865389403,5.684341886080802e-14
state_transition__PeMS::D12_I5_N::L5N-140__2025-10-01__093,HC,16.856514008139293,16.856514008139296,3.552713678800501e-15
state_transition__PeMS::D12_I5_N::L5N-146__2025-10-01__094,CO2,370179.0771762192,370179.0771762192,0.0
state_transition__PeMS::D12_I5_N::L5N-146__2025-10-01__094,NOx,355.9747233414607,355.9747233414607,0.0
state_transition__PeMS::D12_I5_N::L5N-146__2025-10-01__094,CO,3507.8002975043723,3507.800297504373,4.547473508864641e-13
state_transition__PeMS::D12_I5_N::L5N-146__2025-10-01__094,HC,137.69760021113365,137.69760021113365,0.0
state_transition__PeMS::D12_I5_N::L5N-157__2025-10-01__095,CO2,111049.07524257,111049.07524257,0.0
state_transition__PeMS::D12_I5_N::L5N-157__2025-10-01__095,NOx,118.2055779163806,118.20557791638059,-1.4210854715202004e-14
state_transition__PeMS::D12_I5_N::L5N-157__2025-10-01__095,CO,1023.8883906127674,1023.8883906127674,0.0
state_transition__PeMS::D12_I5_N::L5N-157__2025-10-01__095,HC,40.120385679607374,40.12038567960738,7.105427357601002e-15
state_transition__PeMS::D12_I5_N::L5N-159__2025-10-01__096,CO2,441499.2929763126,441499.2929763126,0.0
state_transition__PeMS::D12_I5_N::L5N-159__2025-10-01__096,NOx,439.4865463496548,439.48654634965476,-5.684341886080802e-14
state_transition__PeMS::D12_I5_N::L5N-159__2025-10-01__096,CO,4251.131252661647,4251.1312526616475,9.094947017729282e-13
state_transition__PeMS::D12_I5_N::L5N-159__2025-10-01__096,HC,164.93031913714836,164.93031913714836,0.0
state_transition__PeMS::D12_I5_N::L5N-161__2025-10-01__097,CO2,119751.8955615409,119751.8955615409,0.0
state_transition__PeMS::D12_I5_N::L5N-161__2025-10-01__097,NOx,122.17778833508824,122.17778833508827,2.842170943040401e-14
state_transition__PeMS::D12_I5_N::L5N-161__2025-10-01__097,CO,1102.3042057075183,1102.3042057075186,2.2737367544323206e-13
state_transition__PeMS::D12_I5_N::L5N-161__2025-10-01__097,HC,43.49166258273184,43.49166258273185,7.105427357601002e-15
state_transition__PeMS::D12_I5_N::L5N-161__2025-10-01__098,CO2,387750.2886204496,387750.28862044966,5.820766091346741e-11
state_transition__PeMS::D12_I5_N::L5N-161__2025-10-01__098,NOx,375.0678622000378,375.0678622000378,0.0
state_transition__PeMS::D12_I5_N::L5N-161__2025-10-01__098,CO,3628.733434613768,3628.733434613768,0.0
state_transition__PeMS::D12_I5_N::L5N-161__2025-10-01__098,HC,143.2820659148985,143.28206591489854,2.842170943040401e-14
state_transition__PeMS::D12_I5_N::L5N-162__2025-10-01__099,CO2,281544.26562307205,281544.26562307205,0.0
state_transition__PeMS::D12_I5_N::L5N-162__2025-10-01__099,NOx,283.0473900880527,283.0473900880527,0.0
state_transition__PeMS::D12_I5_N::L5N-162__2025-10-01__099,CO,2723.548902317397,2723.548902317397,0.0
state_transition__PeMS::D12_I5_N::L5N-162__2025-10-01__099,HC,105.30741804832294,105.30741804832294,0.0
state_transition__PeMS::D12_I5_N::L5N-163__2025-10-01__100,CO2,537523.68704041,537523.68704041,0.0
state_transition__PeMS::D12_I5_N::L5N-163__2025-10-01__100,NOx,553.875877404588,553.8758774045879,-1.1368683772161603e-13
state_transition__PeMS::D12_I5_N::L5N-163__2025-10-01__100,CO,4934.919974094295,4934.919974094295,0.0
state_transition__PeMS::D12_I5_N::L5N-163__2025-10-01__100,HC,194.6648132919236,194.66481329192356,-2.842170943040401e-14
state_transition__PeMS::D12_I5_N::L5N-163__2025-10-01__101,CO2,1722941.4123385367,1722941.4123385367,0.0
state_transition__PeMS::D12_I5_N::L5N-163__2025-10-01__101,NOx,1297.08494908783,1297.08494908783,0.0
state_transition__PeMS::D12_I5_N::L5N-163__2025-10-01__101,CO,15561.04855460964,15561.04855460964,0.0
state_transition__PeMS::D12_I5_N::L5N-163__2025-10-01__101,HC,665.4266761263596,665.4266761263596,0.0
state_transition__PeMS::D12_I5_N::L5N-165__2025-10-01__102,CO2,35854.32278730876,35854.32278730876,0.0
state_transition__PeMS::D12_I5_N::L5N-165__2025-10-01__102,NOx,40.266401800437,40.266401800436995,-7.105427357601002e-15
state_transition__PeMS::D12_I5_N::L5N-165__2025-10-01__102,CO,365.92595582541367,365.9259558254137,5.684341886080802e-14
state_transition__PeMS::D12_I5_N::L5N-165__2025-10-01__102,HC,13.609626217664792,13.609626217664793,1.7763568394002505e-15
state_transition__PeMS::D12_I5_N::L5N-165__2025-10-01__103,CO2,225418.1909676291,225418.19096762914,2.9103830456733704e-11
state_transition__PeMS::D12_I5_N::L5N-165__2025-10-01__103,NOx,220.8892378222242,220.8892378222242,0.0
state_transition__PeMS::D12_I5_N::L5N-165__2025-10-01__103,CO,2092.030031071061,2092.030031071061,0.0
state_transition__PeMS::D12_I5_N::L5N-165__2025-10-01__103,HC,82.69374514542325,82.69374514542325,0.0
state_transition__PeMS::D12_I5_N::L5N-166__2025-10-01__104,CO2,54834.91394178079,54834.91394178079,0.0
state_transition__PeMS::D12_I5_N::L5N-166__2025-10-01__104,NOx,64.33661645729472,64.33661645729474,1.4210854715202004e-14
state_transition__PeMS::D12_I5_N::L5N-166__2025-10-01__104,CO,477.6907245851357,477.6907245851358,1.1368683772161603e-13
state_transition__PeMS::D12_I5_N::L5N-166__2025-10-01__104,HC,18.9093165588537,18.9093165588537,0.0
state_transition__PeMS::D12_I5_N::L5N-178__2025-10-01__105,CO2,77182.2193508779,77182.2193508779,0.0
state_transition__PeMS::D12_I5_N::L5N-178__2025-10-01__105,NOx,69.4644866835598,69.46448668355981,1.4210854715202004e-14
state_transition__PeMS::D12_I5_N::L5N-178__2025-10-01__105,CO,703.5941969878442,703.5941969878444,2.2737367544323206e-13
state_transition__PeMS::D12_I5_N::L5N-178__2025-10-01__105,HC,29.241159507472236,29.241159507472233,-3.552713678800501e-15
state_transition__PeMS::D12_I5_N::L5N-178__2025-10-01__106,CO2,241115.9737785354,241115.97377853544,2.9103830456733704e-11
state_transition__PeMS::D12_I5_N::L5N-178__2025-10-01__106,NOx,171.56039598528196,171.560395985282,5.684341886080802e-14
state_transition__PeMS::D12_I5_N::L5N-178__2025-10-01__106,CO,2178.9202459413546,2178.9202459413546,0.0
state_transition__PeMS::D12_I5_N::L5N-178__2025-10-01__106,HC,93.62357075682756,93.62357075682755,-1.4210854715202004e-14
state_transition__PeMS::D12_I5_N::L5N-230__2025-10-01__107,CO2,9198.342998391508,9198.342998391507,-1.8189894035458565e-12
state_transition__PeMS::D12_I5_N::L5N-230__2025-10-01__107,NOx,10.763869291971512,10.763869291971513,1.7763568394002505e-15
state_transition__PeMS::D12_I5_N::L5N-230__2025-10-01__107,CO,80.34880631517052,80.34880631517052,0.0
state_transition__PeMS::D12_I5_N::L5N-230__2025-10-01__107,HC,3.178091202293014,3.1780912022930146,4.440892098500626e-16
state_transition__PeMS::D12_I5_N::L5N-230__2025-10-01__108,CO2,115781.3477901768,115781.34779017679,-1.4551915228366852e-11
state_transition__PeMS::D12_I5_N::L5N-230__2025-10-01__108,NOx,115.4197163946081,115.4197163946081,0.0
state_transition__PeMS::D12_I5_N::L5N-230__2025-10-01__108,CO,1093.0288479799156,1093.0288479799153,-2.2737367544323206e-13
state_transition__PeMS::D12_I5_N::L5N-230__2025-10-01__108,HC,42.773774821865054,42.773774821865054,0.0
state_transition__PeMS::D12_I5_N::L5N-233__2025-10-01__109,CO2,168108.02240883588,168108.02240883588,0.0
state_transition__PeMS::D12_I5_N::L5N-233__2025-10-01__109,NOx,163.87195581138317,163.87195581138317,0.0
state_transition__PeMS::D12_I5_N::L5N-233__2025-10-01__109,CO,1602.9977691626746,1602.9977691626746,0.0
state_transition__PeMS::D12_I5_N::L5N-233__2025-10-01__109,HC,62.63642453544365,62.63642453544366,7.105427357601002e-15
state_transition__PeMS::D12_I5_N::L5N-242__2025-10-01__110,CO2,111801.68044178352,111801.68044178351,-1.4551915228366852e-11
state_transition__PeMS::D12_I5_N::L5N-242__2025-10-01__110,NOx,101.14767165747448,101.14767165747448,0.0
state_transition__PeMS::D12_I5_N::L5N-242__2025-10-01__110,CO,1020.1227008330868,1020.1227008330869,1.1368683772161603e-13
state_transition__PeMS::D12_I5_N::L5N-242__2025-10-01__110,HC,42.020351141086905,42.020351141086905,0.0
state_transition__PeMS::D12_I5_N::L5N-248__2025-10-01__111,CO2,30231.301724717698,30231.301724717698,0.0
state_transition__PeMS::D12_I5_N::L5N-248__2025-10-01__111,NOx,26.256724104136808,26.25672410413681,3.552713678800501e-15
state_transition__PeMS::D12_I5_N::L5N-248__2025-10-01__111,CO,279.1204228123156,279.1204228123156,0.0
state_transition__PeMS::D12_I5_N::L5N-248__2025-10-01__111,HC,11.54634461874396,11.546344618743959,-1.7763568394002505e-15
state_transition__PeMS::D12_I5_S::L5S-028__2025-10-01__112,CO2,105135.04377634756,105135.04377634755,-1.4551915228366852e-11
state_transition__PeMS::D12_I5_S::L5S-028__2025-10-01__112,NOx,108.6774065191876,108.6774065191876,0.0
state_transition__PeMS::D12_I5_S::L5S-028__2025-10-01__112,CO,975.5366969811772,975.5366969811773,1.1368683772161603e-13
state_transition__PeMS::D12_I5_S::L5S-028__2025-10-01__112,HC,38.27964196870011,38.27964196870011,0.0
state_transition__PeMS::D12_I5_S::L5S-033__2025-10-01__114,CO2,307112.1923249449,307112.1923249449,0.0
state_transition__PeMS::D12_I5_S::L5S-033__2025-10-01__114,NOx,298.8310359459975,298.8310359459975,0.0
state_transition__PeMS::D12_I5_S::L5S-033__2025-10-01__114,CO,2926.0224616926225,2926.0224616926225,0.0
state_transition__PeMS::D12_I5_S::L5S-033__2025-10-01__114,HC,114.40330714108563,114.40330714108565,1.4210854715202004e-14
state_transition__PeMS::D12_I5_S::L5S-035__2025-10-01__116,CO2,196045.9385919064,196045.9385919064,0.0
state_transition__PeMS::D12_I5_S::L5S-035__2025-10-01__116,NOx,253.27649504498092,253.27649504498095,2.842170943040401e-14
state_transition__PeMS::D12_I5_S::L5S-035__2025-10-01__116,CO,1670.1304706752387,1670.1304706752387,0.0
state_transition__PeMS::D12_I5_S::L5S-035__2025-10-01__116,HC,65.62069993146623,65.62069993146623,0.0
state_transition__PeMS::D12_I5_S::L5S-041__2025-10-01__119,CO2,5844.854849693187,5844.854849693187,0.0
state_transition__PeMS::D12_I5_S::L5S-041__2025-10-01__119,NOx,7.331764078331545,7.331764078331545,0.0
state_transition__PeMS::D12_I5_S::L5S-041__2025-10-01__119,CO,56.18168113320947,56.18168113320947,0.0
state_transition__PeMS::D12_I5_S::L5S-041__2025-10-01__119,HC,2.10514540085724,2.1051454008572397,-4.440892098500626e-16
state_transition__PeMS::D12_I5_S::L5S-049__2025-10-01__120,CO2,36871.49508430681,36871.495084306815,7.275957614183426e-12
state_transition__PeMS::D12_I5_S::L5S-049__2025-10-01__120,NOx,38.73482856205906,38.734828562059064,7.105427357601002e-15
state_transition__PeMS::D12_I5_S::L5S-049__2025-10-01__120,CO,342.9622248525194,342.9622248525194,0.0
state_transition__PeMS::D12_I5_S::L5S-049__2025-10-01__120,HC,13.411645074403692,13.411645074403694,1.7763568394002505e-15
state_transition__PeMS::D12_I5_S::L5S-061__2025-10-01__121,CO2,151350.2157793595,151350.2157793595,0.0
state_transition__PeMS::D12_I5_S::L5S-061__2025-10-01__121,NOx,151.72369268837292,151.72369268837292,0.0
state_transition__PeMS::D12_I5_S::L5S-061__2025-10-01__121,CO,1462.1376539787586,1462.1376539787586,0.0
state_transition__PeMS::D12_I5_S::L5S-061__2025-10-01__121,HC,56.58980859778152,56.58980859778152,0.0
state_transition__PeMS::D12_I5_S::L5S-062__2025-10-01__123,CO2,88838.14386232488,88838.14386232488,0.0
state_transition__PeMS::D12_I5_S::L5S-062__2025-10-01__123,NOx,91.83324266550756,91.83324266550756,0.0
state_transition__PeMS::D12_I5_S::L5S-062__2025-10-01__123,CO,823.0933580386086,823.0933580386086,0.0
state_transition__PeMS::D12_I5_S::L5S-062__2025-10-01__123,HC,32.31942395483799,32.31942395483799,0.0
state_transition__PeMS::D12_I5_S::L5S-066__2025-10-01__124,CO2,437061.76386876486,437061.7638687649,5.820766091346741e-11
state_transition__PeMS::D12_I5_S::L5S-066__2025-10-01__124,NOx,374.7094531765622,374.70945317656225,5.684341886080802e-14
state_transition__PeMS::D12_I5_S::L5S-066__2025-10-01__124,CO,3973.852024633886,3973.8520246338867,9.094947017729282e-13
state_transition__PeMS::D12_I5_S::L5S-066__2025-10-01__124,HC,165.79396965841505,165.79396965841505,0.0
state_transition__PeMS::D12_I5_S::L5S-067__2025-10-01__125,CO2,105629.31853049764,105629.31853049764,0.0
state_transition__PeMS::D12_I5_S::L5S-067__2025-10-01__125,NOx,100.48691523086696,100.48691523086697,1.4210854715202004e-14
state_transition__PeMS::D12_I5_S::L5S-067__2025-10-01__125,CO,996.0132675233122,996.0132675233122,0.0
state_transition__PeMS::D12_I5_S::L5S-067__2025-10-01__125,HC,39.24021484407079,39.24021484407079,0.0
state_transition__PeMS::D12_I5_S::L5S-068__2025-10-01__126,CO2,85058.68138369436,85058.68138369438,1.4551915228366852e-11
state_transition__PeMS::D12_I5_S::L5S-068__2025-10-01__126,NOx,75.2983204506109,75.2983204506109,0.0
state_transition__PeMS::D12_I5_S::L5S-068__2025-10-01__126,CO,791.0454825595685,791.0454825595685,0.0
state_transition__PeMS::D12_I5_S::L5S-068__2025-10-01__126,HC,32.49578157923553,32.49578157923553,0.0
state_transition__PeMS::D12_I5_S::L5S-083__2025-10-01__127,CO2,14797.906305114746,14797.906305114748,1.8189894035458565e-12
state_transition__PeMS::D12_I5_S::L5S-083__2025-10-01__127,NOx,16.26001036713253,16.260010367132534,3.552713678800501e-15
state_transition__PeMS::D12_I5_S::L5S-083__2025-10-01__127,CO,137.53396239007307,137.53396239007307,0.0
state_transition__PeMS::D12_I5_S::L5S-083__2025-10-01__127,HC,5.3442682097105,5.344268209710501,8.881784197001252e-16
state_transition__PeMS::D12_I5_S::L5S-084__2025-10-01__128,CO2,148622.74913326622,148622.74913326622,0.0
state_transition__PeMS::D12_I5_S::L5S-084__2025-10-01__128,NOx,157.1446421733862,157.14464217338622,2.842170943040401e-14
state_transition__PeMS::D12_I5_S::L5S-084__2025-10-01__128,CO,1472.6651735146586,1472.665173514659,4.547473508864641e-13
state_transition__PeMS::D12_I5_S::L5S-084__2025-10-01__128,HC,55.95423379255803,55.95423379255803,0.0
state_transition__PeMS::D12_I5_S::L5S-086__2025-10-01__129,CO2,426559.9699221402,426559.96992214024,5.820766091346741e-11
state_transition__PeMS::D12_I5_S::L5S-086__2025-10-01__129,NOx,362.3601575781381,362.3601575781382,1.1368683772161603e-13
state_transition__PeMS::D12_I5_S::L5S-086__2025-10-01__129,CO,3873.2368942175417,3873.2368942175426,9.094947017729282e-13
state_transition__PeMS::D12_I5_S::L5S-086__2025-10-01__129,HC,162.50797964063176,162.50797964063176,0.0
state_transition__PeMS::D12_I5_S::L5S-091__2025-10-01__131,CO2,66525.37119994791,66525.37119994791,0.0
state_transition__PeMS::D12_I5_S::L5S-091__2025-10-01__131,NOx,71.83282004103555,71.83282004103556,1.4210854715202004e-14
state_transition__PeMS::D12_I5_S::L5S-091__2025-10-01__131,CO,638.6925785302315,638.6925785302316,1.1368683772161603e-13
state_transition__PeMS::D12_I5_S::L5S-091__2025-10-01__131,HC,24.52898615019009,24.52898615019009,0.0
state_transition__PeMS::D12_I5_S::L5S-096__2025-10-01__133,CO2,50847.55770870218,50847.55770870218,0.0
state_transition__PeMS::D12_I5_S::L5S-096__2025-10-01__133,NOx,65.55816826569583,65.55816826569583,0.0
state_transition__PeMS::D12_I5_S::L5S-096__2025-10-01__133,CO,444.8365325556518,444.8365325556518,0.0
state_transition__PeMS::D12_I5_S::L5S-096__2025-10-01__133,HC,17.277811549836112,17.277811549836116,3.552713678800501e-15
state_transition__PeMS::D12_I5_S::L5S-107__2025-10-01__134,CO2,587831.6776364219,587831.6776364219,0.0
state_transition__PeMS::D12_I5_S::L5S-107__2025-10-01__134,NOx,436.0897309845274,436.0897309845275,5.684341886080802e-14
state_transition__PeMS::D12_I5_S::L5S-107__2025-10-01__134,CO,5300.871419795315,5300.871419795315,0.0
state_transition__PeMS::D12_I5_S::L5S-107__2025-10-01__134,HC,225.9683641823007,225.9683641823007,0.0
state_transition__PeMS::D12_I5_S::L5S-135__2025-10-01__136,CO2,64041.108369218506,64041.10836921851,7.275957614183426e-12
state_transition__PeMS::D12_I5_S::L5S-135__2025-10-01__136,NOx,69.86571692327819,69.86571692327819,0.0
state_transition__PeMS::D12_I5_S::L5S-135__2025-10-01__136,CO,604.9661690816441,604.9661690816442,1.1368683772161603e-13
state_transition__PeMS::D12_I5_S::L5S-135__2025-10-01__136,HC,23.36412192390345,23.36412192390346,1.0658141036401503e-14
state_transition__PeMS::D12_I5_S::L5S-136__2025-10-01__137,CO2,150299.1822739636,150299.1822739636,0.0
state_transition__PeMS::D12_I5_S::L5S-136__2025-10-01__137,NOx,111.71656476940312,111.71656476940316,4.263256414560601e-14
state_transition__PeMS::D12_I5_S::L5S-136__2025-10-01__137,CO,1374.286777973693,1374.286777973693,0.0
state_transition__PeMS::D12_I5_S::L5S-136__2025-10-01__137,HC,58.29874242043441,58.298742420434415,7.105427357601002e-15
state_transition__PeMS::D12_I5_S::L5S-137__2025-10-01__138,CO2,235840.5291031586,235840.5291031586,0.0
state_transition__PeMS::D12_I5_S::L5S-137__2025-10-01__138,NOx,197.41032395398423,197.41032395398426,2.842170943040401e-14
state_transition__PeMS::D12_I5_S::L5S-137__2025-10-01__138,CO,2138.375445335973,2138.375445335973,0.0
state_transition__PeMS::D12_I5_S::L5S-137__2025-10-01__138,HC,89.60199122023504,89.60199122023504,0.0
state_transition__PeMS::D12_I5_S::L5S-137__2025-10-01__139,CO2,40026.40401370825,40026.40401370825,0.0
state_transition__PeMS::D12_I5_S::L5S-137__2025-10-01__139,NOx,45.79918172455746,45.79918172455746,0.0
state_transition__PeMS::D12_I5_S::L5S-137__2025-10-01__139,CO,352.4362402570246,352.4362402570247,5.684341886080802e-14
state_transition__PeMS::D12_I5_S::L5S-137__2025-10-01__139,HC,13.942093366193236,13.94209336619324,3.552713678800501e-15
state_transition__PeMS::D12_I5_S::L5S-149__2025-10-01__142,CO2,141582.0791335048,141582.0791335048,0.0
state_transition__PeMS::D12_I5_S::L5S-149__2025-10-01__142,NOx,160.76551465045858,160.76551465045858,0.0
state_transition__PeMS::D12_I5_S::L5S-149__2025-10-01__142,CO,1308.683055808055,1308.683055808055,0.0
state_transition__PeMS::D12_I5_S::L5S-149__2025-10-01__142,HC,50.715640307917006,50.71564030791701,7.105427357601002e-15
state_transition__PeMS::D12_I5_S::L5S-156__2025-10-01__143,CO2,105851.32384186731,105851.32384186737,5.820766091346741e-11
state_transition__PeMS::D12_I5_S::L5S-156__2025-10-01__143,NOx,136.60305328365325,136.60305328365325,0.0
state_transition__PeMS::D12_I5_S::L5S-156__2025-10-01__143,CO,914.8041410961076,914.8041410961075,-1.1368683772161603e-13
state_transition__PeMS::D12_I5_S::L5S-156__2025-10-01__143,HC,35.7194050678357,35.7194050678357,0.0
state_transition__PeMS::D12_I5_S::L5S-158__2025-10-01__144,CO2,192735.83337409628,192735.8333740963,2.9103830456733704e-11
state_transition__PeMS::D12_I5_S::L5S-158__2025-10-01__144,NOx,202.8585625833094,202.8585625833094,0.0
state_transition__PeMS::D12_I5_S::L5S-158__2025-10-01__144,CO,1778.4727936608815,1778.472793660882,4.547473508864641e-13
state_transition__PeMS::D12_I5_S::L5S-158__2025-10-01__144,HC,69.7789294056463,69.77892940564631,1.4210854715202004e-14
state_transition__PeMS::D12_I5_S::L5S-161__2025-10-01__145,CO2,229611.28049552895,229611.280495529,5.820766091346741e-11
state_transition__PeMS::D12_I5_S::L5S-161__2025-10-01__145,NOx,218.4330032626628,218.43300326266285,5.684341886080802e-14
state_transition__PeMS::D12_I5_S::L5S-161__2025-10-01__145,CO,2165.079590857474,2165.079590857474,0.0
state_transition__PeMS::D12_I5_S::L5S-161__2025-10-01__145,HC,85.29824960165169,85.29824960165169,0.0
state_transition__PeMS::D12_I5_S::L5S-173__2025-10-01__146,CO2,142585.17133477883,142585.17133477883,0.0
state_transition__PeMS::D12_I5_S::L5S-173__2025-10-01__146,NOx,151.59464849261698,151.594648492617,2.842170943040401e-14
state_transition__PeMS::D12_I5_S::L5S-173__2025-10-01__146,CO,1327.5764413544666,1327.5764413544666,0.0
state_transition__PeMS::D12_I5_S::L5S-173__2025-10-01__146,HC,51.80143160861759,51.80143160861759,0.0
state_transition__PeMS::D12_I5_S::L5S-173__2025-10-01__147,CO2,44634.58189875489,44634.58189875489,0.0
state_transition__PeMS::D12_I5_S::L5S-173__2025-10-01__147,NOx,49.1928606739589,49.1928606739589,0.0
state_transition__PeMS::D12_I5_S::L5S-173__2025-10-01__147,CO,451.31186907398336,451.3118690739833,-5.684341886080802e-14
state_transition__PeMS::D12_I5_S::L5S-173__2025-10-01__147,HC,16.89843025171468,16.898430251714675,-3.552713678800501e-15
state_transition__PeMS::D12_I5_S::L5S-174__2025-10-01__148,CO2,104219.03458571076,104219.03458571076,0.0
state_transition__PeMS::D12_I5_S::L5S-174__2025-10-01__148,NOx,108.4341496045005,108.43414960450052,1.4210854715202004e-14
state_transition__PeMS::D12_I5_S::L5S-174__2025-10-01__148,CO,969.187906997723,969.1879069977231,1.1368683772161603e-13
state_transition__PeMS::D12_I5_S::L5S-174__2025-10-01__148,HC,37.95705374542819,37.95705374542819,0.0
state_transition__PeMS::D12_I5_S::L5S-181__2025-10-01__150,CO2,419164.73422503454,419164.73422503454,0.0
state_transition__PeMS::D12_I5_S::L5S-181__2025-10-01__150,NOx,297.7617018276766,297.7617018276766,0.0
state_transition__PeMS::D12_I5_S::L5S-181__2025-10-01__150,CO,3827.634157684057,3827.6341576840578,9.094947017729282e-13
state_transition__PeMS::D12_I5_S::L5S-181__2025-10-01__150,HC,163.30091371917592,163.30091371917592,0.0
state_transition__PeMS::D12_I5_S::L5S-181__2025-10-01__151,CO2,57270.32489314698,57270.324893146986,7.275957614183426e-12
state_transition__PeMS::D12_I5_S::L5S-181__2025-10-01__151,NOx,60.26206173582922,60.26206173582923,7.105427357601002e-15
state_transition__PeMS::D12_I5_S::L5S-181__2025-10-01__151,CO,566.1563414102976,566.1563414102977,1.1368683772161603e-13
state_transition__PeMS::D12_I5_S::L5S-181__2025-10-01__151,HC,21.54765583679732,21.547655836797322,3.552713678800501e-15
state_transition__PeMS::D12_I5_S::L5S-185__2025-10-01__152,CO2,302177.409222187,302177.409222187,0.0
state_transition__PeMS::D12_I5_S::L5S-185__2025-10-01__152,NOx,220.5567186990128,220.55671869901283,2.842170943040401e-14
state_transition__PeMS::D12_I5_S::L5S-185__2025-10-01__152,CO,2710.0040910553003,2710.004091055301,9.094947017729282e-13
state_transition__PeMS::D12_I5_S::L5S-185__2025-10-01__152,HC,116.18444309513148,116.18444309513147,-1.4210854715202004e-14
state_transition__PeMS::D12_I5_S::L5S-187__2025-10-01__155,CO2,136075.67451173917,136075.67451173917,0.0
state_transition__PeMS::D12_I5_S::L5S-187__2025-10-01__155,NOx,131.0823544308778,131.08235443087779,-2.842170943040401e-14
state_transition__PeMS::D12_I5_S::L5S-187__2025-10-01__155,CO,1290.478495508058,1290.4784955080581,2.2737367544323206e-13
state_transition__PeMS::D12_I5_S::L5S-187__2025-10-01__155,HC,50.627584121016525,50.62758412101653,7.105427357601002e-15
state_transition__PeMS::D12_I5_S::L5S-196__2025-10-01__157,CO2,69649.96724955428,69649.96724955428,0.0
state_transition__PeMS::D12_I5_S::L5S-196__2025-10-01__157,NOx,76.29927162540527,76.29927162540528,1.4210854715202004e-14
state_transition__PeMS::D12_I5_S::L5S-196__2025-10-01__157,CO,624.8567438940114,624.8567438940114,0.0
state_transition__PeMS::D12_I5_S::L5S-196__2025-10-01__157,HC,24.681268373492447,24.68126837349245,3.552713678800501e-15
state_transition__PeMS::D12_I5_S::L5S-197__2025-10-01__158,CO2,105767.8495394709,105767.84953947092,1.4551915228366852e-11
state_transition__PeMS::D12_I5_S::L5S-197__2025-10-01__158,NOx,98.12022335184464,98.12022335184463,-1.4210854715202004e-14
state_transition__PeMS::D12_I5_S::L5S-197__2025-10-01__158,CO,990.6895908203816,990.6895908203815,-1.1368683772161603e-13
state_transition__PeMS::D12_I5_S::L5S-197__2025-10-01__158,HC,39.55041481712424,39.550414817124235,-7.105427357601002e-15
state_transition__PeMS::D12_I5_S::L5S-220__2025-10-01__159,CO2,9783.95851700456,9783.958517004561,1.8189894035458565e-12
state_transition__PeMS::D12_I5_S::L5S-220__2025-10-01__159,NOx,9.958792698109624,9.958792698109626,1.7763568394002505e-15
state_transition__PeMS::D12_I5_S::L5S-220__2025-10-01__159,CO,91.82531435605488,91.82531435605488,0.0
state_transition__PeMS::D12_I5_S::L5S-220__2025-10-01__159,HC,3.592569919120915,3.592569919120915,0.0
state_transition__PeMS::D12_I5_S::L5S-223__2025-10-01__160,CO2,102278.9798352108,102278.97983521082,1.4551915228366852e-11
state_transition__PeMS::D12_I5_S::L5S-223__2025-10-01__160,NOx,129.1499320484342,129.14993204843424,2.842170943040401e-14
state_transition__PeMS::D12_I5_S::L5S-223__2025-10-01__160,CO,905.7911189194132,905.7911189194134,2.2737367544323206e-13
state_transition__PeMS::D12_I5_S::L5S-223__2025-10-01__160,HC,35.12823867681195,35.128238676811954,7.105427357601002e-15
state_transition__PeMS::D12_I5_S::L5S-240__2025-10-01__161,CO2,108944.75685929584,108944.75685929583,-1.4551915228366852e-11
state_transition__PeMS::D12_I5_S::L5S-240__2025-10-01__161,NOx,109.8173472807562,109.81734728075621,1.4210854715202004e-14
state_transition__PeMS::D12_I5_S::L5S-240__2025-10-01__161,CO,1055.2045271855193,1055.2045271855195,2.2737367544323206e-13
state_transition__PeMS::D12_I5_S::L5S-240__2025-10-01__161,HC,40.76286339644591,40.76286339644591,0.0
state_transition__PeMS::D12_I5_S::L5S-252__2025-10-01__162,CO2,713632.5156154791,713632.5156154791,0.0
state_transition__PeMS::D12_I5_S::L5S-252__2025-10-01__162,NOx,701.8599444080464,701.8599444080464,0.0
state_transition__PeMS::D12_I5_S::L5S-252__2025-10-01__162,CO,6832.938965399898,6832.938965399898,0.0
state_transition__PeMS::D12_I5_S::L5S-252__2025-10-01__162,HC,266.18939830119314,266.18939830119314,0.0
state_transition__PeMS::D12_I5_S::L5S-260__2025-10-01__163,CO2,206296.088861726,206296.08886172602,2.9103830456733704e-11
state_transition__PeMS::D12_I5_S::L5S-260__2025-10-01__163,NOx,215.2845201894793,215.2845201894793,0.0
state_transition__PeMS::D12_I5_S::L5S-260__2025-10-01__163,CO,2031.291761361398,2031.291761361398,0.0
state_transition__PeMS::D12_I5_S::L5S-260__2025-10-01__163,HC,77.53355687187695,77.53355687187698,2.842170943040401e-14
state_transition__PeMS::D12_I5_S::L5S-264__2025-10-01__166,CO2,97253.87598683951,97253.87598683951,0.0
state_transition__PeMS::D12_I5_S::L5S-264__2025-10-01__166,NOx,76.520820921458,76.52082092145801,1.4210854715202004e-14
state_transition__PeMS::D12_I5_S::L5S-264__2025-10-01__166,CO,893.779063702537,893.779063702537,0.0
state_transition__PeMS::D12_I5_S::L5S-264__2025-10-01__166,HC,37.373599838111154,37.373599838111154,0.0
state_transition__PeMS::D12_I5_S::L5S-264__2025-10-01__167,CO2,29321.396592526755,29321.396592526755,0.0
state_transition__PeMS::D12_I5_S::L5S-264__2025-10-01__167,NOx,29.752035638553405,29.75203563855341,3.552713678800501e-15
state_transition__PeMS::D12_I5_S::L5S-264__2025-10-01__167,CO,284.8831302413586,284.88313024135863,5.684341886080802e-14
state_transition__PeMS::D12_I5_S::L5S-264__2025-10-01__167,HC,10.98014334153,10.980143341529999,-1.7763568394002505e-15
state_transition__PeMS::D12_I5_S::L5S-267__2025-10-01__168,CO2,66212.07099369213,66212.07099369213,0.0
state_transition__PeMS::D12_I5_S::L5S-267__2025-10-01__168,NOx,55.39274279319561,55.392742793195616,7.105427357601002e-15
state_transition__PeMS::D12_I5_S::L5S-267__2025-10-01__168,CO,603.6296450237047,603.6296450237047,0.0
state_transition__PeMS::D12_I5_S::L5S-267__2025-10-01__168,HC,25.305017836723923,25.305017836723923,0.0
state_transition__PeMS::D12_I5_S::L5S-277__2025-10-01__171,CO2,39734.47658723233,39734.476587232326,-7.275957614183426e-12
state_transition__PeMS::D12_I5_S::L5S-277__2025-10-01__171,NOx,43.457385704594486,43.457385704594486,0.0
state_transition__PeMS::D12_I5_S::L5S-277__2025-10-01__171,CO,400.2510299772002,400.2510299772003,1.1368683772161603e-13
state_transition__PeMS::D12_I5_S::L5S-277__2025-10-01__171,HC,15.027493881138131,15.027493881138131,0.0
state_transition__PeMS::D7_I10_E::L10E-002__2025-10-01__173,CO2,29211.83046774812,29211.83046774812,0.0
state_transition__PeMS::D7_I10_E::L10E-002__2025-10-01__173,NOx,29.594110108387355,29.594110108387355,0.0
state_transition__PeMS::D7_I10_E::L10E-002__2025-10-01__173,CO,283.6072004131671,283.6072004131671,0.0
state_transition__PeMS::D7_I10_E::L10E-002__2025-10-01__173,HC,10.936910911350962,10.936910911350962,0.0
state_transition__PeMS::D7_I10_E::L10E-073__2025-10-01__177,CO2,20609.260858225025,20609.260858225025,0.0
state_transition__PeMS::D7_I10_E::L10E-073__2025-10-01__177,NOx,20.88410367763707,20.88410367763707,0.0
state_transition__PeMS::D7_I10_E::L10E-073__2025-10-01__177,CO,189.6985113942613,189.69851139426132,2.842170943040401e-14
state_transition__PeMS::D7_I10_E::L10E-073__2025-10-01__177,HC,7.491917608288631,7.491917608288631,0.0
state_transition__PeMS::D7_I10_E::L10E-100__2025-10-01__179,CO2,71275.03676319188,71275.03676319188,0.0
state_transition__PeMS::D7_I10_E::L10E-100__2025-10-01__179,NOx,91.7289493791503,91.7289493791503,0.0
state_transition__PeMS::D7_I10_E::L10E-100__2025-10-01__179,CO,638.1451662187442,638.1451662187442,0.0
state_transition__PeMS::D7_I10_E::L10E-100__2025-10-01__179,HC,24.54206778903169,24.542067789031695,3.552713678800501e-15
state_transition__PeMS::D7_I10_E::L10E-178__2025-10-01__182,CO2,61765.63626254552,61765.636262545515,-7.275957614183426e-12
state_transition__PeMS::D7_I10_E::L10E-178__2025-10-01__182,NOx,61.94128204877608,61.94128204877609,7.105427357601002e-15
state_transition__PeMS::D7_I10_E::L10E-178__2025-10-01__182,CO,596.7996867210159,596.7996867210159,0.0
state_transition__PeMS::D7_I10_E::L10E-178__2025-10-01__182,HC,23.095250769807546,23.095250769807542,-3.552713678800501e-15
state_transition__PeMS::D7_I10_E::L10E-221__2025-10-01__188,CO2,43879.102302027335,43879.102302027335,0.0
state_transition__PeMS::D7_I10_E::L10E-221__2025-10-01__188,NOx,43.58121301263445,43.58121301263445,0.0
state_transition__PeMS::D7_I10_E::L10E-221__2025-10-01__188,CO,405.9682001743863,405.9682001743862,-1.1368683772161603e-13
state_transition__PeMS::D7_I10_E::L10E-221__2025-10-01__188,HC,16.092262799937437,16.092262799937437,0.0
state_transition__PeMS::D7_I10_E::L10E-304__2025-10-01__194,CO2,62561.6909292974,62561.6909292974,0.0
state_transition__PeMS::D7_I10_E::L10E-304__2025-10-01__194,NOx,63.34061985239732,63.340619852397325,7.105427357601002e-15
state_transition__PeMS::D7_I10_E::L10E-304__2025-10-01__194,CO,607.2091603822516,607.2091603822518,1.1368683772161603e-13
state_transition__PeMS::D7_I10_E::L10E-304__2025-10-01__194,HC,23.42122614845153,23.42122614845153,0.0
state_transition__PeMS::D7_I10_E::L10E-326__2025-10-01__200,CO2,619121.1545562017,619121.1545562019,2.3283064365386963e-10
state_transition__PeMS::D7_I10_E::L10E-326__2025-10-01__200,NOx,609.9842757418043,609.9842757418043,0.0
state_transition__PeMS::D7_I10_E::L10E-326__2025-10-01__200,CO,5932.8730232459775,5932.8730232459775,0.0
state_transition__PeMS::D7_I10_E::L10E-326__2025-10-01__200,HC,230.9867904300671,230.98679043006715,5.684341886080802e-14
state_transition__PeMS::D7_I10_W::L10W-001__2025-10-01__207,CO2,34174.194272034125,34174.194272034125,0.0
state_transition__PeMS::D7_I10_W::L10W-001__2025-10-01__207,NOx,32.51047541223681,32.51047541223681,0.0
state_transition__PeMS::D7_I10_W::L10W-001__2025-10-01__207,CO,322.2396146770332,322.2396146770332,0.0
state_transition__PeMS::D7_I10_W::L10W-001__2025-10-01__207,HC,12.69536473408615,12.69536473408615,0.0
state_transition__PeMS::D7_I10_W::L10W-124__2025-10-01__215,CO2,3476.223773800516,3476.2237738005156,-4.547473508864641e-13
state_transition__PeMS::D7_I10_W::L10W-124__2025-10-01__215,NOx,4.122419652826219,4.122419652826219,0.0
state_transition__PeMS::D7_I10_W::L10W-124__2025-10-01__215,CO,33.01726403312117,33.01726403312117,0.0
state_transition__PeMS::D7_I10_W::L10W-124__2025-10-01__215,HC,1.2554726422286655,1.2554726422286655,0.0
state_transition__PeMS::D7_I10_W::L10W-147__2025-10-01__216,CO2,143101.2461298845,143101.24612988453,2.9103830456733704e-11
state_transition__PeMS::D7_I10_W::L10W-147__2025-10-01__216,NOx,129.78603530309385,129.78603530309385,0.0
state_transition__PeMS::D7_I10_W::L10W-147__2025-10-01__216,CO,1316.8761479028904,1316.8761479028906,2.2737367544323206e-13
state_transition__PeMS::D7_I10_W::L10W-147__2025-10-01__216,HC,54.1194943112703,54.1194943112703,0.0
state_transition__PeMS::D7_I10_W::L10W-147__2025-10-01__217,CO2,24274.62692465389,24274.626924653894,3.637978807091713e-12
state_transition__PeMS::D7_I10_W::L10W-147__2025-10-01__217,NOx,25.576704177899305,25.576704177899302,-3.552713678800501e-15
state_transition__PeMS::D7_I10_W::L10W-147__2025-10-01__217,CO,240.12502982897632,240.12502982897632,0.0
state_transition__PeMS::D7_I10_W::L10W-147__2025-10-01__217,HC,9.134801372996618,9.134801372996618,0.0
state_transition__PeMS::D7_I10_W::L10W-302__2025-10-01__230,CO2,192835.16486182035,192835.16486182038,2.9103830456733704e-11
state_transition__PeMS::D7_I10_W::L10W-302__2025-10-01__230,NOx,219.26284482545648,219.26284482545657,8.526512829121202e-14
state_transition__PeMS::D7_I10_W::L10W-302__2025-10-01__230,CO,1980.2591250498945,1980.259125049895,4.547473508864641e-13
state_transition__PeMS::D7_I10_W::L10W-302__2025-10-01__230,HC,73.32372426903561,73.32372426903562,1.4210854715202004e-14
state_transition__PeMS::D7_I10_W::L10W-302__2025-10-01__231,CO2,133208.47552212948,133208.47552212948,0.0
state_transition__PeMS::D7_I10_W::L10W-302__2025-10-01__231,NOx,145.1919905780411,145.1919905780411,0.0
state_transition__PeMS::D7_I10_W::L10W-302__2025-10-01__231,CO,1339.578677928976,1339.578677928976,0.0
state_transition__PeMS::D7_I10_W::L10W-302__2025-10-01__231,HC,50.35572476316425,50.35572476316425,0.0
state_transition__PeMS::D7_I10_W::L10W-371__2025-10-01__234,CO2,72105.47916647755,72105.47916647755,0.0
state_transition__PeMS::D7_I10_W::L10W-371__2025-10-01__234,NOx,69.61958469313784,69.61958469313784,0.0
state_transition__PeMS::D7_I10_W::L10W-371__2025-10-01__234,CO,684.5385026838928,684.5385026838928,0.0
state_transition__PeMS::D7_I10_W::L10W-371__2025-10-01__234,HC,26.834716678996973,26.834716678996973,0.0
state_transition__PeMS::D7_I10_W::L10W-371__2025-10-01__235,CO2,32562.88422078968,32562.884220789678,-3.637978807091713e-12
state_transition__PeMS::D7_I10_W::L10W-371__2025-10-01__235,NOx,33.02845321104691,33.028453211046916,7.105427357601002e-15
state_transition__PeMS::D7_I10_W::L10W-371__2025-10-01__235,CO,316.319705381346,316.319705381346,0.0
state_transition__PeMS::D7_I10_W::L10W-371__2025-10-01__235,HC,12.193403614287451,12.193403614287453,1.7763568394002505e-15
state_transition__PeMS::D7_I210_E::L210E-042__2025-10-01__244,CO2,14769.332718792291,14769.332718792293,1.8189894035458565e-12
state_transition__PeMS::D7_I210_E::L210E-042__2025-10-01__244,NOx,14.421938338139134,14.421938338139134,0.0
state_transition__PeMS::D7_I210_E::L210E-042__2025-10-01__244,CO,140.94530752009354,140.94530752009354,0.0
state_transition__PeMS::D7_I210_E::L210E-042__2025-10-01__244,HC,5.504165533400911,5.504165533400912,8.881784197001252e-16
state_transition__PeMS::D7_I210_E::L210E-042__2025-10-01__245,CO2,30559.63108382383,30559.63108382383,0.0
state_transition__PeMS::D7_I210_E::L210E-042__2025-10-01__245,NOx,29.07188175525481,29.071881755254815,3.552713678800501e-15
state_transition__PeMS::D7_I210_E::L210E-042__2025-10-01__245,CO,288.15672044043583,288.15672044043583,0.0
state_transition__PeMS::D7_I210_E::L210E-042__2025-10-01__245,HC,11.352591363529095,11.352591363529095,0.0
state_transition__PeMS::D7_I210_E::L210E-046__2025-10-01__246,CO2,72636.71255403898,72636.71255403898,0.0
state_transition__PeMS::D7_I210_E::L210E-046__2025-10-01__246,NOx,74.68399875132812,74.68399875132813,1.4210854715202004e-14
state_transition__PeMS::D7_I210_E::L210E-046__2025-10-01__246,CO,710.1630969180443,710.1630969180444,1.1368683772161603e-13
state_transition__PeMS::D7_I210_E::L210E-046__2025-10-01__246,HC,27.24686074370663,27.246860743706634,3.552713678800501e-15
state_transition__PeMS::D7_I210_E::L210E-065__2025-10-01__247,CO2,70993.2758549612,70993.2758549612,0.0
state_transition__PeMS::D7_I210_E::L210E-065__2025-10-01__247,NOx,62.357440153847655,62.35744015384766,7.105427357601002e-15
state_transition__PeMS::D7_I210_E::L210E-065__2025-10-01__247,CO,657.3385646938476,657.3385646938476,0.0
state_transition__PeMS::D7_I210_E::L210E-065__2025-10-01__247,HC,27.04390297925353,27.043902979253527,-3.552713678800501e-15
state_transition__PeMS::D7_I210_E::L210E-070__2025-10-01__248,CO2,586032.3700070335,586032.3700070335,0.0
state_transition__PeMS::D7_I210_E::L210E-070__2025-10-01__248,NOx,565.0670814658181,565.0670814658181,0.0
state_transition__PeMS::D7_I210_E::L210E-070__2025-10-01__248,CO,5560.097317039845,5560.097317039846,9.094947017729282e-13
state_transition__PeMS::D7_I210_E::L210E-070__2025-10-01__248,HC,218.0614612679647,218.06146126796472,2.842170943040401e-14
state_transition__PeMS::D7_I210_E::L210E-128__2025-10-01__249,CO2,264024.46929132886,264024.46929132886,0.0
state_transition__PeMS::D7_I210_E::L210E-128__2025-10-01__249,NOx,202.7624070997307,202.7624070997307,0.0
state_transition__PeMS::D7_I210_E::L210E-128__2025-10-01__249,CO,2411.897567150217,2411.897567150217,0.0
state_transition__PeMS::D7_I210_E::L210E-128__2025-10-01__249,HC,102.02283213007335,102.02283213007337,1.4210854715202004e-14
state_transition__PeMS::D7_I210_E::L210E-304__2025-10-01__259,CO2,39106.50629302741,39106.50629302741,0.0
state_transition__PeMS::D7_I210_E::L210E-304__2025-10-01__259,NOx,49.35724198851338,49.35724198851338,0.0
state_transition__PeMS::D7_I210_E::L210E-304__2025-10-01__259,CO,410.6714068532828,410.67140685328275,-5.684341886080802e-14
state_transition__PeMS::D7_I210_E::L210E-304__2025-10-01__259,HC,14.81930287834358,14.819302878343581,1.7763568394002505e-15
state_transition__PeMS::D7_I210_E::L210E-314__2025-10-01__260,CO2,249923.0006650537,249923.0006650537,0.0
state_transition__PeMS::D7_I210_E::L210E-314__2025-10-01__260,NOx,240.26892828841335,240.2689282884134,5.684341886080802e-14
state_transition__PeMS::D7_I210_E::L210E-314__2025-10-01__260,CO,2367.969117889183,2367.969117889183,0.0
state_transition__PeMS::D7_I210_E::L210E-314__2025-10-01__260,HC,92.96224723537074,92.96224723537074,0.0
state_transition__PeMS::D7_I210_W::L210W-001__2025-10-01__262,CO2,187595.50604865688,187595.5060486569,2.9103830456733704e-11
state_transition__PeMS::D7_I210_W::L210W-001__2025-10-01__262,NOx,172.3507825650238,172.35078256502382,2.842170943040401e-14
state_transition__PeMS::D7_I210_W::L210W-001__2025-10-01__262,CO,1724.8866523728066,1724.8866523728066,0.0
state_transition__PeMS::D7_I210_W::L210W-001__2025-10-01__262,HC,70.5100695513254,70.51006955132542,1.4210854715202004e-14
state_transition__PeMS::D7_I210_W::L210W-028__2025-10-01__265,CO2,6166.322578457227,6166.322578457228,9.094947017729282e-13
state_transition__PeMS::D7_I210_W::L210W-028__2025-10-01__265,NOx,6.037528840700091,6.03752884070009,-8.881784197001252e-16
state_transition__PeMS::D7_I210_W::L210W-028__2025-10-01__265,CO,58.91933404129424,58.919334041294235,-7.105427357601002e-15
state_transition__PeMS::D7_I210_W::L210W-028__2025-10-01__265,HC,2.2988015675973874,2.2988015675973874,0.0
state_transition__PeMS::D7_I210_W::L210W-141__2025-10-01__272,CO2,304614.8843284865,304614.88432848646,-5.820766091346741e-11
state_transition__PeMS::D7_I210_W::L210W-141__2025-10-01__272,NOx,303.4005286069371,303.4005286069371,0.0
state_transition__PeMS::D7_I210_W::L210W-141__2025-10-01__272,CO,2933.879959652399,2933.879959652399,0.0
state_transition__PeMS::D7_I210_W::L210W-141__2025-10-01__272,HC,113.80280224629216,113.80280224629216,0.0
state_transition__PeMS::D7_I210_W::L210W-143__2025-10-01__273,CO2,30072.29515973405,30072.29515973406,1.0913936421275139e-11
state_transition__PeMS::D7_I210_W::L210W-143__2025-10-01__273,NOx,30.983647496973475,30.98364749697348,3.552713678800501e-15
state_transition__PeMS::D7_I210_W::L210W-143__2025-10-01__273,CO,264.670330044739,264.670330044739,0.0
state_transition__PeMS::D7_I210_W::L210W-143__2025-10-01__273,HC,10.792344670797746,10.792344670797746,0.0
state_transition__PeMS::D7_I210_W::L210W-143__2025-10-01__274,CO2,44811.1939923873,44811.193992387314,1.4551915228366852e-11
state_transition__PeMS::D7_I210_W::L210W-143__2025-10-01__274,NOx,43.648184237948186,43.648184237948186,0.0
state_transition__PeMS::D7_I210_W::L210W-143__2025-10-01__274,CO,427.1451311123423,427.14513111234237,5.684341886080802e-14
state_transition__PeMS::D7_I210_W::L210W-143__2025-10-01__274,HC,16.69489023248295,16.69489023248295,0.0
state_transition__PeMS::D7_I405_S::L405S-061__2025-10-01__312,CO2,329782.8457902788,329782.8457902788,0.0
state_transition__PeMS::D7_I405_S::L405S-061__2025-10-01__312,NOx,307.5554030843525,307.5554030843525,0.0
state_transition__PeMS::D7_I405_S::L405S-061__2025-10-01__312,CO,3093.2507524186176,3093.2507524186176,0.0
state_transition__PeMS::D7_I405_S::L405S-061__2025-10-01__312,HC,123.15017200875748,123.15017200875748,0.0
state_transition__PeMS::D7_I405_S::L405S-073__2025-10-01__314,CO2,583925.8632342857,583925.8632342857,0.0
state_transition__PeMS::D7_I405_S::L405S-073__2025-10-01__314,NOx,543.2199845237892,543.2199845237892,0.0
state_transition__PeMS::D7_I405_S::L405S-073__2025-10-01__314,CO,5492.566697172896,5492.566697172896,0.0
state_transition__PeMS::D7_I405_S::L405S-073__2025-10-01__314,HC,219.7360829782241,219.7360829782241,0.0
state_transition__PeMS::D7_I405_S::L405S-087__2025-10-01__316,CO2,1682689.6236441687,1682689.6236441687,0.0
state_transition__PeMS::D7_I405_S::L405S-087__2025-10-01__316,NOx,1298.8234758672058,1298.8234758672058,0.0
state_transition__PeMS::D7_I405_S::L405S-087__2025-10-01__316,CO,15481.687534292498,15481.687534292498,0.0
state_transition__PeMS::D7_I405_S::L405S-087__2025-10-01__316,HC,650.4413174497776,650.4413174497776,0.0
state_transition__PeMS::D7_I405_S::L405S-234__2025-10-01__318,CO2,314284.0514151508,314284.0514151508,0.0
state_transition__PeMS::D7_I405_S::L405S-234__2025-10-01__318,NOx,298.98360864506964,298.98360864506964,0.0
state_transition__PeMS::D7_I405_S::L405S-234__2025-10-01__318,CO,2963.486741515706,2963.4867415157064,4.547473508864641e-13
state_transition__PeMS::D7_I405_S::L405S-234__2025-10-01__318,HC,116.75332067994748,116.75332067994748,0.0
state_transition__PeMS::D7_I405_S::L405S-336__2025-10-01__319,CO2,8967.82380679571,8967.82380679571,0.0
state_transition__PeMS::D7_I405_S::L405S-336__2025-10-01__319,NOx,8.900287995335935,8.900287995335935,0.0
state_transition__PeMS::D7_I405_S::L405S-336__2025-10-01__319,CO,84.22512892989673,84.22512892989673,0.0
state_transition__PeMS::D7_I405_S::L405S-336__2025-10-01__319,HC,3.3056444419732878,3.3056444419732878,0.0
state_transition__PeMS::D7_I405_S::L405S-425__2025-10-01__325,CO2,147132.0432412678,147132.0432412678,0.0
state_transition__PeMS::D7_I405_S::L405S-425__2025-10-01__325,NOx,99.87197336189836,99.87197336189837,1.4210854715202004e-14
state_transition__PeMS::D7_I405_S::L405S-425__2025-10-01__325,CO,1333.835509123604,1333.8355091236037,-2.2737367544323206e-13
state_transition__PeMS::D7_I405_S::L405S-425__2025-10-01__325,HC,57.5344794731281,57.5344794731281,0.0
