date,holdout,t0_h,t2_h,t3_h,P_h,peak_delay_h,mean_delay_h,period
2016-01-04,False,13.166666666666666,13.333333333333332,13.666666666666666,0.5,0.04171100791207835,0.034633622375883605,MD
2016-01-04,False,15.333333333333332,17.333333333333332,19.083333333333332,3.75,0.605289125019218,0.23295402507820126,PM
2016-01-05,False,12.083333333333332,17.333333333333332,19.083333333333332,7.0,0.606305477774348,0.25131864093037015,PM
2016-01-06,False,14.5,17.416666666666664,18.666666666666664,4.166666666666666,0.3481084563957699,0.15812686976405935,PM
2016-01-07,False,9.0,9.583333333333332,10.666666666666666,1.6666666666666665,0.0496357195873349,0.03907408561679106,AM
2016-01-07,False,15.0,16.75,18.5,3.5,0.4389897596085133,0.2589340032946217,PM
2016-01-08,False,13.75,17.25,19.25,5.5,0.3552930545335782,0.16888103123895706,PM
2016-01-11,False,9.416666666666666,9.666666666666666,10.25,0.8333333333333333,0.09292069270598888,0.06536846720457806,AM
2016-01-12,False,14.583333333333332,17.333333333333332,19.583333333333332,5.0,0.662397317520937,0.29464085659212447,PM
2016-01-13,False,14.583333333333332,17.25,19.166666666666664,4.583333333333333,0.43862504648428935,0.20797927926782908,PM
2016-01-14,False,14.666666666666666,17.416666666666664,19.75,5.083333333333333,0.6374004017834798,0.31635411987855355,PM
2016-01-15,False,10.333333333333332,10.666666666666666,12.25,1.9166666666666665,0.12305976835019103,0.07916611322635642,MD
2016-01-15,False,13.833333333333332,15.5,20.083333333333332,6.25,0.45367002349225327,0.21181276339049046,MD
2016-01-18,False,14.666666666666666,16.5,17.583333333333332,2.9166666666666665,0.14030661647683737,0.06082992906396087,PM
2016-01-19,False,14.25,17.416666666666664,19.083333333333332,4.833333333333333,0.4507629400618631,0.19547786700978734,PM
2016-01-20,False,14.5,17.0,19.083333333333332,4.583333333333333,0.4939937638553813,0.22131391489919292,PM
2016-01-20,False,19.75,20.25,20.583333333333332,0.8333333333333333,0.0827422851954713,0.061813431128635604,NT
2016-01-21,False,14.5,17.083333333333332,19.25,4.75,0.44986667399386615,0.20555254286151306,PM
2016-01-22,False,13.583333333333332,16.916666666666664,19.583333333333332,6.0,0.2796674766587399,0.12148641203407876,PM
2016-01-25,False,14.666666666666666,16.166666666666664,18.833333333333332,4.166666666666666,0.522857222419435,0.237941555838362,PM
2016-01-26,False,14.666666666666666,17.416666666666664,20.083333333333332,5.416666666666666,0.35767851377244053,0.17230320787961592,PM
2016-01-27,False,14.583333333333332,17.25,19.0,4.416666666666666,0.4049480986408893,0.18644626279624674,PM
2016-01-28,False,12.25,16.333333333333332,17.25,5.0,0.1794600956308505,0.08718392349181822,PM
2016-01-29,False,14.083333333333332,17.416666666666664,18.833333333333332,4.75,0.297359953619849,0.17325997332192275,PM
2016-02-01,False,14.75,17.166666666666664,18.416666666666664,3.6666666666666665,0.27990794561093235,0.15042957685901412,PM
2016-02-02,False,14.416666666666666,17.416666666666664,19.5,5.083333333333333,0.5726537397233811,0.21617447661417108,PM
2016-02-03,False,14.25,17.416666666666664,19.083333333333332,4.833333333333333,0.4421377607553465,0.22771225186523555,PM
2016-02-04,False,14.25,17.25,19.5,5.25,0.4520102425755175,0.18964300867189524,PM
2016-02-08,False,14.5,16.5,18.5,4.0,0.252413239731232,0.13763907930170405,PM
2016-02-09,False,14.5,17.666666666666664,18.833333333333332,4.333333333333333,0.3756553992610625,0.19549697365165228,PM
2016-02-10,False,14.5,17.25,19.166666666666664,4.666666666666666,0.3952564006251782,0.1949241690028217,PM
2016-02-11,False,14.333333333333332,17.666666666666664,20.083333333333332,5.75,0.49284089511583584,0.21887937365103685,PM
2016-02-12,False,12.916666666666666,17.5,19.75,6.833333333333333,0.4268477368802861,0.17612559862755317,PM
2016-02-15,False,14.833333333333332,17.166666666666664,18.416666666666664,3.583333333333333,0.21967682460046498,0.1255961334192301,PM
2016-02-16,False,14.666666666666666,17.0,19.25,4.583333333333333,0.5388511198394879,0.25778610556403725,PM
2016-02-17,False,14.166666666666666,16.833333333333332,18.833333333333332,4.666666666666666,0.40374488039960266,0.18930322884730863,PM
2016-02-18,False,13.833333333333332,17.583333333333332,19.75,5.916666666666666,0.39814274003540984,0.1906555575650188,PM
2016-02-19,False,13.333333333333332,17.25,19.0,5.666666666666666,0.3377789155014552,0.16636309191233714,PM
2016-02-22,False,14.0,17.5,19.083333333333332,5.083333333333333,0.45687094608976064,0.18675190013676432,PM
2016-02-23,False,14.666666666666666,17.25,18.916666666666664,4.25,0.3578838419024768,0.1817845345092585,PM
2016-02-24,False,11.833333333333332,11.833333333333332,12.583333333333332,0.75,0.03577526878562673,0.030675900987866767,MD
2016-02-24,False,13.333333333333332,17.333333333333332,20.333333333333332,7.0,0.545148082344574,0.2022735137278334,PM
2016-02-25,False,14.25,17.166666666666664,19.0,4.75,0.3926717298553468,0.18319041749324225,PM
2016-02-26,False,12.666666666666666,16.333333333333332,19.75,7.083333333333333,0.44682552424704536,0.19988597284134632,PM
2016-02-29,False,14.25,17.25,19.0,4.75,0.34117189553620175,0.19328453787131775,PM
2016-03-01,False,13.666666666666666,17.5,18.916666666666664,5.25,0.44324707255747864,0.1727167972580878,PM
2016-03-02,False,13.916666666666666,17.166666666666664,19.0,5.083333333333333,0.4136618889475576,0.19487691282244166,PM
2016-03-03,False,13.75,17.166666666666664,20.0,6.25,0.3721647181470642,0.16728038826456187,PM
2016-03-04,False,12.166666666666666,16.166666666666664,19.833333333333332,7.666666666666666,0.4241217700526638,0.17447099314077633,PM
2016-03-07,False,12.75,12.916666666666666,13.416666666666666,0.6666666666666666,0.09282501620420633,0.06012666728435698,MD
2016-03-07,False,14.166666666666666,17.333333333333332,19.666666666666664,5.5,0.2828898099245043,0.1404330396458067,PM
2016-03-08,False,14.0,16.75,19.5,5.5,0.46145367912971746,0.1899264997541457,PM
2016-03-11,False,12.0,17.416666666666664,18.916666666666664,6.916666666666666,0.28157249638056125,0.12137863690528825,PM
2016-03-14,False,14.833333333333332,17.25,19.083333333333332,4.25,0.4615712586768437,0.20929594314170266,PM
2016-03-15,False,13.75,16.333333333333332,19.666666666666664,5.916666666666666,0.37449702155208353,0.1798014091064837,PM
2016-03-16,False,13.916666666666666,17.166666666666664,19.0,5.083333333333333,0.4536649441162508,0.2139512203004367,PM
2016-03-17,False,14.0,16.25,19.666666666666664,5.666666666666666,0.5914059141270078,0.27618943570192345,PM
2016-03-18,False,11.166666666666666,12.083333333333332,18.333333333333332,7.166666666666666,0.346025605483109,0.17587948996466696,MD
2016-03-21,False,13.333333333333332,17.25,18.5,5.166666666666666,0.29021707505888283,0.11148573476612791,PM
2016-03-22,False,13.666666666666666,17.083333333333332,19.083333333333332,5.416666666666666,0.48896224020219403,0.2303513391351805,PM
2016-03-23,False,12.583333333333332,17.25,19.25,6.666666666666666,0.343583373535302,0.14078206161718515,PM
2016-03-24,False,13.5,16.166666666666664,19.583333333333332,6.083333333333333,0.49570528646134715,0.2547939782794483,PM
2016-03-25,False,11.75,16.333333333333332,18.166666666666664,6.416666666666666,0.1793381863761949,0.09329101479373472,PM
2016-03-28,False,14.0,16.916666666666664,19.0,5.0,0.42352696361546815,0.20935354462736663,PM
2016-03-29,False,13.5,17.0,19.166666666666664,5.666666666666666,0.4150800292558037,0.25175425230435133,PM
2016-03-30,False,13.416666666666666,17.25,20.083333333333332,6.666666666666666,0.44594265067980654,0.19907526643692167,PM
2016-03-31,False,14.083333333333332,17.166666666666664,18.916666666666664,4.833333333333333,0.37192624132664687,0.17492613972506202,PM
2016-04-01,False,13.666666666666666,16.916666666666664,20.083333333333332,6.416666666666666,0.36347932480428025,0.11829825331290336,PM
2016-04-01,False,20.833333333333332,21.0,21.666666666666664,0.8333333333333333,0.1015647507876016,0.05167078945502809,NT
2016-04-04,False,14.0,17.333333333333332,18.833333333333332,4.833333333333333,0.3208993226415471,0.15758016605587705,PM
2016-04-05,False,13.75,17.333333333333332,18.75,5.0,0.46137273714713967,0.17668612758047791,PM
2016-04-06,False,14.0,16.833333333333332,18.583333333333332,4.583333333333333,0.4012676500742911,0.17413820776988678,PM
2016-04-06,False,19.416666666666664,19.833333333333332,20.166666666666664,0.75,0.06941225306718388,0.054783911477616104,PM
2016-04-07,False,13.416666666666666,17.25,19.5,6.083333333333333,0.3061831825967145,0.11660904913728681,PM
2016-04-08,False,13.333333333333332,17.5,18.916666666666664,5.583333333333333,0.3587513760210319,0.1479612711587984,PM
2016-04-11,False,14.25,16.916666666666664,18.333333333333332,4.083333333333333,0.27637588427620496,0.11704608387924137,PM
2016-04-12,False,14.166666666666666,16.833333333333332,19.083333333333332,4.916666666666666,0.5675922047049893,0.24935537730490911,PM
2016-04-13,False,13.75,17.25,18.833333333333332,5.083333333333333,0.3545541107204917,0.1510593746672761,PM
2016-04-14,False,13.416666666666666,17.083333333333332,19.083333333333332,5.666666666666666,0.375366485836536,0.16594102748536305,PM
2016-04-15,False,12.333333333333332,12.333333333333332,12.916666666666666,0.5833333333333333,0.03796966890790096,0.032852864329569895,MD
2016-04-15,False,13.25,16.25,18.333333333333332,5.083333333333333,0.32087650995559525,0.1474064783170552,PM
2016-04-18,False,13.666666666666666,17.333333333333332,18.583333333333332,4.916666666666666,0.29472998651395255,0.13161156003493388,PM
2016-04-19,False,14.166666666666666,17.416666666666664,18.666666666666664,4.5,0.21840727345165598,0.10174745265266652,PM
2016-04-20,False,13.75,17.166666666666664,18.833333333333332,5.083333333333333,0.39457478444533134,0.15994926730688133,PM
2016-04-21,False,13.666666666666666,17.25,18.583333333333332,4.916666666666666,0.323256393674213,0.14883065772678214,PM
2016-04-22,False,12.833333333333332,16.916666666666664,18.833333333333332,6.0,0.28287635403230293,0.13725916616828182,PM
2016-04-25,False,13.916666666666666,16.75,18.166666666666664,4.25,0.1720083496825273,0.08992574709231388,PM
2016-04-26,False,13.916666666666666,17.333333333333332,18.583333333333332,4.666666666666666,0.35270472887452353,0.15197619551676467,PM
2016-04-27,False,13.75,16.833333333333332,18.583333333333332,4.833333333333333,0.31202968871475445,0.1298440344857333,PM
2016-04-28,False,13.75,17.083333333333332,18.833333333333332,5.083333333333333,0.36548464419869386,0.15975424576239922,PM
2016-04-29,False,12.75,17.166666666666664,18.416666666666664,5.666666666666666,0.2828070374408247,0.11302538204110799,PM
2016-05-02,False,14.333333333333332,16.25,18.416666666666664,4.083333333333333,0.2256578719510491,0.12721384332090535,PM
2016-05-03,False,13.916666666666666,16.833333333333332,18.666666666666664,4.75,0.36332055712644884,0.15076438700166395,PM
2016-05-04,False,14.083333333333332,17.25,18.666666666666664,4.583333333333333,0.3204481078697219,0.15496319466342212,PM
2016-05-05,False,13.916666666666666,17.416666666666664,18.833333333333332,4.916666666666666,0.354733865618285,0.17148419316229055,PM
2016-05-06,False,13.416666666666666,16.5,18.666666666666664,5.25,0.2385980555233926,0.1341685924421421,PM
2016-05-09,False,14.25,17.083333333333332,18.583333333333332,4.333333333333333,0.36791993034979154,0.18667789632044632,PM
2016-05-10,False,13.75,16.916666666666664,19.0,5.25,0.4806166399056542,0.20289974468998503,PM
2016-05-11,False,13.75,16.0,18.75,5.0,0.4119239022841006,0.19977376175084563,PM
2016-05-12,False,14.083333333333332,16.75,18.75,4.666666666666666,0.32724294429416556,0.16046179521476306,PM
2016-05-13,False,7.166666666666666,7.25,7.833333333333333,0.6666666666666666,0.06032378894424448,0.044886856499490285,AM
2016-05-13,False,13.25,16.5,18.25,5.0,0.3974233835111418,0.16836459338887966,PM
2016-05-16,False,14.083333333333332,16.5,18.333333333333332,4.25,0.4737048832312025,0.17457063289573527,PM
2016-05-17,False,13.416666666666666,16.583333333333332,18.5,5.083333333333333,0.21746380855929723,0.11185311779169296,PM
2016-05-18,False,14.083333333333332,16.75,18.916666666666664,4.833333333333333,0.3529592302308222,0.1715040085154874,PM
2016-05-19,False,12.75,12.916666666666666,13.583333333333332,0.8333333333333333,0.04191208886804795,0.031765576018434924,MD
2016-05-19,False,14.0,16.666666666666664,18.5,4.5,0.3160850848006751,0.1720241756928054,PM
2016-05-20,False,13.666666666666666,16.666666666666664,17.916666666666664,4.25,0.25062410897224563,0.12948525403224787,PM
2016-05-23,False,13.916666666666666,16.5,18.166666666666664,4.25,0.19735773097423157,0.0944172213992727,PM
2016-05-24,False,13.916666666666666,17.083333333333332,18.416666666666664,4.5,0.2905271329001229,0.1427501096754236,PM
2016-05-25,False,13.666666666666666,17.083333333333332,18.75,5.083333333333333,0.30232113010737205,0.14253783969160883,PM
2016-05-26,False,13.583333333333332,17.083333333333332,18.666666666666664,5.083333333333333,0.3008324862329159,0.1430154165628986,PM
2016-05-31,False,13.916666666666666,17.5,18.583333333333332,4.666666666666666,0.2788842169187289,0.1204034946803697,PM
2016-06-01,False,13.75,16.0,18.166666666666664,4.416666666666666,0.24310071495469196,0.10910331051967814,PM
2016-06-02,False,13.75,17.083333333333332,19.166666666666664,5.416666666666666,0.3656884856486391,0.1605254325839616,PM
2016-06-03,False,13.083333333333332,15.25,19.75,6.666666666666666,0.5406230997438302,0.18211317332626648,MD
2016-06-06,False,12.0,12.416666666666666,13.083333333333332,1.0833333333333333,0.09470533247698484,0.06323031427972417,MD
2016-06-06,False,14.083333333333332,16.166666666666664,17.666666666666664,3.583333333333333,0.11436834201490151,0.061156188438044545,PM
2016-06-07,False,14.333333333333332,16.0,18.583333333333332,4.25,0.3619314827321949,0.16871492169707053,PM
2016-06-08,False,12.333333333333332,12.833333333333332,13.25,0.9166666666666666,0.1457531806677119,0.09255911772693623,MD
2016-06-08,False,13.75,17.25,19.083333333333332,5.333333333333333,0.32148782579542523,0.16231157068649765,PM
2016-06-09,False,13.75,17.25,18.166666666666664,4.416666666666666,0.23984083863282898,0.12465107786843321,PM
2016-06-13,False,13.833333333333332,16.75,18.75,4.916666666666666,0.21976393508602052,0.11787319131681964,PM
2016-06-14,False,13.75,17.083333333333332,18.416666666666664,4.666666666666666,0.18960121488796752,0.09726723409628255,PM
2016-06-15,False,12.583333333333332,13.166666666666666,13.416666666666666,0.8333333333333333,0.05436752112857854,0.034000338330394064,MD
2016-06-15,False,13.75,16.416666666666664,18.5,4.75,0.30874394457586174,0.14692057814886583,PM
2016-06-16,False,13.666666666666666,17.083333333333332,19.416666666666664,5.75,0.38862258398949034,0.16745712974308263,PM
2016-06-17,False,13.583333333333332,16.0,22.5,8.916666666666666,0.22380467621185482,0.13498306854003922,PM
2016-06-20,False,12.333333333333332,12.5,18.0,5.666666666666666,0.20211214118445306,0.07796913086084986,MD
2016-06-21,False,13.833333333333332,17.0,18.416666666666664,4.583333333333333,0.20664436056603017,0.11865883848764613,PM
2016-06-23,False,13.75,17.75,18.916666666666664,5.166666666666666,0.29261959245396607,0.08935629333823228,PM
2016-06-24,False,12.916666666666666,16.5,17.583333333333332,4.666666666666666,0.1390034986876207,0.06122507319880344,PM
2016-06-27,False,13.75,14.083333333333332,14.333333333333332,0.5833333333333333,0.04601583479161328,0.03711049007478384,MD
2016-06-27,False,14.666666666666666,16.916666666666664,18.083333333333332,3.4166666666666665,0.14373413874887483,0.06794639926586893,PM
2016-07-01,False,13.75,15.833333333333332,17.5,3.75,0.1899419417057073,0.08456785347958246,MD
2016-07-06,False,14.25,17.333333333333332,18.75,4.5,0.4223913009572504,0.17625871386579933,PM
2016-07-07,False,13.666666666666666,17.0,18.166666666666664,4.5,0.18731273095661558,0.09068992521567354,PM
2016-07-08,False,13.583333333333332,15.666666666666666,17.75,4.166666666666666,0.09497062099938255,0.05271468158249018,MD
2016-07-11,False,14.416666666666666,16.833333333333332,18.166666666666664,3.75,0.15531840175470443,0.08278683796678285,PM
2016-07-12,False,14.0,17.25,18.5,4.5,0.22174766285533473,0.09984462310683367,PM
2016-07-13,False,13.75,17.083333333333332,18.583333333333332,4.833333333333333,0.2099298300960539,0.10220489371181468,PM
2016-07-15,False,13.75,16.5,18.416666666666664,4.666666666666666,0.2306417681292023,0.10713706235892312,PM
2016-07-19,False,13.75,16.916666666666664,18.75,5.0,0.32311011394322886,0.1151666355404454,PM
2016-07-20,False,14.5,16.833333333333332,18.333333333333332,3.833333333333333,0.24358466691833677,0.11438346374144137,PM
2016-07-21,False,13.333333333333332,16.833333333333332,18.583333333333332,5.25,0.28405216170923975,0.11556856305413149,PM
2016-07-22,False,13.833333333333332,16.333333333333332,17.916666666666664,4.083333333333333,0.2161038094852392,0.1006275559458901,PM
2016-07-22,False,20.583333333333332,21.166666666666664,21.583333333333332,1.0,0.18134598920692377,0.12027694451796417,NT
2016-07-25,False,13.666666666666666,17.166666666666664,18.666666666666664,5.0,0.15948359194297887,0.07842621507871184,PM
2016-07-28,False,13.75,17.083333333333332,18.5,4.75,0.2033373812113792,0.09578645074925293,PM
2016-08-01,False,14.583333333333332,16.166666666666664,18.416666666666664,3.833333333333333,0.2163733187365748,0.12064329415754096,PM
2016-08-02,False,14.5,17.416666666666664,19.666666666666664,5.166666666666666,0.40427139413592084,0.17078309561924873,PM
2016-08-04,False,13.75,17.083333333333332,18.833333333333332,5.083333333333333,0.4457318809135975,0.16241472490603504,PM
2016-08-05,False,14.25,17.333333333333332,18.0,3.75,0.12093443009747326,0.07700796533242674,PM
2016-09-30,False,13.5,17.083333333333332,18.916666666666664,5.416666666666666,0.38328445035499126,0.14843183166681376,PM
2016-11-07,True,22.083333333333332,22.416666666666664,22.583333333333332,0.5,0.10920855500525925,0.04078937661856079,NT
2016-11-08,True,2.25,3.5,5.0,2.75,0.0921266998699952,0.04574992023697827,NT
2016-11-08,True,12.416666666666666,13.0,13.083333333333332,0.6666666666666666,0.0587706125092646,0.029565228197711207,MD
2016-11-08,True,13.75,16.75,19.5,5.75,0.44090726196780405,0.193113452952392,PM
