measure,period,N,s,lo,hi
"A: link delay, 5 detectors pooled (paper)",AM,65,0.5024394003700349,0.3400810299636535,0.725151431356899
"A: link delay, 5 detectors pooled (paper)",MD,182,0.8464796618563698,0.7662875556574079,0.9201724089764418
"B: link delay, detector 78",MD,27,1.3090725042518856,1.1432435606084577,1.4759541571861787
"C: link delay, detector 78, corridor days",MD,21,1.386676442464,1.2446275387639851,1.5609738269087938
"D: corridor delay, detector-78 P",MD,21,0.9293205042869741,0.7330368591111227,1.0937068210445082
"E: corridor delay, corridor P",MD,16,0.8100782716204805,0.5701482649838855,1.0294945855242439
"A: link delay, 5 detectors pooled (paper)",PM,663,0.7553244876100822,0.595622449144215,0.894311938095638
"B: link delay, detector 78",PM,181,1.2376206050516867,0.9499467886945261,1.410983300452204
"C: link delay, detector 78, corridor days",PM,152,1.2714753334245656,0.7925401684649763,1.4662794030779265
"D: corridor delay, detector-78 P",PM,152,1.1250066104413425,0.7627651257099562,1.4992998317353556
"E: corridor delay, corridor P",PM,132,0.8398239919604249,0.445643096367701,1.2103538360144375
"A: link delay, 5 detectors pooled (paper)",NT,14,0.74562823117774,0.4941617339341283,2.6076359178304775
