corridor,period,calibration_scope,pollutant,reference_sensor_uid,reference_interval,x_low_h,x_high_h,x_h,reference_episode_count,beta,Gamma,epsilon_Gamma_x,beta_plus_epsilon,congestion_g_per_vehicle,marginal_external_g_per_vehicle,valid
AZ_I10_W,AM,corridor_all_periods,CO2,AZ_I10_W::78,1.0,0.46810231525464424,2.5575647433884883,1.0941672531170916,9.0,1.023482640124681,1742.4098246444046,0.8911732966261707,1.9146559367508518,16.734503827478115,32.040817101860824,True
AZ_I10_W,AM,corridor_all_periods,NOx,AZ_I10_W::78,1.0,0.46810231525464424,2.5575647433884883,1.0941672531170916,9.0,1.023482640124681,-5.721161380175211,-0.5121676867138754,0.5113149534108057,-0.054947346864105906,-0.028095400101867694,True
AZ_I10_W,AM,corridor_all_periods,CO,AZ_I10_W::78,1.0,0.46810231525464424,2.5575647433884883,1.0941672531170916,9.0,1.023482640124681,42.892696544909654,0.08089838158041422,1.1043810217050953,0.41195130120902296,0.45495119892196423,True
AZ_I10_W,AM,corridor_all_periods,HC,AZ_I10_W::78,1.0,0.46810231525464424,2.5575647433884883,1.0941672531170916,9.0,1.023482640124681,1.8116665260229927,0.12248800200681233,1.1459706421314935,0.017399661081475476,0.019939500782408807,True
AZ_I10_W,MD,corridor_all_periods,CO2,AZ_I10_W::78,1.0,0.46810231525464424,2.5575647433884883,1.0941672531170916,9.0,1.023482640124681,1742.4098246444046,0.8911732966261707,1.9146559367508518,16.734503827478115,32.040817101860824,True
AZ_I10_W,MD,corridor_all_periods,NOx,AZ_I10_W::78,1.0,0.46810231525464424,2.5575647433884883,1.0941672531170916,9.0,1.023482640124681,-5.721161380175211,-0.5121676867138754,0.5113149534108057,-0.054947346864105906,-0.028095400101867694,True
AZ_I10_W,MD,corridor_all_periods,CO,AZ_I10_W::78,1.0,0.46810231525464424,2.5575647433884883,1.0941672531170916,9.0,1.023482640124681,42.892696544909654,0.08089838158041422,1.1043810217050953,0.41195130120902296,0.45495119892196423,True
AZ_I10_W,MD,corridor_all_periods,HC,AZ_I10_W::78,1.0,0.46810231525464424,2.5575647433884883,1.0941672531170916,9.0,1.023482640124681,1.8116665260229927,0.12248800200681233,1.1459706421314935,0.017399661081475476,0.019939500782408807,True
AZ_I10_W,PM,corridor_period,CO2,AZ_I10_W::78,1.0,1.5471115813667395,3.269754843321131,2.249149969729033,9.0,1.362087708903477,4257.906742166037,-0.40585840287168773,0.9562293060317894,65.97134491858965,63.08373336948679,True
AZ_I10_W,PM,corridor_period,NOx,AZ_I10_W::78,1.0,1.5471115813667395,3.269754843321131,2.249149969729033,9.0,1.362087708903477,-1.0024730324696725,3.217150294143004,4.5792380030464805,-0.01553216127110338,-0.07112546316208333,True
AZ_I10_W,PM,corridor_period,CO,AZ_I10_W::78,1.0,1.5471115813667395,3.269754843321131,2.249149969729033,9.0,1.362087708903477,48.436337388935755,-0.07768521403091057,1.2844024948725665,0.7504650791983118,0.9638992200370501,True
AZ_I10_W,PM,corridor_period,HC,AZ_I10_W::78,1.0,1.5471115813667395,3.269754843321131,2.249149969729033,9.0,1.362087708903477,2.190413885354437,-0.12395332701363633,1.2381343818898407,0.03393793210972837,0.04201972059529791,True
AZ_I10_W,NT,corridor_all_periods,CO2,AZ_I10_W::78,1.0,0.46810231525464424,2.5575647433884883,1.0941672531170916,9.0,1.023482640124681,1742.4098246444046,0.8911732966261707,1.9146559367508518,16.734503827478115,32.040817101860824,True
AZ_I10_W,NT,corridor_all_periods,NOx,AZ_I10_W::78,1.0,0.46810231525464424,2.5575647433884883,1.0941672531170916,9.0,1.023482640124681,-5.721161380175211,-0.5121676867138754,0.5113149534108057,-0.054947346864105906,-0.028095400101867694,True
AZ_I10_W,NT,corridor_all_periods,CO,AZ_I10_W::78,1.0,0.46810231525464424,2.5575647433884883,1.0941672531170916,9.0,1.023482640124681,42.892696544909654,0.08089838158041422,1.1043810217050953,0.41195130120902296,0.45495119892196423,True
AZ_I10_W,NT,corridor_all_periods,HC,AZ_I10_W::78,1.0,0.46810231525464424,2.5575647433884883,1.0941672531170916,9.0,1.023482640124681,1.8116665260229927,0.12248800200681233,1.1459706421314935,0.017399661081475476,0.019939500782408807,True
D12_I405_N,AM,corridor_all_periods,CO2,PeMS::D12_I405_N::L405N-100,1.0,0.561757559336516,2.7352642665927727,1.2395787101033728,5.0,0.49406616479671633,-2471.4440258842096,0.40131678389077136,0.8953829486874877,-3.3138283044644132,-2.967145358695404,True
D12_I405_N,AM,corridor_all_periods,NOx,PeMS::D12_I405_N::L405N-100,1.0,0.561757559336516,2.7352642665927727,1.2395787101033728,5.0,0.49406616479671633,-13.908821150521668,0.14199238619165466,0.6360585509883709,-0.018649601094583492,-0.011862238248731912,True
D12_I405_N,AM,corridor_all_periods,CO,PeMS::D12_I405_N::L405N-100,1.0,0.561757559336516,2.7352642665927727,1.2395787101033728,5.0,0.49406616479671633,32.826460278582395,-0.07618670085771077,0.41787946393900555,0.044015260741187286,0.018393073563662904,True
D12_I405_N,AM,corridor_all_periods,HC,PeMS::D12_I405_N::L405N-100,1.0,0.561757559336516,2.7352642665927727,1.2395787101033728,5.0,0.49406616479671633,1.3706690276100617,-0.05190640985491997,0.4421597549417964,0.0018378574518279392,0.0008126266005181959,True
D12_I405_N,MD,corridor_all_periods,CO2,PeMS::D12_I405_N::L405N-100,1.0,0.561757559336516,2.7352642665927727,1.2395787101033728,5.0,0.49406616479671633,-2471.4440258842096,0.40131678389077136,0.8953829486874877,-3.3138283044644132,-2.967145358695404,True
D12_I405_N,MD,corridor_all_periods,NOx,PeMS::D12_I405_N::L405N-100,1.0,0.561757559336516,2.7352642665927727,1.2395787101033728,5.0,0.49406616479671633,-13.908821150521668,0.14199238619165466,0.6360585509883709,-0.018649601094583492,-0.011862238248731912,True
D12_I405_N,MD,corridor_all_periods,CO,PeMS::D12_I405_N::L405N-100,1.0,0.561757559336516,2.7352642665927727,1.2395787101033728,5.0,0.49406616479671633,32.826460278582395,-0.07618670085771077,0.41787946393900555,0.044015260741187286,0.018393073563662904,True
D12_I405_N,MD,corridor_all_periods,HC,PeMS::D12_I405_N::L405N-100,1.0,0.561757559336516,2.7352642665927727,1.2395787101033728,5.0,0.49406616479671633,1.3706690276100617,-0.05190640985491997,0.4421597549417964,0.0018378574518279392,0.0008126266005181959,True
D12_I405_N,PM,corridor_period,CO2,PeMS::D12_I405_N::L405N-100,1.0,0.561757559336516,1.896872924960592,1.0322706547690776,2.0,0.5040704351791747,-3709.390860738815,-0.002607764908067267,0.5014626702711075,-4.471056764186492,-2.242068063902656,True
D12_I405_N,PM,corridor_period,NOx,PeMS::D12_I405_N::L405N-100,1.0,0.561757559336516,1.896872924960592,1.0322706547690776,2.0,0.5040704351791747,-16.424534096583987,-0.001230518620210777,0.502839916558964,-0.01979705752995713,-0.009954750756476652,True
D12_I405_N,PM,corridor_period,CO,PeMS::D12_I405_N::L405N-100,1.0,0.561757559336516,1.896872924960592,1.0322706547690776,2.0,0.5040704351791747,29.565293715851368,0.0009134327441845765,0.5049838679233593,0.03563606840479711,0.017995639660635866,True
D12_I405_N,PM,corridor_period,HC,PeMS::D12_I405_N::L405N-100,1.0,0.561757559336516,1.896872924960592,1.0322706547690776,2.0,0.5040704351791747,1.3165134667356964,3.4333732547119106e-05,0.5041047689117218,0.00158683909611479,0.0007999331558470317,True
D12_I405_N,NT,corridor_all_periods,CO2,PeMS::D12_I405_N::L405N-100,1.0,0.561757559336516,2.7352642665927727,1.2395787101033728,5.0,0.49406616479671633,-2471.4440258842096,0.40131678389077136,0.8953829486874877,-3.3138283044644132,-2.967145358695404,True
D12_I405_N,NT,corridor_all_periods,NOx,PeMS::D12_I405_N::L405N-100,1.0,0.561757559336516,2.7352642665927727,1.2395787101033728,5.0,0.49406616479671633,-13.908821150521668,0.14199238619165466,0.6360585509883709,-0.018649601094583492,-0.011862238248731912,True
D12_I405_N,NT,corridor_all_periods,CO,PeMS::D12_I405_N::L405N-100,1.0,0.561757559336516,2.7352642665927727,1.2395787101033728,5.0,0.49406616479671633,32.826460278582395,-0.07618670085771077,0.41787946393900555,0.044015260741187286,0.018393073563662904,True
D12_I405_N,NT,corridor_all_periods,HC,PeMS::D12_I405_N::L405N-100,1.0,0.561757559336516,2.7352642665927727,1.2395787101033728,5.0,0.49406616479671633,1.3706690276100617,-0.05190640985491997,0.4421597549417964,0.0018378574518279392,0.0008126266005181959,True
D12_I405_S,AM,unavailable,CO2,,,,,,,,,,,,,False
D12_I405_S,AM,unavailable,NOx,,,,,,,,,,,,,False
D12_I405_S,AM,unavailable,CO,,,,,,,,,,,,,False
D12_I405_S,AM,unavailable,HC,,,,,,,,,,,,,False
D12_I405_S,MD,unavailable,CO2,,,,,,,,,,,,,False
D12_I405_S,MD,unavailable,NOx,,,,,,,,,,,,,False
D12_I405_S,MD,unavailable,CO,,,,,,,,,,,,,False
D12_I405_S,MD,unavailable,HC,,,,,,,,,,,,,False
D12_I405_S,PM,unavailable,CO2,,,,,,,,,,,,,False
D12_I405_S,PM,unavailable,NOx,,,,,,,,,,,,,False
D12_I405_S,PM,unavailable,CO,,,,,,,,,,,,,False
D12_I405_S,PM,unavailable,HC,,,,,,,,,,,,,False
D12_I405_S,NT,unavailable,CO2,,,,,,,,,,,,,False
D12_I405_S,NT,unavailable,NOx,,,,,,,,,,,,,False
D12_I405_S,NT,unavailable,CO,,,,,,,,,,,,,False
D12_I405_S,NT,unavailable,HC,,,,,,,,,,,,,False
D12_I5_N,AM,corridor_all_periods,CO2,PeMS::D12_I5_N::L5N-132,1.0,0.43269476088399467,7.440246617901762,1.7942563170436248,35.0,0.3425819878349792,-574.9725547884645,-2.2113618588724044,-1.8687798710374253,-0.911663122610216,1.7036976927010963,True
D12_I5_N,AM,corridor_all_periods,NOx,PeMS::D12_I5_N::L5N-132,1.0,0.43269476088399467,7.440246617901762,1.7942563170436248,35.0,0.3425819878349792,-10.17344959674587,-0.24082673796814597,0.10175524986683321,-0.016130785286785063,-0.0016413920874050495,True
D12_I5_N,AM,corridor_all_periods,CO,PeMS::D12_I5_N::L5N-132,1.0,0.43269476088399467,7.440246617901762,1.7942563170436248,35.0,0.3425819878349792,37.4958229678068,0.0795009925674847,0.4220829804024639,0.05945250563176344,0.025093890769448984,True
D12_I5_N,AM,corridor_all_periods,HC,PeMS::D12_I5_N::L5N-132,1.0,0.43269476088399467,7.440246617901762,1.7942563170436248,35.0,0.3425819878349792,1.5346585833371464,0.09582350761646594,0.43840549545144514,0.002433318989878476,0.0010667804173490833,True
D12_I5_N,MD,corridor_all_periods,CO2,PeMS::D12_I5_N::L5N-132,1.0,0.43269476088399467,7.440246617901762,1.7942563170436248,35.0,0.3425819878349792,-574.9725547884645,-2.2113618588724044,-1.8687798710374253,-0.911663122610216,1.7036976927010963,True
D12_I5_N,MD,corridor_all_periods,NOx,PeMS::D12_I5_N::L5N-132,1.0,0.43269476088399467,7.440246617901762,1.7942563170436248,35.0,0.3425819878349792,-10.17344959674587,-0.24082673796814597,0.10175524986683321,-0.016130785286785063,-0.0016413920874050495,True
D12_I5_N,MD,corridor_all_periods,CO,PeMS::D12_I5_N::L5N-132,1.0,0.43269476088399467,7.440246617901762,1.7942563170436248,35.0,0.3425819878349792,37.4958229678068,0.0795009925674847,0.4220829804024639,0.05945250563176344,0.025093890769448984,True
D12_I5_N,MD,corridor_all_periods,HC,PeMS::D12_I5_N::L5N-132,1.0,0.43269476088399467,7.440246617901762,1.7942563170436248,35.0,0.3425819878349792,1.5346585833371464,0.09582350761646594,0.43840549545144514,0.002433318989878476,0.0010667804173490833,True
D12_I5_N,PM,corridor_period,CO2,PeMS::D12_I5_N::L5N-178,1.0,0.43269476088399467,7.440246617901762,1.7942563170436248,21.0,0.33272175322388164,711.6740306214224,0.3127888636826796,0.6455106169065612,0.9862221633573419,0.6366168770757212,True
D12_I5_N,PM,corridor_period,NOx,PeMS::D12_I5_N::L5N-178,1.0,0.43269476088399467,7.440246617901762,1.7942563170436248,21.0,0.33272175322388164,-7.722022924747334,-0.05498623013713663,0.277735523086745,-0.010701008926361213,-0.0029720503117188594,True
D12_I5_N,PM,corridor_period,CO,PeMS::D12_I5_N::L5N-178,1.0,0.43269476088399467,7.440246617901762,1.7942563170436248,21.0,0.33272175322388164,40.43564348742065,0.012611333530494739,0.3453330867543764,0.05603482223749111,0.019350678129005573,True
D12_I5_N,PM,corridor_period,HC,PeMS::D12_I5_N::L5N-178,1.0,0.43269476088399467,7.440246617901762,1.7942563170436248,21.0,0.33272175322388164,1.7025022788745283,0.016863168518049504,0.3495849217419311,0.0023592900799349475,0.000824772237960573,True
D12_I5_N,NT,corridor_all_periods,CO2,PeMS::D12_I5_N::L5N-132,1.0,0.43269476088399467,7.440246617901762,1.7942563170436248,35.0,0.3425819878349792,-574.9725547884645,-2.2113618588724044,-1.8687798710374253,-0.911663122610216,1.7036976927010963,True
D12_I5_N,NT,corridor_all_periods,NOx,PeMS::D12_I5_N::L5N-132,1.0,0.43269476088399467,7.440246617901762,1.7942563170436248,35.0,0.3425819878349792,-10.17344959674587,-0.24082673796814597,0.10175524986683321,-0.016130785286785063,-0.0016413920874050495,True
D12_I5_N,NT,corridor_all_periods,CO,PeMS::D12_I5_N::L5N-132,1.0,0.43269476088399467,7.440246617901762,1.7942563170436248,35.0,0.3425819878349792,37.4958229678068,0.0795009925674847,0.4220829804024639,0.05945250563176344,0.025093890769448984,True
D12_I5_N,NT,corridor_all_periods,HC,PeMS::D12_I5_N::L5N-132,1.0,0.43269476088399467,7.440246617901762,1.7942563170436248,35.0,0.3425819878349792,1.5346585833371464,0.09582350761646594,0.43840549545144514,0.002433318989878476,0.0010667804173490833,True
D12_I5_S,AM,corridor_period,CO2,PeMS::D12_I5_S::L5S-083,1.0,0.5721829652591451,3.577676005452949,1.4307638748362925,40.0,0.9144667422923207,-661.7367085380083,-1.7049716732663092,-0.7905049309739884,-0.21383637767491834,0.16903871097363912,True
D12_I5_S,AM,corridor_period,NOx,PeMS::D12_I5_S::L5S-083,1.0,0.5721829652591451,3.577676005452949,1.4307638748362925,40.0,0.9144667422923207,-10.380296669977227,-0.21036515301691694,0.7041015892754038,-0.0033543326378295594,-0.00236179094125415,True
D12_I5_S,AM,corridor_period,CO,PeMS::D12_I5_S::L5S-083,1.0,0.5721829652591451,3.577676005452949,1.4307638748362925,40.0,0.9144667422923207,37.18317552468167,0.07185016675343993,0.9863169090457606,0.01201552741756644,0.01185111786304872,True
D12_I5_S,AM,corridor_period,HC,PeMS::D12_I5_S::L5S-083,1.0,0.5721829652591451,3.577676005452949,1.4307638748362925,40.0,0.9144667422923207,1.5517241144368277,0.0798626649088485,0.9943294072011692,0.0005014306437904573,0.0004985872347926661,True
D12_I5_S,MD,corridor_all_periods,CO2,PeMS::D12_I5_S::L5S-174,1.0,0.4951043622237657,3.577676005452949,1.3309105893797117,57.0,0.6512456193167093,-1782.6582388192874,-0.8520634969566603,-0.20081787763995096,-1.3475606732111214,0.270614274385321,True
D12_I5_S,MD,corridor_all_periods,NOx,PeMS::D12_I5_S::L5S-174,1.0,0.4951043622237657,3.577676005452949,1.3309105893797117,57.0,0.6512456193167093,-12.560048137616914,-0.2377000125848432,0.41354560673186613,-0.009494487813379979,-0.003926403723392533,True
D12_I5_S,MD,corridor_all_periods,CO,PeMS::D12_I5_S::L5S-174,1.0,0.4951043622237657,3.577676005452949,1.3309105893797117,57.0,0.6512456193167093,34.50061333130398,0.10790051410150302,0.7591461334182124,0.026079967945915158,0.019798506825812412,True
D12_I5_S,MD,corridor_all_periods,HC,PeMS::D12_I5_S::L5S-174,1.0,0.4951043622237657,3.577676005452949,1.3309105893797117,57.0,0.6512456193167093,1.43561986575396,0.0944604189564378,0.7457060382731471,0.0010852247675090009,0.0008092586620150342,True
D12_I5_S,PM,corridor_period,CO2,PeMS::D12_I5_S::L5S-185,1.0,0.4951043622237657,0.7078641931586135,0.592002238082624,2.0,0.29455027298852376,-3768.8801402464633,0.2791289427619342,0.573679215750458,-4.554644234337233,-2.6129047323769288,True
D12_I5_S,PM,corridor_period,NOx,PeMS::D12_I5_S::L5S-185,1.0,0.4951043622237657,0.7078641931586135,0.592002238082624,2.0,0.29455027298852376,-16.57811026760868,0.13369342178075186,0.4282436947692756,-0.020034437694172198,-0.008579621620777151,True
D12_I5_S,PM,corridor_period,CO,PeMS::D12_I5_S::L5S-185,1.0,0.4951043622237657,0.7078641931586135,0.592002238082624,2.0,0.29455027298852376,29.318558826316092,-0.10190287661380297,0.19264739637472078,0.03543110949360812,0.0068257109946112575,True
D12_I5_S,PM,corridor_period,HC,PeMS::D12_I5_S::L5S-185,1.0,0.4951043622237657,0.7078641931586135,0.592002238082624,2.0,0.29455027298852376,1.3362455734057792,0.005723499501662549,0.30027377249018633,0.0016148359645561145,0.00048489288703009337,True
D12_I5_S,NT,corridor_all_periods,CO2,PeMS::D12_I5_S::L5S-174,1.0,0.4951043622237657,3.577676005452949,1.3309105893797117,57.0,0.6512456193167093,-1782.6582388192874,-0.8520634969566603,-0.20081787763995096,-1.3475606732111214,0.270614274385321,True
D12_I5_S,NT,corridor_all_periods,NOx,PeMS::D12_I5_S::L5S-174,1.0,0.4951043622237657,3.577676005452949,1.3309105893797117,57.0,0.6512456193167093,-12.560048137616914,-0.2377000125848432,0.41354560673186613,-0.009494487813379979,-0.003926403723392533,True
D12_I5_S,NT,corridor_all_periods,CO,PeMS::D12_I5_S::L5S-174,1.0,0.4951043622237657,3.577676005452949,1.3309105893797117,57.0,0.6512456193167093,34.50061333130398,0.10790051410150302,0.7591461334182124,0.026079967945915158,0.019798506825812412,True
D12_I5_S,NT,corridor_all_periods,HC,PeMS::D12_I5_S::L5S-174,1.0,0.4951043622237657,3.577676005452949,1.3309105893797117,57.0,0.6512456193167093,1.43561986575396,0.0944604189564378,0.7457060382731471,0.0010852247675090009,0.0008092586620150342,True
D7_I10_E,AM,corridor_all_periods,CO2,PeMS::D7_I10_E::L10E-214,1.0,0.619754753726934,1.6563410049181309,1.0131758048783333,5.0,0.5964646498548676,-3415.3986468535313,-0.21860672544224655,0.377857924412621,-1.6855290969040968,-0.6368905260932616,True
D7_I10_E,AM,corridor_all_periods,NOx,PeMS::D7_I10_E::L10E-214,1.0,0.619754753726934,1.6563410049181309,1.0131758048783333,5.0,0.5964646498548676,-15.778755905548998,-0.09686042927166615,0.4996042205832014,-0.0077869540108448515,-0.003890395089305376,True
D7_I10_E,AM,corridor_all_periods,CO,PeMS::D7_I10_E::L10E-214,1.0,0.619754753726934,1.6563410049181309,1.0131758048783333,5.0,0.5964646498548676,30.472900780526373,0.06554484776181134,0.6620094976166789,0.015038642994125263,0.009955724493377454,True
D7_I10_E,AM,corridor_all_periods,HC,PeMS::D7_I10_E::L10E-214,1.0,0.619754753726934,1.6563410049181309,1.0131758048783333,5.0,0.5964646498548676,1.296343423840919,0.0193639512920639,0.6158286011469315,0.0006397568150579212,0.00039398054449133575,True
D7_I10_E,MD,corridor_all_periods,CO2,PeMS::D7_I10_E::L10E-214,1.0,0.619754753726934,1.6563410049181309,1.0131758048783333,5.0,0.5964646498548676,-3415.3986468535313,-0.21860672544224655,0.377857924412621,-1.6855290969040968,-0.6368905260932616,True
D7_I10_E,MD,corridor_all_periods,NOx,PeMS::D7_I10_E::L10E-214,1.0,0.619754753726934,1.6563410049181309,1.0131758048783333,5.0,0.5964646498548676,-15.778755905548998,-0.09686042927166615,0.4996042205832014,-0.0077869540108448515,-0.003890395089305376,True
D7_I10_E,MD,corridor_all_periods,CO,PeMS::D7_I10_E::L10E-214,1.0,0.619754753726934,1.6563410049181309,1.0131758048783333,5.0,0.5964646498548676,30.472900780526373,0.06554484776181134,0.6620094976166789,0.015038642994125263,0.009955724493377454,True
D7_I10_E,MD,corridor_all_periods,HC,PeMS::D7_I10_E::L10E-214,1.0,0.619754753726934,1.6563410049181309,1.0131758048783333,5.0,0.5964646498548676,1.296343423840919,0.0193639512920639,0.6158286011469315,0.0006397568150579212,0.00039398054449133575,True
D7_I10_E,PM,corridor_period,CO2,PeMS::D7_I10_E::L10E-214,1.0,1.6080875078177221,4.0566180073863025,2.5540941137057445,0.0,1.1175753123820216,-1082.3129019686567,0.9417032859658379,2.059278598347859,-0.6287598233600442,-1.2947916477463197,True
D7_I10_E,PM,corridor_period,NOx,PeMS::D7_I10_E::L10E-214,1.0,1.6080875078177221,4.0566180073863025,2.5540941137057445,0.0,1.1175753123820216,-11.156675322000712,0.17711193361811753,1.294687246000139,-0.006481368920195761,-0.008391345677599147,True
D7_I10_E,PM,corridor_period,CO,PeMS::D7_I10_E::L10E-214,1.0,1.6080875078177221,4.0566180073863025,2.5540941137057445,0.0,1.1175753123820216,36.29089975951537,-0.06675639282243169,1.0508189195595898,0.021082867700149402,0.022154276257888773,True
D7_I10_E,PM,corridor_period,HC,PeMS::D7_I10_E::L10E-214,1.0,1.6080875078177221,4.0566180073863025,2.5540941137057445,0.0,1.1175753123820216,1.4798182708375993,-0.07410901067883074,1.0434663017031909,0.0008596869471706257,0.000897054359386639,True
D7_I10_E,NT,corridor_all_periods,CO2,PeMS::D7_I10_E::L10E-214,1.0,0.619754753726934,1.6563410049181309,1.0131758048783333,5.0,0.5964646498548676,-3415.3986468535313,-0.21860672544224655,0.377857924412621,-1.6855290969040968,-0.6368905260932616,True
D7_I10_E,NT,corridor_all_periods,NOx,PeMS::D7_I10_E::L10E-214,1.0,0.619754753726934,1.6563410049181309,1.0131758048783333,5.0,0.5964646498548676,-15.778755905548998,-0.09686042927166615,0.4996042205832014,-0.0077869540108448515,-0.003890395089305376,True
D7_I10_E,NT,corridor_all_periods,CO,PeMS::D7_I10_E::L10E-214,1.0,0.619754753726934,1.6563410049181309,1.0131758048783333,5.0,0.5964646498548676,30.472900780526373,0.06554484776181134,0.6620094976166789,0.015038642994125263,0.009955724493377454,True
D7_I10_E,NT,corridor_all_periods,HC,PeMS::D7_I10_E::L10E-214,1.0,0.619754753726934,1.6563410049181309,1.0131758048783333,5.0,0.5964646498548676,1.296343423840919,0.0193639512920639,0.6158286011469315,0.0006397568150579212,0.00039398054449133575,True
D7_I10_W,AM,corridor_period,CO2,PeMS::D7_I10_W::L10W-084,1.0,0.7615971980973373,2.034590134366719,1.2448044607930107,5.0,0.5423019272339623,-3081.7779374657493,-0.04419278100419622,0.4981091462297661,-2.991240703677442,-1.4899643530764954,True
D7_I10_W,AM,corridor_period,NOx,PeMS::D7_I10_W::L10W-084,1.0,0.7615971980973373,2.034590134366719,1.2448044607930107,5.0,0.5423019272339623,-15.083680312602187,-0.01821048273295156,0.5240914445010108,-0.014640548225034203,-0.0076729860675448834,True
D7_I10_W,AM,corridor_period,CO,PeMS::D7_I10_W::L10W-084,1.0,0.7615971980973373,2.034590134366719,1.2448044607930107,5.0,0.5423019272339623,31.398875599059224,0.011243574565429914,0.5535455017993922,0.030476431672700366,0.016870091663319813,True
D7_I10_W,AM,corridor_period,HC,PeMS::D7_I10_W::L10W-084,1.0,0.7615971980973373,2.034590134366719,1.2448044607930107,5.0,0.5423019272339623,1.2992507774684334,0.005681883256193438,0.5479838104901558,0.001261081067068718,0.0006910520084693078,True
D7_I10_W,MD,corridor_all_periods,CO2,,,,,,,,,,,,,False
D7_I10_W,MD,corridor_all_periods,NOx,,,,,,,,,,,,,False
D7_I10_W,MD,corridor_all_periods,CO,,,,,,,,,,,,,False
D7_I10_W,MD,corridor_all_periods,HC,,,,,,,,,,,,,False
D7_I10_W,PM,corridor_all_periods,CO2,,,,,,,,,,,,,False
D7_I10_W,PM,corridor_all_periods,NOx,,,,,,,,,,,,,False
D7_I10_W,PM,corridor_all_periods,CO,,,,,,,,,,,,,False
D7_I10_W,PM,corridor_all_periods,HC,,,,,,,,,,,,,False
D7_I10_W,NT,corridor_all_periods,CO2,,,,,,,,,,,,,False
D7_I10_W,NT,corridor_all_periods,NOx,,,,,,,,,,,,,False
D7_I10_W,NT,corridor_all_periods,CO,,,,,,,,,,,,,False
D7_I10_W,NT,corridor_all_periods,HC,,,,,,,,,,,,,False
D7_I210_E,AM,corridor_all_periods,CO2,PeMS::D7_I210_E::L210E-245,1.0,0.7120712612496207,3.4816695022617266,1.574546535904813,5.0,0.6168283810258854,-2253.117657541361,-0.22464488982799322,0.3921834911978922,-4.868193635632779,-1.9092251758498235,True
D7_I210_E,AM,corridor_all_periods,NOx,PeMS::D7_I210_E::L210E-245,1.0,0.7120712612496207,3.4816695022617266,1.574546535904813,5.0,0.6168283810258854,-13.44950201677699,-0.07437977965313547,0.54244860137275,-0.02905963650027541,-0.01576335917597491,True
D7_I210_E,AM,corridor_all_periods,CO,PeMS::D7_I210_E::L210E-245,1.0,0.7120712612496207,3.4816695022617266,1.574546535904813,5.0,0.6168283810258854,33.44469200067842,0.037544619423475534,0.654373000449361,0.07226219909042295,0.04728643203786915,True
D7_I210_E,AM,corridor_all_periods,HC,PeMS::D7_I210_E::L210E-245,1.0,0.7120712612496207,3.4816695022617266,1.574546535904813,5.0,0.6168283810258854,1.3695298678371386,0.03024472262757747,0.6470731036534629,0.0029590716508293884,0.0019147356770351483,True
D7_I210_E,MD,corridor_period,CO2,PeMS::D7_I210_E::L210E-237,1.0,2.4764851012693474,4.3205694563680455,3.271058832808555,1.0,0.9553068059472083,-1490.1563695475434,1.6968102867035344,2.6521170926507427,-5.600850596330263,-14.854111599910592,True
D7_I210_E,MD,corridor_period,NOx,PeMS::D7_I210_E::L210E-237,1.0,2.4764851012693474,4.3205694563680455,3.271058832808555,1.0,0.9553068059472083,-11.922820927880938,0.4125341127031923,1.3678409186504006,-0.04481270561165114,-0.06129665241105085,True
D7_I210_E,MD,corridor_period,CO,PeMS::D7_I210_E::L210E-237,1.0,2.4764851012693474,4.3205694563680455,3.271058832808555,1.0,0.9553068059472083,35.3890843835457,-0.1711150070347051,0.7841917989125031,0.1330121981985999,0.10430707498266648,True
D7_I210_E,MD,corridor_period,HC,PeMS::D7_I210_E::L210E-237,1.0,2.4764851012693474,4.3205694563680455,3.271058832808555,1.0,0.9553068059472083,1.4191583026164083,-0.18377289997546176,0.7715339059717465,0.005333999698239425,0.0041153616216347815,True
D7_I210_E,PM,corridor_period,CO2,PeMS::D7_I210_E::L210E-245,1.0,4.365761256076808,4.97985879982596,4.662711079298537,1.0,3.3577025465415167,-1179.0801727950038,-2.6681640394894695,0.6895385070520472,-3.726159303759861,-2.5693303233526703,True
D7_I210_E,PM,corridor_period,NOx,PeMS::D7_I210_E::L210E-245,1.0,4.365761256076808,4.97985879982596,4.662711079298537,1.0,3.3577025465415167,-11.346979006681082,-0.5383050133288361,2.8193975332126806,-0.035859013128078016,-0.1011008131567443,True
D7_I210_E,PM,corridor_period,CO,PeMS::D7_I210_E::L210E-245,1.0,4.365761256076808,4.97985879982596,4.662711079298537,1.0,3.3577025465415167,36.05345375968399,0.20809545800098797,3.5657980045425046,0.11393704623229137,0.4062764920985717,True
D7_I210_E,PM,corridor_period,HC,PeMS::D7_I210_E::L210E-245,1.0,4.365761256076808,4.97985879982596,4.662711079298537,1.0,3.3577025465415167,1.471250306501275,0.2259226477685102,3.583625194310027,0.004649482829258294,0.01666200380744189,True
D7_I210_E,NT,corridor_all_periods,CO2,PeMS::D7_I210_E::L210E-245,1.0,0.7120712612496207,3.4816695022617266,1.574546535904813,5.0,0.6168283810258854,-2253.117657541361,-0.22464488982799322,0.3921834911978922,-4.868193635632779,-1.9092251758498235,True
D7_I210_E,NT,corridor_all_periods,NOx,PeMS::D7_I210_E::L210E-245,1.0,0.7120712612496207,3.4816695022617266,1.574546535904813,5.0,0.6168283810258854,-13.44950201677699,-0.07437977965313547,0.54244860137275,-0.02905963650027541,-0.01576335917597491,True
D7_I210_E,NT,corridor_all_periods,CO,PeMS::D7_I210_E::L210E-245,1.0,0.7120712612496207,3.4816695022617266,1.574546535904813,5.0,0.6168283810258854,33.44469200067842,0.037544619423475534,0.654373000449361,0.07226219909042295,0.04728643203786915,True
D7_I210_E,NT,corridor_all_periods,HC,PeMS::D7_I210_E::L210E-245,1.0,0.7120712612496207,3.4816695022617266,1.574546535904813,5.0,0.6168283810258854,1.3695298678371386,0.03024472262757747,0.6470731036534629,0.0029590716508293884,0.0019147356770351483,True
D7_I210_W,AM,corridor_period,CO2,PeMS::D7_I210_W::L210W-301,1.0,0.8906471505807955,2.35748578570884,1.4490300195566364,2.0,0.7606007307550935,-572.4078160593763,0.8597913942265284,1.6203921249816218,-0.5630090564856267,-0.9122954414226427,True
D7_I210_W,AM,corridor_period,NOx,PeMS::D7_I210_W::L210W-301,1.0,0.8906471505807955,2.35748578570884,1.4490300195566364,2.0,0.7606007307550935,-10.144611396573776,0.09329584694292613,0.8538965776980196,-0.009978040010211667,-0.008520214216853655,True
D7_I210_W,AM,corridor_period,CO,PeMS::D7_I210_W::L210W-301,1.0,0.8906471505807955,2.35748578570884,1.4490300195566364,2.0,0.7606007307550935,37.56765188834645,-0.030575118020000243,0.7300256127350933,0.03695080264565151,0.026975032342445252,True
D7_I210_W,AM,corridor_period,HC,PeMS::D7_I210_W::L210W-301,1.0,0.8906471505807955,2.35748578570884,1.4490300195566364,2.0,0.7606007307550935,1.5186259020193411,-0.03833315814929495,0.7222675726057985,0.0014936905336768729,0.001078844235983055,True
D7_I210_W,MD,corridor_all_periods,CO2,PeMS::D7_I210_W::L210W-301,1.0,0.6588584974346013,1.4373692213242746,0.9731510290907853,2.0,0.831745754068311,-2954.7924904424126,-0.2760295642231157,0.5557161898451952,-2.087777950356035,-1.1602120078146674,True
D7_I210_W,MD,corridor_all_periods,NOx,PeMS::D7_I210_W::L210W-301,1.0,0.6588584974346013,1.4373692213242746,0.9731510290907853,2.0,0.831745754068311,-14.805136565106203,-0.11042257825847719,0.7213231758098337,-0.01046091655255648,-0.007545701549571698,True
D7_I210_W,MD,corridor_all_periods,CO,PeMS::D7_I210_W::L210W-301,1.0,0.6588584974346013,1.4373692213242746,0.9731510290907853,2.0,0.831745754068311,31.78982768119465,0.0656264049722113,0.8973721590405223,0.022461848503100373,0.020156637487268304,True
D7_I210_W,MD,corridor_all_periods,HC,PeMS::D7_I210_W::L210W-301,1.0,0.6588584974346013,1.4373692213242746,0.9731510290907853,2.0,0.831745754068311,1.2908053316004473,0.03962357972945036,0.8713693337977614,0.0009120487879383782,0.0007947313447369201,True
D7_I210_W,PM,corridor_period,CO2,,,,,,,,,,,,,False
D7_I210_W,PM,corridor_period,NOx,,,,,,,,,,,,,False
D7_I210_W,PM,corridor_period,CO,,,,,,,,,,,,,False
D7_I210_W,PM,corridor_period,HC,,,,,,,,,,,,,False
D7_I210_W,NT,corridor_all_periods,CO2,PeMS::D7_I210_W::L210W-301,1.0,0.6588584974346013,1.4373692213242746,0.9731510290907853,2.0,0.831745754068311,-2954.7924904424126,-0.2760295642231157,0.5557161898451952,-2.087777950356035,-1.1602120078146674,True
D7_I210_W,NT,corridor_all_periods,NOx,PeMS::D7_I210_W::L210W-301,1.0,0.6588584974346013,1.4373692213242746,0.9731510290907853,2.0,0.831745754068311,-14.805136565106203,-0.11042257825847719,0.7213231758098337,-0.01046091655255648,-0.007545701549571698,True
D7_I210_W,NT,corridor_all_periods,CO,PeMS::D7_I210_W::L210W-301,1.0,0.6588584974346013,1.4373692213242746,0.9731510290907853,2.0,0.831745754068311,31.78982768119465,0.0656264049722113,0.8973721590405223,0.022461848503100373,0.020156637487268304,True
D7_I210_W,NT,corridor_all_periods,HC,PeMS::D7_I210_W::L210W-301,1.0,0.6588584974346013,1.4373692213242746,0.9731510290907853,2.0,0.831745754068311,1.2908053316004473,0.03962357972945036,0.8713693337977614,0.0009120487879383782,0.0007947313447369201,True
D7_I405_N,AM,corridor_all_periods,CO2,,,,,,,,,,,,,False
D7_I405_N,AM,corridor_all_periods,NOx,,,,,,,,,,,,,False
D7_I405_N,AM,corridor_all_periods,CO,,,,,,,,,,,,,False
D7_I405_N,AM,corridor_all_periods,HC,,,,,,,,,,,,,False
D7_I405_N,MD,corridor_all_periods,CO2,,,,,,,,,,,,,False
D7_I405_N,MD,corridor_all_periods,NOx,,,,,,,,,,,,,False
D7_I405_N,MD,corridor_all_periods,CO,,,,,,,,,,,,,False
D7_I405_N,MD,corridor_all_periods,HC,,,,,,,,,,,,,False
D7_I405_N,PM,corridor_all_periods,CO2,,,,,,,,,,,,,False
D7_I405_N,PM,corridor_all_periods,NOx,,,,,,,,,,,,,False
D7_I405_N,PM,corridor_all_periods,CO,,,,,,,,,,,,,False
D7_I405_N,PM,corridor_all_periods,HC,,,,,,,,,,,,,False
D7_I405_N,NT,corridor_all_periods,CO2,,,,,,,,,,,,,False
D7_I405_N,NT,corridor_all_periods,NOx,,,,,,,,,,,,,False
D7_I405_N,NT,corridor_all_periods,CO,,,,,,,,,,,,,False
D7_I405_N,NT,corridor_all_periods,HC,,,,,,,,,,,,,False
D7_I405_S,AM,corridor_all_periods,CO2,PeMS::D7_I405_S::L405S-087,1.0,1.4098033347909769,7.441205870977636,3.238925261837708,6.0,0.5318324114594147,-1349.758040838502,-1.6557556788963153,-1.1239232674369006,-9.176788493765024,10.314006108489737,True
D7_I405_S,AM,corridor_all_periods,NOx,PeMS::D7_I405_S::L405S-087,1.0,1.4098033347909769,7.441205870977636,3.238925261837708,6.0,0.5318324114594147,-11.682443178174779,-0.3724066012283643,0.15942581023105046,-0.07942705795620841,-0.01266272306893712,True
D7_I405_S,AM,corridor_all_periods,CO,PeMS::D7_I405_S::L405S-087,1.0,1.4098033347909769,7.441205870977636,3.238925261837708,6.0,0.5318324114594147,35.63517863959131,0.1504501097637116,0.6822825212231263,0.24227786567577123,0.16530195302982315,True
D7_I405_S,AM,corridor_all_periods,HC,PeMS::D7_I405_S::L405S-087,1.0,1.4098033347909769,7.441205870977636,3.238925261837708,6.0,0.5318324114594147,1.456006275652633,0.1567921342959633,0.688624545755378,0.009899153205976303,0.006816799879828325,True
D7_I405_S,MD,corridor_all_periods,CO2,PeMS::D7_I405_S::L405S-087,1.0,1.4098033347909769,7.441205870977636,3.238925261837708,6.0,0.5318324114594147,-1349.758040838502,-1.6557556788963153,-1.1239232674369006,-9.176788493765024,10.314006108489737,True
D7_I405_S,MD,corridor_all_periods,NOx,PeMS::D7_I405_S::L405S-087,1.0,1.4098033347909769,7.441205870977636,3.238925261837708,6.0,0.5318324114594147,-11.682443178174779,-0.3724066012283643,0.15942581023105046,-0.07942705795620841,-0.01266272306893712,True
D7_I405_S,MD,corridor_all_periods,CO,PeMS::D7_I405_S::L405S-087,1.0,1.4098033347909769,7.441205870977636,3.238925261837708,6.0,0.5318324114594147,35.63517863959131,0.1504501097637116,0.6822825212231263,0.24227786567577123,0.16530195302982315,True
D7_I405_S,MD,corridor_all_periods,HC,PeMS::D7_I405_S::L405S-087,1.0,1.4098033347909769,7.441205870977636,3.238925261837708,6.0,0.5318324114594147,1.456006275652633,0.1567921342959633,0.688624545755378,0.009899153205976303,0.006816799879828325,True
D7_I405_S,PM,corridor_all_periods,CO2,PeMS::D7_I405_S::L405S-087,1.0,1.4098033347909769,7.441205870977636,3.238925261837708,6.0,0.5318324114594147,-1349.758040838502,-1.6557556788963153,-1.1239232674369006,-9.176788493765024,10.314006108489737,True
D7_I405_S,PM,corridor_all_periods,NOx,PeMS::D7_I405_S::L405S-087,1.0,1.4098033347909769,7.441205870977636,3.238925261837708,6.0,0.5318324114594147,-11.682443178174779,-0.3724066012283643,0.15942581023105046,-0.07942705795620841,-0.01266272306893712,True
D7_I405_S,PM,corridor_all_periods,CO,PeMS::D7_I405_S::L405S-087,1.0,1.4098033347909769,7.441205870977636,3.238925261837708,6.0,0.5318324114594147,35.63517863959131,0.1504501097637116,0.6822825212231263,0.24227786567577123,0.16530195302982315,True
D7_I405_S,PM,corridor_all_periods,HC,PeMS::D7_I405_S::L405S-087,1.0,1.4098033347909769,7.441205870977636,3.238925261837708,6.0,0.5318324114594147,1.456006275652633,0.1567921342959633,0.688624545755378,0.009899153205976303,0.006816799879828325,True
D7_I405_S,NT,corridor_all_periods,CO2,PeMS::D7_I405_S::L405S-087,1.0,1.4098033347909769,7.441205870977636,3.238925261837708,6.0,0.5318324114594147,-1349.758040838502,-1.6557556788963153,-1.1239232674369006,-9.176788493765024,10.314006108489737,True
D7_I405_S,NT,corridor_all_periods,NOx,PeMS::D7_I405_S::L405S-087,1.0,1.4098033347909769,7.441205870977636,3.238925261837708,6.0,0.5318324114594147,-11.682443178174779,-0.3724066012283643,0.15942581023105046,-0.07942705795620841,-0.01266272306893712,True
D7_I405_S,NT,corridor_all_periods,CO,PeMS::D7_I405_S::L405S-087,1.0,1.4098033347909769,7.441205870977636,3.238925261837708,6.0,0.5318324114594147,35.63517863959131,0.1504501097637116,0.6822825212231263,0.24227786567577123,0.16530195302982315,True
D7_I405_S,NT,corridor_all_periods,HC,PeMS::D7_I405_S::L405S-087,1.0,1.4098033347909769,7.441205870977636,3.238925261837708,6.0,0.5318324114594147,1.456006275652633,0.1567921342959633,0.688624545755378,0.009899153205976303,0.006816799879828325,True
