assignment,eta,flexible_route1_share,flexible_route1_veh,background_veh,flexible_demand_veh,route1_total_veh,route2_total_veh,x_h,vq_mph,P_h,travel_time_veh_h,CO2_g,NOx_g,CO_g,HC_g,CO2_inefficiency,NOx_inefficiency,CO_inefficiency,HC_inefficiency
time_UE,,0.5886205068996085,1546.03957812,817.3552873771289,2626.5472575247586,2363.394865497129,1080.5076794047586,1.5739012349088985,17.649661356605563,2.01513212335517,103.80870010264856,1359320.8649407867,1655.21258017557,9986.432044621315,420.2139054828385,1.1214428920368498,1.4341163320993784,1.0130184749984694,1.0091267364442067
time_SO,,0.14074364228587097,369.66982766,817.3552873771289,2626.5472575247586,1187.025115037129,2256.8774298647586,0.7904985839223421,21.2006730532961,0.9609047417003342,95.44294859280697,1596933.4711357018,2172.8219730726246,10854.658140972308,455.309903989234,1.317473847750346,1.8825856664267988,1.1010908788509615,1.0934083605716025
CO2_UE,,1.0,2626.5472575247586,817.3552873771289,2626.5472575247586,3443.9025449018873,0.0,2.2934646035912545,16.113717726911098,3.020961215716533,126.36814612854755,1212117.7766545783,1154.16897717951,9915.011597146666,420.7101950851985,1.0,1.0,1.0057736219357136,1.0103185558966954
CO2_SO,,1.0,2626.5472575247586,817.3552873771289,2626.5472575247586,3443.9025449018873,0.0,2.2934646035912545,16.113717726911098,3.020961215716533,126.36814612854755,1212117.7766545783,1154.16897717951,9915.011597146666,420.7101950851985,1.0,1.0,1.0057736219357136,1.0103185558966954
NOx_UE,,1.0,2626.5472575247586,817.3552873771289,2626.5472575247586,3443.9025449018873,0.0,2.2934646035912545,16.113717726911098,3.020961215716533,126.36814612854755,1212117.7766545783,1154.16897717951,9915.011597146666,420.7101950851985,1.0,1.0,1.0057736219357136,1.0103185558966954
NOx_SO,,1.0,2626.5472575247586,817.3552873771289,2626.5472575247586,3443.9025449018873,0.0,2.2934646035912545,16.113717726911098,3.020961215716533,126.36814612854755,1212117.7766545783,1154.16897717951,9915.011597146666,420.7101950851985,1.0,1.0,1.0057736219357136,1.0103185558966954
CO_UE,,1.0,2626.5472575247586,817.3552873771289,2626.5472575247586,3443.9025449018873,0.0,2.2934646035912545,16.113717726911098,3.020961215716533,126.36814612854755,1212117.7766545783,1154.16897717951,9915.011597146666,420.7101950851985,1.0,1.0,1.0057736219357136,1.0103185558966954
CO_SO,,0.8361460755289573,2196.1771815706725,817.3552873771289,2626.5472575247586,3013.532468947801,430.37007595408613,2.006859938454397,16.631589545079386,2.616974832458419,115.66582270760563,1261106.1073134546,1356.316079996617,9858.094685426546,416.6273996055232,1.040415487341571,1.1751451536248203,1.0,1.0005138873119188
HC_UE,,1.0,2626.5472575247586,817.3552873771289,2626.5472575247586,3443.9025449018873,0.0,2.2934646035912545,16.113717726911098,3.020961215716533,126.36814612854755,1212117.7766545783,1154.16897717951,9915.011597146666,420.7101950851985,1.0,1.0,1.0057736219357136,1.0103185558966954
HC_SO,,0.788879325465732,2072.02882882,817.3552873771289,2626.5472575247586,2889.3841161971286,554.5184287047587,1.924183425714708,16.800629158168253,2.5012181184726368,113.0015410524302,1277710.876525261,1414.0137643892974,9862.803153082534,416.41341003759203,1.0541144607677633,1.2251358270300947,1.0004776245112506,1.0
generalized_UE_eta0,0.0,0.5886205068996085,1546.03957812,817.3552873771289,2626.5472575247586,2363.394865497129,1080.5076794047586,1.5739012349088985,17.649661356605563,2.01513212335517,103.80870010264856,1359320.8649407867,1655.21258017557,9986.432044621315,420.2139054828385,1.1214428920368498,1.4341163320993784,1.0130184749984694,1.0091267364442067
generalized_SO_eta0,0.0,0.14074364228587097,369.66982766,817.3552873771289,2626.5472575247586,1187.025115037129,2256.8774298647586,0.7904985839223421,21.2006730532961,0.9609047417003342,95.44294859280697,1596933.4711357018,2172.8219730726246,10854.658140972308,455.309903989234,1.317473847750346,1.8825856664267988,1.1010908788509615,1.0934083605716025
generalized_UE_eta0.25,0.25,0.772047528766341,2027.81931936,817.3552873771289,2626.5472575247586,2845.1746067371287,598.7279381647586,1.894742132366051,16.863311072794186,2.46008653010192,112.0984478049756,1283879.03971856,1434.4912801064654,9866.749354088086,416.4404741362805,1.0592032098250728,1.2428780433970688,1.0008779250897575,1.000064993340839
generalized_SO_eta0.25,0.25,0.23570208752437205,619.08267158,817.3552873771289,2626.5472575247586,1436.437958957129,2007.4645859447587,0.9565949010374498,20.101568622255545,1.1796453824646536,95.81720748627328,1541245.7898236783,2065.936630927041,10603.940754033938,444.9029717172398,1.2715313804550306,1.7899776131356908,1.0756582374594144,1.0684165326882145
generalized_UE_eta1,1.0,1.0,2626.5472575247586,817.3552873771289,2626.5472575247586,3443.9025449018873,0.0,2.2934646035912545,16.113717726911098,3.020961215716533,126.36814612854755,1212117.7766545783,1154.16897717951,9915.011597146666,420.7101950851985,1.0,1.0,1.0057736219357136,1.0103185558966954
generalized_SO_eta1,1.0,0.46846940391225816,1230.45702808,817.3552873771289,2626.5472575247586,2047.812315457129,1396.0902294447585,1.3637392461211393,18.300815212701647,1.7272880520465972,99.91557656697215,1416290.5125976908,1797.2346006130333,10140.14281004524,426.0876577730561,1.1684429845642768,1.5571676558184826,1.0286108151340494,1.0232323155361176
generalized_UE_eta4,4.0,1.0,2626.5472575247586,817.3552873771289,2626.5472575247586,3443.9025449018873,0.0,2.2934646035912545,16.113717726911098,3.020961215716533,126.36814612854755,1212117.7766545783,1154.16897717951,9915.011597146666,420.7101950851985,1.0,1.0,1.0057736219357136,1.0103185558966954
generalized_SO_eta4,4.0,0.9209495336527769,2418.9174719344064,817.3552873771289,2626.5472575247586,3236.272759311535,207.62978559035218,2.1551936863123564,16.351526661028178,2.8255532865600412,120.92045153737067,1234046.9058431145,1252.0996243668415,9873.307928727554,418.08975564121386,1.0180915828567916,1.0848494883536453,1.0015432234916042,1.0040256763188067
