objective,UE_count,worst_UE_y,SO_y,UE_total,SO_total,PoA
time,1,1546.03957812,369.66982766,103.80870010264856,95.44294859280697,1.0876518551992018
CO2,1,2626.5472575247586,2626.5472575247586,1212117.7766545783,1212117.7766545783,1.0
NOx,1,2626.5472575247586,2626.5472575247586,1154.16897717951,1154.16897717951,1.0
CO,1,2626.5472575247586,2196.1771815706725,9915.011597146666,9858.094685426546,1.0057736219357136
HC,1,2626.5472575247586,2072.02882882,420.7101950851985,416.41341003759203,1.0103185558966954
generalized_eta0,1,1546.03957812,369.66982766,103.80870010264856,95.44294859280697,1.0876518551992018
generalized_eta0.25,1,2027.81931936,619.08267158,129.76087512832692,117.02024991319013,1.1088753888714837
generalized_eta1,1,2626.5472575247586,1230.45702808,193.06895352609408,177.8516670354084,1.0855616747615644
generalized_eta4,1,2626.5472575247586,2418.9174719344064,393.1713757187337,392.5505738621473,1.0015814570094208
