eta,UE_count,UE_share,SO_share,PoA,UE_time_veh_h,UE_CO2_g,UE_CO2_inefficiency,UE_NOx_g,UE_NOx_inefficiency,UE_CO_g,UE_CO_inefficiency,UE_HC_g,UE_HC_inefficiency,SO_time_veh_h,SO_CO2_g,SO_CO2_inefficiency,SO_NOx_g,SO_NOx_inefficiency,SO_CO_g,SO_CO_inefficiency,SO_HC_g,SO_HC_inefficiency
0.0,1,0.5886205068996085,0.14074364228587097,1.0876518551992018,103.80870010264856,1359320.8649407867,1.1214428920368498,1655.21258017557,1.4341163320993784,9986.432044621315,1.0130184749984694,420.2139054828385,1.0091267364442067,95.44294859280697,1596933.4711357018,1.317473847750346,2172.8219730726246,1.8825856664267988,10854.658140972308,1.1010908788509615,455.309903989234,1.0934083605716025
0.05,1,0.6269362596284745,0.1604493628061876,1.0919509893807315,105.30573347549452,1342363.893171445,1.1074533506771458,1609.485225603269,1.3944970428302743,9949.88662452651,1.0093113265827791,418.9030277179702,1.0059787163918505,95.45904601592053,1585180.7609648935,1.3077778343784066,2150.783859678504,1.863491310375074,10799.751310152185,1.0955211584767706,453.0233835683,1.0879173740523942
0.1,1,0.664437652557085,0.17980033247718877,1.0962246181909419,106.89081170277966,1326363.9769436088,1.0942533823770393,1564.5324916700765,1.35554890367387,9920.000370717571,1.0062796805332517,417.88593066780015,1.003536198870433,95.50620487148261,1573737.045774687,1.2983367425879777,2129.06838097072,1.8446764928421588,10747.2943129396,1.090199947950143,450.8423550811232,1.0826797221550166
0.15000000000000002,1,0.7011224796790626,0.19879372530005893,1.1004709646534179,108.55621220727873,1311299.6488638578,1.0818252764867615,1520.3734420969924,1.317288431900493,9896.417198666744,1.0038874158205087,417.1468854613635,1.0017614116310647,95.58273153265168,1562601.3816116424,1.289149793615264,2107.684193587662,1.8261487141495487,10697.220439306617,1.0851204802405245,448.7639601772218,1.0776885406661358
0.2,1,0.7369913767035098,0.21742785144029217,1.1046883897177473,110.29447804570448,1297146.7728839228,1.0701491207100542,1477.022792347379,1.2797283773445722,9878.783226407326,1.0020986348418184,416.6702270499265,1.000616735691368,95.68694925747897,1551771.8785655093,1.2802154282798903,2086.6383995731276,1.8079141276802737,10649.459948584848,1.0802756808907705,446.78520114602907,1.072936630704797
0.25,1,0.772047528766341,0.23570208752437205,1.1088753888714837,112.0984478049756,1283879.03971856,1.0592032098250728,1434.4912801064654,1.2428780433970688,9866.749354088086,1.0008779250897575,416.4404741362805,1.000064993340839,95.81720748627328,1541245.7898236783,1.2715313804550306,2065.936630927041,1.7899776131356908,10603.940754033938,1.0756582374594144,444.9029717172398,1.0684165326882145
0.30000000000000004,1,0.8062963888096109,0.25361678903727025,1.1130305881463614,113.96127798678893,1271468.4219614202,1.0489644211560436,1392.7860267613491,1.206743600200516,9859.973429244064,1.0001905787961538,416.44243021572805,1.0000696907866953,95.97188982149729,1531019.6083672433,1.263094756841887,2045.5831543915053,1.7723428673246622,10560.589094067403,1.0712606676094694,443.1140871192906,1.0641205985159992
0.35000000000000003,1,0.8397454092139855,0.27117315232744715,1.1171527396233514,115.87645868127693,1259885.5875122477,1.0394085556516692,1351.9108864750433,1.1713283870952444,9858.12202843981,1.0000027736610508,416.661267093066,1.0005952187165432,96.14942019631295,1521089.1886841825,1.2549021373833484,2025.5810341582132,1.7550125451372023,10519.33025854329,1.067075392782975,441.4153161810059,1.0600410686609656
0.4,1,0.8724037886146431,0.2883732232572862,1.121240716558609,117.83782333890144,1249100.2710876977,1.0305106443824217,1311.866780076292,1.136633201909615,9860.871888683041,1.000281718054565,417.08259237086645,1.0016070143687592,96.34826920045595,1511449.7815352827,1.2469496039459589,2005.9321282852084,1.7379882564398732,10480.0889057331,1.0630947703541602,439.8033963443354,1.0561701082216153
0.45,1,0.9042822351227431,0.3052197180521072,1.125293508210398,119.83955342683315,1239081.6045716435,1.0222452210803186,1272.652011757064,1.1026565753544129,9867.911023329694,1.0009957642137137,417.69250246954397,1.0030716888580424,96.56695751777735,1502096.171773051,1.2392328540208424,1986.6372993326709,1.7212707485757397,10442.789771691074,1.059311165587494,438.2750646419944,1.0524998813136897
0.5,1,0.9353927467519937,0.32171599208396684,1.129310214485172,121.87617872633626,1229798.407663988,1.0145865619248715,1234.2625670466962,1.0693950291948708,9878.939557318785,1.0021144929682055,418.47762275146874,1.0049571235318535,96.80405972238913,1493022.728478162,1.2317472420863886,1967.6964571901017,1.704859943470879,10407.357975905796,1.0557169826428263,436.8270718339404,1.0490225850183488
0.55,1,0.9657484092482922,0.3378659552755582,1.1332900404477564,123.94257396953384,1221219.4408888686,1.007508894275448,1196.6923912668876,1.0368433175108327,9893.670315751595,1.0036087734456072,419.42513628736396,1.0072325390517565,97.05820664087878,1484223.481888404,1.2244878430748143,1949.1086630782627,1.6887550277441865,10373.71940776773,1.0523047037784536,435.45619968557594,1.0457304908750773
0.6000000000000001,1,0.995363211265334,0.3536740023499248,1.1372322907769188,126.03395246293873,1213313.6233681638,1.000986576334922,1159.933648009221,1.004994650647948,9911.829198303672,1.0054508010515018,420.5228027389953,1.0098685407394357,97.32808702270074,1475692.1885078507,1.2174495060873811,1930.8722170134124,1.6729545284885095,10341.801035956218,1.0490669207351748,434.1592748921136,1.0426159783204858
0.65,1,1.0,0.3691449474370862,1.130738721494719,126.36814612854755,1212117.7766545783,1.0,1154.16897717951,1.0,9915.011597146666,1.0057736219357136,420.7101950851985,1.0103185558966954,97.61244851102433,1467422.3905143063,1.2106269034056771,1912.9847405915104,1.6574563849968915,10311.531170050868,1.0459963612740146,432.9331808692906,1.0396715630032358
0.7000000000000001,1,1.0,0.38428396362473793,1.1228375836580005,126.36814612854755,1212117.7766545783,1.0,1154.16897717951,1.0,9915.011597146666,1.0057736219357136,420.7101950851985,1.0103185558966954,97.91009801264619,1459407.4693378443,1.2040145746940374,1895.4432543342837,1.6422580157770796,10282.839677405489,1.0430859111758028,431.77486754925604,1.0368899203084676
0.75,1,1.0,0.3990965274837127,1.115491878230868,126.36814612854755,1212117.7766545783,1.0,1154.16897717951,1.0,9915.011597146666,1.0057736219357136,420.7101950851985,1.0103185558966954,98.21990155523443,1451640.6936163632,1.1976069665629883,1878.244249475742,1.6273563807491036,10255.658159433693,1.0403286321234948,430.68135936633314,1.0342639045352864
0.8,1,1.0,0.41358836759850687,1.1086528863672578,126.36814612854755,1212117.7766545783,1.0,1154.16897717951,1.0,9915.011597146666,1.0057736219357136,420.7101950851985,1.0103185558966954,98.54078369296934,1444115.2622658494,1.1913984681023158,1861.3837552358332,1.6127480395328013,10229.920093014358,1.0377177760462668,429.6497616795263,1.0317865643201534
0.8500000000000001,1,1.0,0.42776541840287413,1.1022772010445265,126.36814612854755,1212117.7766545783,1.0,1154.16897717951,1.0,9915.011597146666,1.0057736219357136,420.7101950851985,1.0103185558966954,98.87172656195388,1436824.3422120058,1.185383442009747,1844.8574000014257,1.598429204456508,10205.560938236173,1.0352467960490677,428.6772656971835,1.0294511544632636
0.9,1,1.0,0.4416337776625996,1.0963260295925796,126.36814612854755,1212117.7766545783,1.0,1154.16897717951,1.0,9915.011597146666,1.0057736219357136,420.7101950851985,1.0103185558966954,99.21176862051925,1429761.101887066,1.1795562522259009,1828.6604682731268,1.58439578989716,10182.518218933812,1.0329093545821657,427.76115217934785,1.027251144819595
0.9500000000000001,1,1.0,0.4551996682849442,1.0907646032078706,126.36814612854755,1212117.7766545783,1.0,1154.16897717951,1.0,9915.011597146666,1.0057736219357136,420.7101950851985,1.0103185558966954,99.56000315081388,1422918.7403592963,1.1739112879661948,1812.787952532918,1.570643457219672,10160.731577825238,1.0306993290342492,426.89879400533124,1.0251802264648313
1.0,1,1.0,0.46846940391225816,1.0855616747615644,126.36814612854755,1212117.7766545783,1.0,1154.16897717951,1.0,9915.011597146666,1.0057736219357136,420.7101950851985,1.0103185558966954,99.91557656697215,1416290.5125976908,1.1684429845642768,1797.2346006130333,1.5571676558184826,10140.14281004524,1.0286108151340494,426.0876577730561,1.0232323155361176
1.05,1,1.0,0.481449358146762,1.0806890898561248,126.36814612854755,1212117.7766545783,1.0,1154.16897717951,1.0,9915.011597146666,1.0057736219357136,420.7101950851985,1.0103185558966954,100.27768657741873,1409869.7511598887,1.163145841364609,1781.9949587016463,1.543963660378726,10120.695877878961,1.0266381284449038,425.3253045557972,1.0214015550493454
1.1,1,1.0,0.494145936853301,1.0761214189484487,126.36814612854755,1212117.7766545783,1.0,1154.16897717951,1.0,9915.011597146666,1.0057736219357136,420.7101950851985,1.0103185558966954,100.6455802321517,1403649.8847776302,1.1580144370555119,1767.0634105976862,1.5310266048875543,10102.336909835896,1.0247758042708213,424.6093899538539,1.0196823150232408
1.1500000000000001,1,1.0,0.5065655615745964,1.0718356406221645,126.36814612854755,1212117.7766545783,1.0,1154.16897717951,1.0,9915.011597146666,1.0057736219357136,420.7101950851985,1.0103185558966954,101.0185521402423,1397624.4501428516,1.1530434393927198,1752.4342037148608,1.5183515051646563,10085.01417506129,1.0230185950607884,423.93766310691916,1.0180691901076093
1.2000000000000002,1,1.0,0.5187146104364951,1.0678108678930098,126.36814612854755,1212117.7766545783,1.0,1154.16897717951,1.0,9915.011597146666,1.0057736219357136,420.7101950851985,1.0103185558966954,101.39594125879917,1391787.122972974,1.1482276308283175,1738.1015250159926,1.505933324653607,10068.678108510456,1.0213614729624398,423.30796759721096,1.0165570017521686
1.25,1,1.0,0.5305994818484583,1.0640281108723384,126.36814612854755,1212117.7766545783,1.0,1154.16897717951,1.0,9915.011597146666,1.0057736219357136,420.7101950851985,1.0103185558966954,101.77713134946345,1386131.6887710902,1.143561884387825,1724.059431965883,1.4937669145977548,10053.281162794516,1.0197996147933657,422.7182355952009,1.0151407841477529
1.3,1,1.0,0.5422264640355801,1.0604700702730232,126.36814612854755,1212117.7766545783,1.0,1154.16897717951,1.0,9915.011597146666,1.0057736219357136,420.7101950851985,1.0103185558966954,102.16154533599375,1380652.1059546936,1.1390412157515475,1710.302012328713,1.481847152492565,10038.777916828656,1.0183284130623353,422.1664918545187,1.013815793819914
1.35,1,1.0,0.5536018447476814,1.057120957179368,126.36814612854755,1212117.7766545783,1.0,1154.16897717951,1.0,9915.011597146666,1.0057736219357136,420.7101950851985,1.0103185558966954,102.54864722250187,1375342.4534597667,1.134660740027826,1696.8232601360469,1.4701688346212904,10025.12486546337,1.0169434546295997,421.6508454149043,1.0125774897038966
1.4000000000000001,1,1.0,0.5647317720975816,1.0539663352642863,126.36814612854755,1212117.7766545783,1.0,1154.16897717951,1.0,9915.011597146666,1.0057736219357136,420.7101950851985,1.0103185558966954,102.93793586955638,1370196.9954660996,1.1304157251515747,1683.6172456941076,1.4587268233533985,10012.280522871597,1.0156405311944292,421.16949324523256,1.0114215418932142
1.4500000000000002,1,1.0,0.5756223650644704,1.0509929822588846,126.36814612854755,1212117.7766545783,1.0,1154.16897717951,1.0,9915.011597146666,1.0057736219357136,420.7101950851985,1.0103185558966954,103.32894711138906,1365210.12834003,1.12630154811192,1670.6779897761312,1.447515938141775,10000.205217936596,1.0144156185393651,420.72071217582925,1.010343812265432
1.5,1,1.0,0.5862796235731449,1.0481887679895803,126.36814612854755,1212117.7766545783,1.0,1154.16897717951,1.0,9915.011597146666,1.0057736219357136,420.7101950851985,1.0103185558966954,103.72124906966472,1360376.4207078204,1.1223137280128281,1657.9995750379421,1.4365310520558814,9988.861130282305,1.0132648801851207,420.3028599035763,1.0093403568958865
1.55,1,1.0,0.596709418789213,1.0455425467179826,126.36814612854755,1212117.7766545783,1.0,1154.16897717951,1.0,9915.011597146666,1.0057736219357136,420.7101950851985,1.0103185558966954,104.11444008838416,1355690.6150969025,1.118447927427137,1645.576162359931,1.4257671059408414,9978.212224038676,1.0121846606717728,419.9143720756193,1.0084074190543268
1.6,1,1.0,0.6069175651392116,1.0430440618662387,126.36814612854755,1212117.7766545783,1.0,1154.16897717951,1.0,9915.011597146666,1.0057736219357136,420.7101950851985,1.0103185558966954,104.50814986639827,1351147.5929725338,1.1146999235517154,1633.4019094535781,1.4152190378961573,9968.22410323416,1.0111714708898487,419.5537565435205,1.0075414154064946
1.6500000000000001,1,1.0,0.6169097472472735,1.0406838614990677,126.36814612854755,1212117.7766545783,1.0,1154.16897717951,1.0,9915.011597146666,1.0057736219357136,420.7101950851985,1.0103185558966954,104.90203523515565,1346742.4051003708,1.1110656332566575,1621.4710619192633,1.4048818621704064,9958.864020357356,1.0102219889488158,419.21959323600356,1.0067389357085264
1.7000000000000002,1,1.0,0.6266914865219602,1.0384532231742476,126.36814612854755,1212117.7766545783,1.0,1154.16897717951,1.0,9915.011597146666,1.0057736219357136,420.7101950851985,1.0103185558966954,105.29577722806556,1342470.2827155797,1.1075411222998246,1609.7779972578735,1.3947507072939649,9950.100833954362,1.00933305587578,418.9105320696058,1.0059967377894683
1.75,1,1.0,0.6362682192761753,1.0363440869745408,126.36814612854755,1212117.7766545783,1.0,1154.16897717951,1.0,9915.011597146666,1.0057736219357136,420.7101950851985,1.0103185558966954,105.68908267231062,1338326.599769041,1.104122574179876,1598.3171353566572,1.3848207385217808,9941.904867419424,1.0085016612912814,418.6252873743606,1.0053117341647784
1.8,1,1.0,0.6456452974648276,1.034348995702995,126.36814612854755,1212117.7766545783,1.0,1154.16897717951,1.0,9915.011597146666,1.0057736219357136,420.7101950851985,1.0103185558966954,106.08168294621092,1334306.8700222766,1.1008062877395774,1587.0829408861487,1.375087159910127,9934.247850415602,1.0077249374670376,418.3626353556707,1.0046809859411172
1.85,1,1.0,0.6548278931142694,1.0324610413659039,126.36814612854755,1212117.7766545783,1.0,1154.16897717951,1.0,9915.011597146666,1.0057736219357136,420.7101950851985,1.0103185558966954,106.4733286390518,1330406.7847931823,1.097588708306118,1576.0700410711447,1.3655453163562339,9927.102935325787,1.0070001609947263,418.1214140813321,1.0041017027851862
1.9000000000000001,1,1.0,0.6638210719319466,1.0306738171879901,126.36814612854755,1212117.7766545783,1.0,1154.16897717951,1.0,9915.011597146666,1.0057736219357136,420.7101950851985,1.0103185558966954,106.86379122803254,1326622.1775488616,1.0944663984801157,1565.2731407766253,1.3561906200266685,9920.444571923828,1.0063247400726893,417.9005185568433,1.0035712310972815
1.9500000000000002,1,1.0,0.6726297745180954,1.028981374506393,126.36814612854755,1212117.7766545783,1.0,1154.16897717951,1.0,9915.011597146666,1.0057736219357136,420.7101950851985,1.0103185558966954,107.252861031755,1322949.0285615907,1.091436041976799,1554.6870479571444,1.3470185724073063,9914.248464270504,1.0056962101334828,417.69889868731127,1.0030870491168937
2.0,1,1.0,0.6812588166005521,1.0273781839767688,126.36814612854755,1212117.7766545783,1.0,1154.16897717951,1.0,9915.011597146666,1.0057736219357136,420.7101950851985,1.0103185558966954,107.64034598737807,1319383.4612946257,1.08849444064429,1544.3066761840364,1.3380247664929636,9908.49151309331,1.005112227998912,417.51555674531414,1.002646760841882
2.0500000000000003,1,1.0,0.6897128895461605,1.0258591005987934,126.36814612854755,1212117.7766545783,1.0,1154.16897717951,1.0,9915.011597146666,1.0057736219357136,420.7101950851985,1.0103185558966954,108.02607048886405,1315921.738685219,1.0856385113970837,1534.1270466814617,1.329204888551476,9903.151760081037,1.0045705662293039,417.34954492121875,1.0022480901456612
2.1,1,1.0,0.6979965618656754,1.0244193321316446,126.36814612854755,1212117.7766545783,1.0,1154.16897717951,1.0,9915.011597146666,1.0057736219357136,420.7101950851985,1.0103185558966954,108.40987431945612,1312560.2590518892,1.0828652828395358,1524.1432890149583,1.3205547187202777,9898.20833368709,1.004069107625822,417.1999629445607,1.001888875065041
2.15,1,1.0,0.706114279694249,1.0230544105243036,126.36814612854755,1212117.7766545783,1.0,1154.16897717951,1.0,9915.011597146666,1.0057736219357136,420.7101950851985,1.0103185558966954,108.79161158584569,1309295.5524670044,1.0801718922732368,1514.350642869931,1.3120701325473259,9893.641397716518,1.0036058400151624,417.0659558166574,1.001567062355188
2.2,1,1.0,0.7140703691421477,1.0217601660321771,126.36814612854755,1212117.7766545783,1.0,1154.16897717951,1.0,9915.011597146666,1.0057736219357136,420.7101950851985,1.0103185558966954,109.17114978630313,1306124.2764266087,1.0775555821246072,1504.7444574405554,1.3037471004616334,9889.432100900134,1.0031788511343795,416.9467115995347,1.001280702179823
2.25,1,1.0,0.7218690377331342,1.0205327037317833,126.36814612854755,1212117.7766545783,1.0,1154.16897717951,1.0,9915.011597146666,1.0057736219357136,420.7101950851985,1.0103185558966954,109.54836888427228,1303043.211963918,1.0750136967385233,1495.3201917877414,1.295581688083418,9885.562529157256,1.0027863237884413,416.84145931371813,1.0010279430628506
2.3000000000000003,1,1.0,0.7295143764958275,1.0193683821799957,126.36814612854755,1212117.7766545783,1.0,1154.16897717951,1.0,9915.011597146666,1.0057736219357136,420.7101950851985,1.0103185558966954,109.92316045846151,1300049.2595775803,1.0725436790191223,1486.0734142871365,1.2875700557458363,9882.015659557708,1.0024265311801606,416.7494669145337,1.0008070270285276
2.35,1,1.0,0.7370103620170596,1.0182637939944703,126.36814612854755,1212117.7766545783,1.0,1154.16897717951,1.0,9915.011597146666,1.0057736219357136,420.7101950851985,1.0103185558966954,110.29542689603039,1297139.4352608987,1.0701430671539018,1476.999802006842,1.2797084579558244,9878.775316343988,1.0020978324491054,416.67003935744,1.0006162849554359
2.4000000000000004,1,1.0,0.7443608590665423,1.0172157481580182,126.36814612854755,1212117.7766545783,1.0,1154.16897717951,1.0,9915.011597146666,1.0057736219357136,420.7101950851985,1.0103185558966954,110.66508065766571,1294310.8663999652,1.067809491229671,1468.095139283863,1.2719932421606994,9875.826128693321,1.0017986683870046,416.60251674370994,1.0004541321234128
2.45,1,1.0,0.7515696222611649,1.0162212538724427,126.36814612854755,1212117.7766545783,1.0,1154.16897717951,1.0,9915.011597146666,1.0057736219357136,420.7101950851985,1.0103185558966954,111.03204353675548,1291560.788137445,1.0655406702326633,1459.3553173599264,1.264420848432621,9873.153490810773,1.001527557389613,416.54627255979125,1.0003190639854447
2.5,1,1.0,0.758640299397399,1.0152775058071992,126.36814612854755,1212117.7766545783,1.0,1154.16897717951,1.0,9915.011597146666,1.0057736219357136,420.7101950851985,1.0103185558966954,111.39624604295227,1288886.5391909794,1.0633344085987102,1450.7763318989037,1.2569878073176297,9870.743523218312,1.0012830915298943,416.50071198284445,1.000209652098487
2.5500000000000003,1,1.0,0.7655764104061883,1.0143818706055836,126.36814612854755,1212117.7766545783,1.0,1154.16897717951,1.0,9915.011597146666,1.0057736219357136,420.7101950851985,1.0103185558966954,111.75762555076719,1286285.5668898996,1.061188600368541,1442.3543100179743,1.2496907632561003,9868.58304324799,1.0010639335648652,416.4652703810617,1.000124540522038
2.6,1,1.0,0.7723814643037608,1.0135318745263193,126.36814612854755,1212117.7766545783,1.0,1154.16897717951,1.0,9915.011597146666,1.0057736219357136,420.7101950851985,1.0103185558966954,112.11613171402207,1283755.3807751422,1.059101190907605,1434.08536961432,1.2425263526999775,9866.659496205863,1.0008688099528988,416.4394112721909,1.0000624409156194
2.6500000000000004,1,1.0,0.7790587221906116,1.0127251921117497,126.36814612854755,1212117.7766545783,1.0,1154.16897717951,1.0,9915.011597146666,1.0057736219357136,420.7101950851985,1.0103185558966954,112.47171335907653,1281293.638393335,1.057070247686393,1425.9659085657995,1.235491454683257,9864.960992714023,1.000696514641681,416.4226259031013,1.0000221315291178
2.7,1,1.0,0.7856114854079831,1.0119596357855472,126.36814612854755,1212117.7766545783,1.0,1154.16897717951,1.0,9915.011597146666,1.0057736219357136,420.7101950851985,1.0103185558966954,112.8243330067743,1278898.0355364087,1.0550938697278598,1417.9922558372396,1.2285828885320114,9863.476195635245,1.0005458975979056,416.41443074176595,1.0000024511798835
2.75,1,1.0,0.7920428689808964,1.0112331462931496,126.36814612854755,1212117.7766545783,1.0,1154.16897717951,1.0,9915.011597146666,1.0057736219357136,420.7101950851985,1.0103185558966954,113.17395426239636,1276566.3876852328,1.0531702547986148,1410.1609480252644,1.22179765346954,9862.194351616392,1.0004158680070203,416.4143668833192,1.0000022978264007
2.8000000000000003,1,1.0,0.7983559299584166,1.010543783907245,126.36814612854755,1212117.7766545783,1.0,1154.16897717951,1.0,9915.011597146666,1.0057736219357136,420.7101950851985,1.0103185558966954,113.52054806086004,1274296.5802938163,1.0512976583932712,1402.4685743995192,1.2151327943563248,9861.10523009106,1.000305388085688,416.4219984590766,1.0000206247476127
2.85,1,1.0,0.804553672154928,1.0098897203286574,126.36814612854755,1212117.7766545783,1.0,1154.16897717951,1.0,9915.011597146666,1.0057736219357136,420.7101950851985,1.0103185558966954,113.86409246817931,1272086.5653371387,1.0494743908863982,1394.911772010776,1.2085853974515752,9860.19910050917,1.0002134707719672,416.4369116631564,1.0000564382053938
2.9000000000000004,1,1.0,0.810638929490415,1.009269231220103,126.36814612854755,1212117.7766545783,1.0,1154.16897717951,1.0,9915.011597146666,1.0057736219357136,420.7101950851985,1.0103185558966954,114.20456568990126,1269934.4007296,1.0476988500528344,1387.487368900668,1.2021527144936157,9859.46672408094,1.0001391788878253,416.458713338204,1.000108794048222
2.95,1,1.0,0.8166145469628131,1.0086806893165918,126.36814612854755,1212117.7766545783,1.0,1154.16897717951,1.0,9915.011597146666,1.0057736219357136,420.7101950851985,1.0103185558966954,114.54195562020847,1267838.183790339,1.0459694661764205,1380.1921643336436,1.1958319722875206,9858.899304064485,1.0000816200963387,416.4870303694204,1.0001767962559651
3.0,1,1.0,0.822483203708219,1.0081225580618653,126.36814612854755,1212117.7766545783,1.0,1154.16897717951,1.0,9915.011597146666,1.0057736219357136,420.7101950851985,1.0103185558966954,114.87624948432276,1265796.1118977626,1.0442847520901273,1373.0231455116948,1.1896205604720096,9858.488484966292,1.0000399468205887,416.52150806050554,1.000259593039772
3.0500000000000003,1,1.0,0.8282475475313217,1.007593385725229,126.36814612854755,1212117.7766545783,1.0,1154.16897717951,1.0,9915.011597146666,1.0057736219357136,420.7101950851985,1.0103185558966954,115.20744093925651,1263806.4331116877,1.042643262439207,1365.977324215372,1.1835158899812632,9858.226315763004,1.0000133525129002,416.5618096928444,1.0003563757834768
3.1,1,1.0,0.8339101494250915,1.0070917999575897,126.36814612854755,1212117.7766545783,1.0,1154.16897717951,1.0,9915.011597146666,1.0057736219357136,420.7101950851985,1.0103185558966954,115.5355271167323,1261867.4604898896,1.04104360549238,1359.0517930367755,1.1775154417665479,9858.105235426387,1.0000010701864992,416.60761546765036,1.0004663765031987
3.1500000000000004,1,1.0,0.8394734688086698,1.0066165027494645,126.36814612854755,1212117.7766545783,1.0,1154.16897717951,1.0,9915.011597146666,1.0057736219357136,420.7101950851985,1.0103185558966954,115.8605061758644,1259977.5820586628,1.0394844513675698,1352.243768658415,1.171616804294072,9858.11805263358,1.0000023703573337,416.65862127934656,1.0005888649016668
3.2,1,1.0,0.844939916885954,1.0061662657572696,126.36814612854755,1212117.7766545783,1.0,1154.16897717951,1.0,9915.011597146666,1.0057736219357136,420.7101950851985,1.0103185558966954,116.18238057456519,1258135.2373331296,1.0379645126611035,1345.5505150669173,1.1658176070154773,9858.25792501141,1.0000165589386258,416.71453835593593,1.0007231475045837
3.25,1,1.0,0.850311872214967,1.0057399259673592,126.36814612854755,1212117.7766545783,1.0,1154.16897717951,1.0,9915.011597146666,1.0057736219357136,420.7101950851985,1.0103185558966954,116.5011576859348,1256338.9108130885,1.0364825390817711,1338.9693250364921,1.160115504324667,9858.51834503389,1.0000429758103226,416.77509276841425,1.0008685664825
3.3000000000000003,1,1.0,0.8555915704819121,1.0053363816701184,126.36814612854755,1212117.7766545783,1.0,1154.16897717951,1.0,9915.011597146666,1.0057736219357136,420.7101950851985,1.0103185558966954,116.81684291725207,1254587.1673214477,1.0350373466051164,1332.4976557640566,1.1545082930753656,9858.893118160615,1.0000809926014658,416.8400234456393,1.0010244948836031
3.35,1,1.0,0.860781218515231,1.004954588718975,126.36814612854755,1212117.7766545783,1.0,1154.16897717951,1.0,9915.011597146666,1.0057736219357136,420.7101950851985,1.0103185558966954,117.12944610313626,1252878.612137215,1.033627784583059,1326.1329898271285,1.1489937921116664,9859.37635019129,1.0001300114074416,416.90908264065746,1.0011903377535816
3.4000000000000004,1,1.0,0.8658829847871343,1.0045935570514517,126.36814612854755,1212117.7766545783,1.0,1154.16897717951,1.0,9915.011597146666,1.0057736219357136,420.7101950851985,1.0103185558966954,117.43898069452868,1251211.8931196204,1.0322527374963026,1319.8728472656237,1.1435698527359928,9859.962434842237,1.000189463529748,416.9820352870368,1.0013655305898852
3.45,1,1.0,0.8708989378609868,1.0042523474514642,126.36814612854755,1212117.7766545783,1.0,1154.16897717951,1.0,9915.011597146666,1.0057736219357136,420.7101950851985,1.0103185558966954,117.74545973902757,1249585.7195186429,1.0309111404730615,1313.7148616043157,1.1382344245768021,9860.646032799044,1.0002588073511072,417.0586574942093,1.00154953572835
3.5,1,1.0,0.8758311118703919,1.0039300685338999,126.36814612854755,1212117.7766545783,1.0,1154.16897717951,1.0,9915.011597146666,1.0057736219357136,420.7101950851985,1.0103185558966954,118.04889955670302,1247998.8391888412,1.0296019604904185,1307.6567000114226,1.1329854864120477,9861.422064745522,1.000337527628325,417.138736830509,1.0017418430229024
3.5500000000000003,1,1.0,0.8806814310928863,1.0036258739341914,126.36814612854755,1212117.7766545783,1.0,1154.16897717951,1.0,9915.011597146666,1.0057736219357136,420.7101950851985,1.0103185558966954,118.34931483538382,1246450.061625612,1.0283242153792926,1301.6961563955392,1.1278211268306202,9862.28568660486,1.0004251329807687,417.2220705176904,1.0019419655097692
3.6,1,1.0,0.8854518411565558,1.0033389596871027,126.36814612854755,1212117.7766545783,1.0,1154.16897717951,1.0,9915.011597146666,1.0057736219357136,420.7101950851985,1.0103185558966954,118.646726474199,1244938.2147043368,1.0270769381341327,1295.8309906393006,1.122739404940493,9863.232299050505,1.000521156855143,417.3084670599999,1.0021494433196256
3.6500000000000004,1,1.0,0.8901441814389136,1.0030685617802968,126.36814612854755,1212117.7766545783,1.0,1154.16897717951,1.0,9915.011597146666,1.0057736219357136,420.7101950851985,1.0103185558966954,118.94115346388197,1243462.1844282006,1.0258592097049615,1290.0590857793914,1.1177384865532962,9864.257514239158,1.0006251541509052,417.3977435768647,1.0023638372721566
3.7,1,1.0,0.8947602514925803,1.002813953869502,126.36814612854755,1212117.7766545783,1.0,1154.16897717951,1.0,9915.011597146666,1.0057736219357136,420.7101950851985,1.0103185558966954,119.23261675734955,1242020.8925404954,1.0246701405274734,1284.3783667824712,1.1128165738098066,9865.35715571124,1.000736701210167,417.48972640573254,1.0025847303237505
3.75,1,1.0,0.8993018130609735,1.0025744451431937,126.36814612854755,1212117.7766545783,1.0,1154.16897717951,1.0,9915.011597146666,1.0057736219357136,420.7101950851985,1.0103185558966954,119.52113920258252,1240613.294988439,1.0235088692556822,1278.7867983952417,1.1079719033171949,9866.527249386101,1.000855394904253,417.58425071479144,1.0028117266374628
3.8000000000000003,1,1.0,0.9037705252320685,1.0023493783257158,126.36814612854755,1212117.7766545783,1.0,1154.16897717951,1.0,9915.011597146666,1.0057736219357136,420.7101950851985,1.0103185558966954,119.80674120061528,1239238.4009313833,1.0223745784437361,1273.2824653501752,1.103202815641214,9867.763995952904,1.0009808498330466,417.68115866077005,1.003044447159047
3.85,1,1.0,0.9081681074878326,1.0021381278087038,126.36814612854755,1212117.7766545783,1.0,1154.16897717951,1.0,9915.011597146666,1.0057736219357136,420.7101950851985,1.0103185558966954,120.08945091779752,1237895.2215506732,1.021266452313933,1267.8633718728693,1.0985075815945071,9869.063805772184,1.0011127018653874,417.78030246284897,1.003282536998829
3.9000000000000004,1,1.0,0.9124960926891247,1.0019400979014756,126.36814612854755,1212117.7766545783,1.0,1154.16897717951,1.0,9915.011597146666,1.0057736219357136,420.7101950851985,1.0103185558966954,120.36928827975647,1236582.84494589,1.0201837385462944,1262.5277462975887,1.093884666162904,9870.423219749091,1.0012506001124915,417.88153855892045,1.0035256513982003
3.95,1,1.0,0.9167560451150947,1.0017547211918365,126.36814612854755,1212117.7766545783,1.0,1154.16897717951,1.0,9915.011597146666,1.0057736219357136,420.7101950851985,1.0103185558966954,120.64627874953453,1235300.3682997467,1.019125692314448,1257.273772760189,1.0893324960376605,9871.838961993712,1.0013942122697892,417.9847319872516,1.003773466252006
4.0,1,1.0,0.9209495336527769,1.0015814570094208,126.36814612854755,1212117.7766545783,1.0,1154.16897717951,1.0,9915.011597146666,1.0057736219357136,420.7101950851985,1.0103185558966954,120.92045153737067,1234046.9058431145,1.0180915828567916,1252.0996243668415,1.0848494883536453,9873.307928727554,1.0015432234916042,418.08975564121386,1.0040256763188067
