corridor,target,prediction,N,R2,RMSE,bias_pct,WAPE_pct
AZ_I10_W,P_h,P_hat_h,43,0.9765008132182745,0.24755313852694866,0.13941310791587558,3.9390159967534544
AZ_I10_W,vt2_obs_mph,vt2_hat_mph,43,0.8059836140366589,4.608888960596921,-4.0998633944511305,20.044514100276952
AZ_I10_W,wt2_h,wt2_hat_h,43,0.41184058136000723,0.027661922762950316,-4.253354381252961,29.85033943643133
AZ_I10_W,wt2_h,wt2_conditional_hat_h,43,0.4768002947011647,0.026089669746321507,-4.6501160549216936,28.276902778107765
AZ_I10_W,vq_mph,vq_hat_mph,43,0.543976612611885,6.0853300682738505,-11.196497913841242,19.158798869677497
AZ_I10_W,mu_vphpl,mu_hat_vphpl,43,0.9417505915132987,61.020819513719815,-0.9598816903431784,4.390194999804153
AZ_I10_W,wt2_normalized,wt2_hat_normalized,43,0.40567390410877757,1.6920961765196139,-4.631020257155094,30.138511792772306
D12_I405_N,P_h,P_hat_h,15,0.9869372800755539,0.14568907713261395,-0.7099384409740894,3.6189548514086995
D12_I405_N,vt2_obs_mph,vt2_hat_mph,15,0.7590139376789472,2.9077525653574434,-0.44899311842787615,6.20283055320279
D12_I405_N,wt2_h,wt2_hat_h,15,0.9557675352382967,0.0006842689533829217,-0.1820149907491131,12.306830980496432
D12_I405_N,wt2_h,wt2_conditional_hat_h,15,0.9560460881835177,0.0006821109664291009,-0.1487371769689716,12.022241383395334
D12_I405_N,vq_mph,vq_hat_mph,15,0.08655328790476924,11.521611857062503,-1.8968522222083894,23.306493041829153
D12_I405_N,mu_vphpl,mu_hat_vphpl,15,0.7181278866970162,92.07486486659019,1.5385552501386623,4.4196529463335485
D12_I405_N,wt2_normalized,wt2_hat_normalized,15,0.7068193376370158,0.13932577400679236,-0.5119247634976842,14.447950419595372
D12_I405_S,P_h,P_hat_h,0,,,,
D12_I405_S,vt2_obs_mph,vt2_hat_mph,0,,,,
D12_I405_S,wt2_h,wt2_hat_h,0,,,,
D12_I405_S,wt2_h,wt2_conditional_hat_h,0,,,,
D12_I405_S,vq_mph,vq_hat_mph,0,,,,
D12_I405_S,mu_vphpl,mu_hat_vphpl,0,,,,
D12_I405_S,wt2_normalized,wt2_hat_normalized,0,,,,
D12_I5_N,P_h,P_hat_h,37,0.9771698841011469,0.32345654132729146,0.6680490669918271,6.651848371798376
D12_I5_N,vt2_obs_mph,vt2_hat_mph,37,0.29083106755864985,7.086961845445293,3.9195403125108275,13.041172988766965
D12_I5_N,wt2_h,wt2_hat_h,37,0.5235367850399884,0.004547556227230438,-25.666637106749725,37.08188066771402
D12_I5_N,wt2_h,wt2_conditional_hat_h,37,0.5303617840226187,0.004514868482507392,-26.203877049038095,36.96604947499368
D12_I5_N,vq_mph,vq_hat_mph,34,0.005924580537317592,12.299051932370636,-15.189032910689049,34.66629370311106
D12_I5_N,mu_vphpl,mu_hat_vphpl,37,0.7067672259676296,90.36979445427274,-1.6366396876016487,7.33225428652962
D12_I5_N,wt2_normalized,wt2_hat_normalized,37,0.06329463547413328,0.7527805494700781,-19.915106402856154,34.05123722460156
D12_I5_S,P_h,P_hat_h,59,0.9770155656931169,0.1662753624235762,-0.6722556789846124,5.276793961731398
D12_I5_S,vt2_obs_mph,vt2_hat_mph,59,0.36408262349153964,8.145664725244531,0.571482208301588,17.594193835103844
D12_I5_S,wt2_h,wt2_hat_h,59,0.37639906148296787,0.004718117746787283,-19.8367968029314,45.31185504030684
D12_I5_S,wt2_h,wt2_conditional_hat_h,59,0.436716647346744,0.004484136797303978,-19.58147886323678,42.32531943331868
D12_I5_S,vq_mph,vq_hat_mph,57,0.3958769014110055,11.341370983610773,-6.410021535025678,25.978729522934266
D12_I5_S,mu_vphpl,mu_hat_vphpl,59,0.8728159596634351,85.47382585106325,0.0029823367207582052,5.335790920002913
D12_I5_S,wt2_normalized,wt2_hat_normalized,59,0.18759527809642795,1.047457993122455,-20.055626560346738,46.27039358295317
D7_I10_E,P_h,P_hat_h,23,0.9898495091923366,0.26586725587508964,0.16525440327435081,3.803564208530368
D7_I10_E,vt2_obs_mph,vt2_hat_mph,23,0.5431354106837442,7.1068625297443475,-0.39207519345833,19.97491847122036
D7_I10_E,wt2_h,wt2_hat_h,23,0.6878943900725212,0.0029376334890931955,-3.499545070289667,37.63119051427696
D7_I10_E,wt2_h,wt2_conditional_hat_h,23,0.7338393248605053,0.002712806190368268,-4.2050233983350065,35.029344082991805
D7_I10_E,vq_mph,vq_hat_mph,21,-0.04156482806492767,12.03668764626126,-4.409966122377796,25.841385593041796
D7_I10_E,mu_vphpl,mu_hat_vphpl,23,0.8575066905213493,72.9587240919253,-0.5481661770846191,4.62810596103193
D7_I10_E,wt2_normalized,wt2_hat_normalized,23,0.3792317726983143,0.8186397272712053,-7.62743749823751,38.23556096482434
D7_I10_W,P_h,P_hat_h,30,0.9920117013888646,0.15606326623247982,-0.2931002475639155,3.3413113057883663
D7_I10_W,vt2_obs_mph,vt2_hat_mph,30,0.6375320362110259,4.51052569197292,2.701221265561471,9.530098749192057
D7_I10_W,wt2_h,wt2_hat_h,30,0.5965542985917134,0.0012790255136963784,-11.105953725011751,26.34247390344621
D7_I10_W,wt2_h,wt2_conditional_hat_h,30,0.6234353608439301,0.0012356811718160037,-11.318616558889206,25.275506421496694
D7_I10_W,vq_mph,vq_hat_mph,28,0.08016785597623433,11.127977114101405,-4.791989438110167,21.071485342600937
D7_I10_W,mu_vphpl,mu_hat_vphpl,30,0.9263231890371214,50.89999356403347,-0.41472922519506517,3.2935084909281676
D7_I10_W,wt2_normalized,wt2_hat_normalized,30,0.41831356040892576,0.44355817719538726,-11.54334449618174,24.88331851373318
D7_I210_E,P_h,P_hat_h,20,0.9865423727820041,0.24215258076806526,-0.11529356328295881,3.923810638311889
D7_I210_E,vt2_obs_mph,vt2_hat_mph,20,0.48578597137463386,7.084861861844359,-0.11307476896718072,17.329454216882763
D7_I210_E,wt2_h,wt2_hat_h,20,0.6833177432369553,0.002108192620953559,2.5742077358079873,28.19962248945077
D7_I210_E,wt2_h,wt2_conditional_hat_h,20,0.8196835836675163,0.0015908017389026023,1.7622382774813206,22.447742563971264
D7_I210_E,vq_mph,vq_hat_mph,20,0.23996647316664144,9.932948181562427,-6.882535647826693,22.45160655136724
D7_I210_E,mu_vphpl,mu_hat_vphpl,20,0.8836606314079847,59.86017504777437,-0.24858542308867637,4.025691698880645
D7_I210_E,wt2_normalized,wt2_hat_normalized,20,0.5668512287342917,0.6207671815122437,-4.990939385692473,29.76105028212673
D7_I210_W,P_h,P_hat_h,33,0.9831815375272661,0.222974235656516,-0.12154117073722714,3.9399011921982003
D7_I210_W,vt2_obs_mph,vt2_hat_mph,33,0.5731505663521497,6.385559189923805,-1.3164173111056665,15.148383239111887
D7_I210_W,wt2_h,wt2_hat_h,33,0.1622723784937704,0.003263961971581449,7.4347497820263175,33.832987975917725
D7_I210_W,wt2_h,wt2_conditional_hat_h,33,0.27700112634333307,0.0030322323926322893,6.890901092898161,32.04325148298305
D7_I210_W,vq_mph,vq_hat_mph,32,0.3767123421346721,10.434164631595152,-4.9242483383373,22.164117146648735
D7_I210_W,mu_vphpl,mu_hat_vphpl,33,0.8449256372549012,60.583637031887335,-0.08635072481680828,3.9335983673091692
D7_I210_W,wt2_normalized,wt2_hat_normalized,33,0.4564505613477825,0.7276251887373593,-1.9901133399112592,29.90630697318613
D7_I405_N,P_h,P_hat_h,15,0.9587442030663234,0.6523348925975184,-0.02923114454158604,8.40802708235
D7_I405_N,vt2_obs_mph,vt2_hat_mph,15,0.4999938489745138,8.466556525482712,-1.2626980396616139,25.022906651400326
D7_I405_N,wt2_h,wt2_hat_h,15,-0.2619713055783981,0.006306789765069954,5.375565719789921,52.276101411531606
D7_I405_N,wt2_h,wt2_conditional_hat_h,15,-0.02453134485743269,0.005682588904802594,3.5651871136664015,47.26210941766876
D7_I405_N,vq_mph,vq_hat_mph,12,-0.5212339123263554,12.090435066679962,3.6790249701378785,33.62573747437707
D7_I405_N,mu_vphpl,mu_hat_vphpl,15,0.29372928343224125,105.83709011849122,0.6719917029933464,7.031873676551224
D7_I405_N,wt2_normalized,wt2_hat_normalized,15,0.09181532904201806,1.6875525866158783,-18.33216952771679,53.44293385663938
D7_I405_S,P_h,P_hat_h,11,0.9835393466214091,0.4125360589979733,-0.5314691620699863,6.256137354330511
D7_I405_S,vt2_obs_mph,vt2_hat_mph,11,0.4224388015633065,7.7116369265172295,4.184970485940354,17.58466256515331
D7_I405_S,wt2_h,wt2_hat_h,11,0.7967122755991004,0.0026377329022639713,-12.711430200972796,35.3076720661229
D7_I405_S,wt2_h,wt2_conditional_hat_h,11,0.8261692438286997,0.0024391502260067456,-12.416764657582235,33.15593611552465
D7_I405_S,vq_mph,vq_hat_mph,10,-0.11015330322676853,13.593136182911847,-4.296850551599485,27.7221756443868
D7_I405_S,mu_vphpl,mu_hat_vphpl,11,0.6598702074098002,82.55288339604509,0.045060411483688334,5.3815258309288705
D7_I405_S,wt2_normalized,wt2_hat_normalized,11,0.19221840401157142,1.046236905102151,-21.9288636193807,40.35803305846637
