sample,pollutant,numerator,denominator,N,median_ratio,mean_ratio,ratio_of_totals,log_ratio_median
All average-weekday profiles,CO2,R,O,137,1.060613927048003,1.0489036729609096,1.0421483298044985,0.05884791692640246
All average-weekday profiles,CO2,M,R,137,1.1514849824060973,1.1410748325923474,1.158645980970158,0.14105239842725112
All average-weekday profiles,CO2,A,M,137,0.9820046079420547,0.9835567543041196,0.9835452960548798,-0.01815927823332946
All average-weekday profiles,CO2,S,O,137,0.9634695045588764,0.9639704023394167,0.9539840158571162,-0.03721444231996788
All average-weekday profiles,CO2,M,O,137,1.2069019983524463,1.1966955858021755,1.2074809739027448,0.1880567444133548
All average-weekday profiles,NOx,R,O,137,1.1226271148403735,1.1142537352405872,1.109139515383356,0.1156715768422973
All average-weekday profiles,NOx,M,R,137,1.2900173050543817,1.2740979911541832,1.321206270006193,0.25465563305444205
All average-weekday profiles,NOx,A,M,137,0.9673518365326111,0.9719550867759895,0.9700748610109592,-0.03319300634017801
All average-weekday profiles,NOx,S,O,137,0.9209422937229066,0.9241375769760437,0.9044325407529309,-0.08235790079957107
All average-weekday profiles,NOx,M,O,137,1.4318712142102397,1.4157299911855223,1.4654020820361202,0.35898213028340376
All average-weekday profiles,CO,R,O,137,0.9766316386148589,0.9660362958604347,0.9820113341394628,-0.023645731181756505
All average-weekday profiles,CO,M,R,137,1.0141885353395934,1.0134116795482708,1.0397179562286094,0.01408882017329342
All average-weekday profiles,CO,A,M,137,0.9923142574362319,0.9916759469871271,0.9905149224747056,-0.007715430094787167
All average-weekday profiles,CO,S,O,137,0.964109566142539,0.9795588936583088,0.9714100768224962,-0.036550333005942036
All average-weekday profiles,CO,M,O,137,0.9795809280000866,0.9782402469882873,1.0210148173248124,-0.020630423264653027
All average-weekday profiles,HC,R,O,137,0.9961271891352368,0.9940230124351804,0.9991140263674342,-0.0038803296155047384
All average-weekday profiles,HC,M,R,137,1.0339024005380923,1.0320540544383612,1.0508690792035038,0.03334038143593404
All average-weekday profiles,HC,A,M,137,0.9924881088399646,0.9930612438117017,0.9922093105312815,-0.007540247510232415
All average-weekday profiles,HC,S,O,137,0.9724304081793721,0.9780061806553787,0.9748989808896956,-0.027956765762782013
All average-weekday profiles,HC,M,O,137,1.0261469196036113,1.0264700536087612,1.0499380369080509,0.02581093299168621
I10 monthly average weekday,CO2,R,O,20,1.105571806506898,1.0883236719201643,1.0666717726582629,0.10024729063889304
I10 monthly average weekday,CO2,M,R,20,1.2221664617438142,1.21969863744303,1.2067895638401174,0.20062246160698585
I10 monthly average weekday,CO2,A,M,20,0.9816238314711792,0.9763993331768258,0.9839116758206595,-0.01854710842391628
I10 monthly average weekday,CO2,S,O,20,0.9273734580561248,0.9440872240004629,0.9346547994944295,-0.07550443748014918
I10 monthly average weekday,CO2,M,O,20,1.357378171105451,1.3269503266304778,1.28724836328683,0.30551638408988413
I10 monthly average weekday,NOx,R,O,20,1.1431079005632183,1.1680762279500307,1.1375348922167214,0.13374216742505557
I10 monthly average weekday,NOx,M,R,20,1.463952840804416,1.4349963108049926,1.4370370233851852,0.38111865799658656
I10 monthly average weekday,NOx,A,M,20,0.9667195633505954,0.9611038876908804,0.9706811985596542,-0.033846957908527736
I10 monthly average weekday,NOx,S,O,20,0.831102327615685,0.8850949843119189,0.8586155040949003,-0.18500291229496602
I10 monthly average weekday,NOx,M,O,20,1.6472138794597666,1.6670383106219724,1.6346797555079051,0.49908362157568464
I10 monthly average weekday,CO,R,O,20,0.9859676716079782,1.0002202352190284,1.003344804729461,-0.01413182685256733
I10 monthly average weekday,CO,M,R,20,1.1199046152176018,1.1136386633872513,1.110578667507214,0.11324322512310925
I10 monthly average weekday,CO,A,M,20,0.9556011044052173,0.9601887075204074,0.9671063989717481,-0.04541613382634618
I10 monthly average weekday,CO,S,O,20,0.9593209536688534,0.9955558628056304,0.969023622963034,-0.04154926686017212
I10 monthly average weekday,CO,M,O,20,1.1377930625425143,1.1144867143153387,1.1142933362867307,0.1290052979858618
I10 monthly average weekday,HC,R,O,20,1.0078609185421055,1.0263489475665621,1.019286220382183,0.007739271707457545
I10 monthly average weekday,HC,M,R,20,1.1021982468757487,1.1013537070883082,1.096910821031388,0.09730246328987402
I10 monthly average weekday,HC,A,M,20,0.9776823492217879,0.9787571142914198,0.9828069232775533,-0.022570458435824833
I10 monthly average weekday,HC,S,O,20,0.9616766753434498,0.9815611613251841,0.9689585110898288,-0.03907748503080474
I10 monthly average weekday,HC,M,O,20,1.1478745315138479,1.131095614055772,1.1180660848654007,0.13790644296043153
PeMS released profiles,CO2,R,O,117,1.0530192768772102,1.0421652116003532,1.022793999461676,0.05166153961030479
PeMS released profiles,CO2,M,R,117,1.1471125007393028,1.127634865951205,1.11902020798513,0.1372479159349243
PeMS released profiles,CO2,A,M,117,0.9837265869868252,0.9847802450951098,0.9832200856465506,-0.016407279293005606
PeMS released profiles,CO2,S,O,117,0.9654135889084878,0.9673692362435112,0.9692389717367685,-0.03519867991894069
PeMS released profiles,CO2,M,O,117,1.1876456947744123,1.1744298181392179,1.1445271540035473,0.17197293973716266
PeMS released profiles,NOx,R,O,117,1.1106250812921712,1.105053309136409,1.088816797131416,0.10492299312175292
PeMS released profiles,NOx,M,R,117,1.2721826990272218,1.2465940048890878,1.2345962865641789,0.24073408591465026
PeMS released profiles,NOx,A,M,117,0.9713737366991898,0.9738099926025038,0.9695471434711588,-0.02904398598201316
PeMS released profiles,NOx,S,O,117,0.9255577870451763,0.9308115244399966,0.9372240311636463,-0.07735871018719474
PeMS released profiles,NOx,M,O,117,1.4005419667601857,1.3727713041023688,1.344249174487149,0.33685928082435934
PeMS released profiles,CO,R,O,117,0.9741998417536616,0.9601928874230683,0.9660435991563887,-0.026138820046926612
PeMS released profiles,CO,M,R,117,1.0019857813752915,0.9962788617980176,0.9846320131709773,0.0019838123177705123
PeMS released profiles,CO,A,M,117,0.9971401149788679,0.9970583810840025,1.01103999394964,-0.0028639823060061685
PeMS released profiles,CO,S,O,117,0.964109566142539,0.976824369017741,0.9731962963978094,-0.036550333005942036
PeMS released profiles,CO,M,O,117,0.9692300622726113,0.9549502525734068,0.9511974538482916,-0.03125327290564447
PeMS released profiles,HC,R,O,117,0.9961271891352368,0.9884972115580208,0.9832583991462643,-0.0038803296155047384
PeMS released profiles,HC,M,R,117,1.0254520196367587,1.020207959968285,1.0133535978158434,0.025133510148326686
PeMS released profiles,HC,A,M,117,0.9953221956168083,0.9955063941570489,1.0005022256407907,-0.004688779549946232
PeMS released profiles,HC,S,O,117,0.9767051552213146,0.9773984916519933,0.9795682734116916,-0.023570458339180242
PeMS released profiles,HC,M,O,117,1.019909867431166,1.0085853424212379,0.9963884363575136,0.019714258128177016
AZ_I10,CO2,R,O,20,1.105571806506898,1.0883236719201643,1.0666717726582629,0.10024729063889304
AZ_I10,CO2,M,R,20,1.2221664617438142,1.21969863744303,1.2067895638401174,0.20062246160698585
AZ_I10,CO2,A,M,20,0.9816238314711792,0.9763993331768258,0.9839116758206595,-0.01854710842391628
AZ_I10,CO2,S,O,20,0.9273734580561248,0.9440872240004629,0.9346547994944295,-0.07550443748014918
AZ_I10,CO2,M,O,20,1.357378171105451,1.3269503266304778,1.28724836328683,0.30551638408988413
AZ_I10,NOx,R,O,20,1.1431079005632183,1.1680762279500307,1.1375348922167214,0.13374216742505557
AZ_I10,NOx,M,R,20,1.463952840804416,1.4349963108049926,1.4370370233851852,0.38111865799658656
AZ_I10,NOx,A,M,20,0.9667195633505954,0.9611038876908804,0.9706811985596542,-0.033846957908527736
AZ_I10,NOx,S,O,20,0.831102327615685,0.8850949843119189,0.8586155040949003,-0.18500291229496602
AZ_I10,NOx,M,O,20,1.6472138794597666,1.6670383106219724,1.6346797555079051,0.49908362157568464
AZ_I10,CO,R,O,20,0.9859676716079782,1.0002202352190284,1.003344804729461,-0.01413182685256733
AZ_I10,CO,M,R,20,1.1199046152176018,1.1136386633872513,1.110578667507214,0.11324322512310925
AZ_I10,CO,A,M,20,0.9556011044052173,0.9601887075204074,0.9671063989717481,-0.04541613382634618
AZ_I10,CO,S,O,20,0.9593209536688534,0.9955558628056304,0.969023622963034,-0.04154926686017212
AZ_I10,CO,M,O,20,1.1377930625425143,1.1144867143153387,1.1142933362867307,0.1290052979858618
AZ_I10,HC,R,O,20,1.0078609185421055,1.0263489475665621,1.019286220382183,0.007739271707457545
AZ_I10,HC,M,R,20,1.1021982468757487,1.1013537070883082,1.096910821031388,0.09730246328987402
AZ_I10,HC,A,M,20,0.9776823492217879,0.9787571142914198,0.9828069232775533,-0.022570458435824833
AZ_I10,HC,S,O,20,0.9616766753434498,0.9815611613251841,0.9689585110898288,-0.03907748503080474
AZ_I10,HC,M,O,20,1.1478745315138479,1.131095614055772,1.1180660848654007,0.13790644296043153
D12_I405,CO2,R,O,4,1.0602820019719381,1.0307879109670117,0.9884305640346269,0.058356469919350215
D12_I405,CO2,M,R,4,1.0119951967146967,0.9903478396720915,0.9810340941007416,0.0110612161002318
D12_I405,CO2,A,M,4,1.0852661810635142,1.0734344130653735,1.0844066318391823,0.08152639235267135
D12_I405,CO2,S,O,4,0.9198716586409839,0.9328726403616179,0.9213039991589497,-0.08357432304102938
D12_I405,CO2,M,O,4,1.0052943844832554,1.0219354700439374,0.9696840829691953,0.0011534204397120676
D12_I405,NOx,R,O,4,1.116476702467125,1.0683187762695243,0.9797340482607223,0.11016419049162343
D12_I405,NOx,M,R,4,1.0105990462426875,0.9922101335748972,0.9632987504569326,0.00794350485076202
D12_I405,NOx,A,M,4,1.139634879233431,1.125083060645589,1.1449220137200669,0.13019519508466681
D12_I405,NOx,S,O,4,0.9054105540745925,0.8979067905373339,0.8880956155323965,-0.09944095744174647
D12_I405,NOx,M,O,4,1.0426445698185456,1.0681756978711623,0.9437765844696658,0.02975746178160349
D12_I405,CO,R,O,4,0.9102091639207445,0.8930854491596941,0.876318386048443,-0.09629627433043114
D12_I405,CO,M,R,4,1.029856667398628,1.0207828619364165,1.0038825489347027,0.029298783863831144
D12_I405,CO,A,M,4,0.9856502916585439,0.9801956848878228,0.9850507498474769,-0.014557162528706084
D12_I405,CO,S,O,4,1.0319394409213896,1.0262025490778692,1.046547810821942,0.03006937168169515
D12_I405,CO,M,O,4,0.9010285350604224,0.9113107330314083,0.8797207350646559,-0.10849394142203408
D12_I405,HC,R,O,4,0.9338081940088316,0.945219975984793,0.923934935665009,-0.07022055455606283
D12_I405,HC,M,R,4,0.982492923333,0.9853641780345744,0.9782043188485062,-0.018005056837601893
D12_I405,HC,A,M,4,1.0347228580715258,1.0278656207691133,1.0334708677522297,0.03401513496347014
D12_I405,HC,S,O,4,1.0025987725080499,0.9907235801720415,0.9967555897142373,0.0024299417903357445
D12_I405,HC,M,O,4,0.9188743608001008,0.9343514789400578,0.9037971444025286,-0.0882256113936648
D12_I5,CO2,R,O,79,1.0440765004980583,1.0306788806963876,1.0122016281520898,0.04313276311500352
D12_I5,CO2,M,R,79,1.1589191883263166,1.148296128355571,1.1426015642216147,0.1474878365827007
D12_I5,CO2,A,M,79,0.9825890175394286,0.9822762620386009,0.980015364674904,-0.017564336249367103
D12_I5,CO2,S,O,79,0.9614189689097677,0.9606813523885992,0.961978716812623,-0.03934499320956912
D12_I5,CO2,M,O,79,1.2020054568481384,1.1830282927262648,1.156543163634243,0.18399137590981446
D12_I5,NOx,R,O,79,1.087592803914027,1.073069355264385,1.0828937261144524,0.08396681727215187
D12_I5,NOx,M,R,79,1.309608198927659,1.2890769166231373,1.2854900507871414,0.2697280076902384
D12_I5,NOx,A,M,79,0.9699707255371794,0.9690007760993075,0.9637442396756807,-0.03048938779870753
D12_I5,NOx,S,O,79,0.9143082737870483,0.9160243076259779,0.9199027341013034,-0.08958748453951244
D12_I5,NOx,M,O,79,1.4159915585570841,1.3819711802588381,1.3920491109799442,0.3478300337827726
D12_I5,CO,R,O,79,0.989607657652452,0.9678677869126595,0.9705842144653548,-0.010446719804804586
D12_I5,CO,M,R,79,0.9896678775323153,0.9873928116925844,0.975863498489631,-0.010385869378664866
D12_I5,CO,A,M,79,1.0015963597127293,1.0055639282281548,1.0131482198313577,0.001595086884977014
D12_I5,CO,S,O,79,0.9480776356229055,0.9667042522937965,0.9616906677067713,-0.05331888596326648
D12_I5,CO,M,O,79,0.9650738552623297,0.9535707940820402,0.9471577071069716,-0.03555064662112378
D12_I5,HC,R,O,79,0.9973489214426813,0.9906822860531753,0.9770738492644032,-0.002654598889238052
D12_I5,HC,M,R,79,1.0288598887365146,1.0222759569761377,1.01662016543558,0.028451285031402502
D12_I5,HC,A,M,79,0.9960845010425899,0.9966404381215275,0.9989301344212965,-0.0039231845920755975
D12_I5,HC,S,O,79,0.9584934635728563,0.970581933202075,0.9716439485456314,-0.04239253595333011
D12_I5,HC,M,O,79,1.0232490027032497,1.0123995966666186,0.9933129782819565,0.0229828617534476
D7_I10,CO2,R,O,15,1.0673854407459333,1.090621371963992,1.089332411710137,0.06521214490144253
D7_I10,CO2,M,R,15,1.0486663282212354,1.046092360850169,1.045088527144654,0.04751919322911509
D7_I10,CO2,A,M,15,1.013954734366521,1.010691088232323,1.0055987576353607,0.013858263508386794
D7_I10,CO2,S,O,15,0.9632008971798313,0.9790908581030967,0.9916746801212437,-0.037493272970548254
D7_I10,CO2,M,O,15,1.1419138589242384,1.1387280571528318,1.1384488057250808,0.13270567837503014
D7_I10,NOx,R,O,15,1.1928395817179922,1.2358094189356943,1.1776643829986142,0.17633666778602194
D7_I10,NOx,M,R,15,1.0759520153995268,1.0780797499536092,1.079898332151968,0.07320586539159069
D7_I10,NOx,A,M,15,1.0246430429679483,1.0192533357865372,1.0053303255692798,0.024344301174015124
D7_I10,NOx,S,O,15,0.9137105603291698,0.9562395521900878,0.9784286497839305,-0.09024143128013049
D7_I10,NOx,M,O,15,1.3106537850241937,1.3242317552434923,1.2717578030349799,0.2705260852553335
D7_I10,CO,R,O,15,0.9551046103587685,0.9373397981122316,0.947034892107836,-0.04593440485774587
D7_I10,CO,M,R,15,1.026369868368147,1.007940210134252,0.9903130186398583,0.026028177271215754
D7_I10,CO,A,M,15,0.9674425527378586,0.9644418238190824,0.9932631725909048,-0.03309923285621814
D7_I10,CO,S,O,15,0.9658160647207236,0.9954380027568069,0.9970296960123508,-0.03478187209154823
D7_I10,CO,M,O,15,0.9674948995075059,0.9419612575019773,0.9378609827605835,-0.03304512591896361
D7_I10,HC,R,O,15,0.9812619254959516,0.9803116781275883,1.0006780007787723,-0.018915856587700074
D7_I10,HC,M,R,15,1.0036580120336447,0.9989411923161359,0.9965417059814863,0.00365133777900946
D7_I10,HC,A,M,15,0.9994993818375044,0.9969649918655039,1.0028533335215815,-0.0005007435136049982
D7_I10,HC,S,O,15,0.971590972417689,0.98933169298308,0.9940905983710495,-0.02882037335705393
D7_I10,HC,M,O,15,0.9785275851242888,0.9781686211091073,0.9972173620342208,-0.021706301307511732
D7_I210,CO2,R,O,13,1.0585420265401806,1.064361123585019,1.0619396069519873,0.05689251466873429
D7_I210,CO2,M,R,13,1.1409309947645119,1.145369015857456,1.117437558213354,0.13184459119350855
D7_I210,CO2,A,M,13,0.9434310529270896,0.9538724083212556,0.9522030907349932,-0.05823199270264333
D7_I210,CO2,S,O,13,0.9837670095527455,0.9945392433814297,0.9950653503658872,-0.016366188876246867
D7_I210,CO2,M,O,13,1.255544662163068,1.2211517753480694,1.1866512013624777,0.22756947219112875
D7_I210,NOx,R,O,13,1.2015046860448262,1.176658552727139,1.150248132735651,0.1835746763489334
D7_I210,NOx,M,R,13,1.2670181777648484,1.2678756382472245,1.2245841765958831,0.23666624832751865
D7_I210,NOx,A,M,13,0.901557247928274,0.9246114589738046,0.9194269495339243,-0.10363173538408495
D7_I210,NOx,S,O,13,0.97751711213002,0.9831891340560688,0.984026585214167,-0.02273948126047897
D7_I210,NOx,M,O,13,1.4548986543606501,1.49321069921552,1.4085756625070394,0.37493624483717
D7_I210,CO,R,O,13,0.9604341657432643,0.9527446782443663,0.972004127989512,-0.04036984077460131
D7_I210,CO,M,R,13,1.0419083539046936,1.0172396707207443,1.0171315831828232,0.04105398735634187
D7_I210,CO,A,M,13,0.9800574427174539,0.983559807767616,0.9738077473657573,-0.020144094017502404
D7_I210,CO,S,O,13,0.9846856132993784,0.9967273934428563,0.989707171303675,-0.015432863072362742
D7_I210,CO,M,O,13,0.9784814230976754,0.9703144418246363,0.9886560975622118,-0.021753477407803628
D7_I210,HC,R,O,13,0.9754333463971248,0.9855277017846356,1.001050396850152,-0.024873448883215465
D7_I210,HC,M,R,13,1.0506806016679697,1.0401726316221578,1.0331564685182635,0.04943814624842451
D7_I210,HC,A,M,13,0.967795592580965,0.9788516197995023,0.9758221762884502,-0.03273437869304784
D7_I210,HC,S,O,13,0.9891617646494866,0.9941333012799115,0.9931028143423903,-0.010897396882676318
D7_I210,HC,M,O,13,1.032267545162393,1.026518022282627,1.0342416928185092,0.031757882648472444
D7_I405,CO2,R,O,6,1.077885135581222,1.031755225382259,1.030371278875599,0.07497658024812286
D7_I405,CO2,M,R,6,1.0911794696341333,1.112551866435509,1.0902983202599288,0.08724945455232702
D7_I405,CO2,A,M,6,0.9662101026183885,0.9608364485259502,0.9775870536203298,-0.03459539764692746
D7_I405,CO2,S,O,6,0.9895851294738743,0.9902517008066588,0.9953967994060644,-0.010524870245983831
D7_I405,CO2,M,O,6,1.187587518646199,1.150902963320078,1.12341207460214,0.17192252090070534
D7_I405,NOx,R,O,6,1.0552527830656904,1.0686300880845137,1.0797262614092864,0.05341296700787397
D7_I405,NOx,M,R,6,1.1731213474436102,1.2320003463296292,1.1851795132904028,0.15966734918692943
D7_I405,NOx,A,M,6,0.9484678934237174,0.9292710961012972,0.955769705802259,-0.053398672037639636
D7_I405,NOx,S,O,6,0.9904067782116912,0.9703914782163033,1.001281818591172,-0.009686446046864996
D7_I405,NOx,M,O,6,1.2934502333380749,1.315100188265018,1.2796694449839243,0.25632290419377574
D7_I405,CO,R,O,6,1.0149497798026592,0.9771488461499782,0.9807183993101527,0.014817532951186037
D7_I405,CO,M,R,6,1.0209537012080738,1.0223740645874588,0.9990573767160694,0.020367081765496387
D7_I405,CO,A,M,6,1.0160561621157702,1.007098776497922,1.0415559693439,0.01537429719780272
D7_I405,CO,S,O,6,0.9843694419617557,0.987496481907509,0.9825477335724285,-0.015880086520007993
D7_I405,CO,M,O,6,1.044136969396183,1.0013895467053147,0.9797939513119839,0.042849685103325305
D7_I405,HC,R,O,6,1.0543225324587642,1.0154763258390542,1.0136737235552684,0.05279426632297815
D7_I405,HC,M,R,6,1.0195724247083913,1.0261186512010172,1.004668514215339,0.019131708093338078
D7_I405,HC,A,M,6,0.9908756885802981,0.9914408477202546,1.012560846509936,-0.009643926482441069
D7_I405,HC,S,O,6,0.9938784906754703,0.9921746947076803,0.9974398754776269,-0.006159290891246667
D7_I405,HC,M,O,6,1.0856496727398244,1.0450412340918291,1.0184060737434018,0.0821760583204791
