sample,pollutant,method,bootstrap_unit,bootstrap_replicates,N,R2,RMSE,bias_pct,WAPE_pct,MAE,N_blocks,N_dates,R2_lo,R2_hi,RMSE_lo,RMSE_hi,MAE_lo,MAE_hi,bias_pct_lo,bias_pct_hi,WAPE_pct_lo,WAPE_pct_hi
All average-weekday profiles,CO2,R,sensor-profile,400,137,0.9786648638090367,59962.8083483129,4.214832980449845,10.128946905774427,30404.254862600737,118,10,0.9702561684271724,0.9869310489161128,43943.94177096685,75789.28317218045,22377.954089237443,39581.327258118625,1.0535033626151316,7.74816780836333,8.295644794602085,11.606644087964362
All average-weekday profiles,CO2,M,sensor-profile,400,137,0.9058642119891284,125953.90488077157,20.748097390274477,22.381667782446723,67183.48292650482,118,10,0.8442695728086522,0.9462414170841736,94452.09516261354,151922.21862537952,50348.88206611477,82881.47082524539,16.172275565063874,25.340501484168932,18.00088465075058,26.7207701408929
All average-weekday profiles,CO2,A,sensor-profile,400,137,0.9102303702990452,122998.26117989367,18.761223195780975,20.31988442882905,60994.58815412507,118,10,0.8540846286231453,0.9494576384406345,82770.22811926829,152683.0435579748,43339.445262176225,77852.4572424878,13.677183493446796,23.172595058272588,16.065296104917277,24.205976513767105
All average-weekday profiles,CO2,S,sensor-profile,400,137,0.9911597589239194,38598.1339792244,-4.601598414288377,5.942097178379664,17836.50745832229,118,10,0.9876173534871823,0.9947492639764602,24713.734965270076,51968.56528629679,12599.996448271379,24110.10486851718,-5.963267158137635,-3.1729375024913544,4.795880755024143,7.050754487038306
All average-weekday profiles,NOx,R,sensor-profile,400,137,0.9616773395461321,63.962705304027274,10.91395153833561,13.054942362791381,35.31708956263664,118,10,0.9456450259213388,0.9736728124462081,48.26239691201341,81.63325760374771,27.16552037356651,46.34711800462048,8.506189509315295,13.129854331517745,11.367881086503335,14.913534212554001
All average-weekday profiles,NOx,M,sensor-profile,400,137,0.505119587465116,229.85244651533515,46.540208203612025,47.73402132938469,129.13321710860671,118,10,0.33815867256060045,0.636669390462301,180.93271014005813,278.8324932764864,100.18612517244622,165.57959934878636,40.32872386766733,51.989493008301174,42.32830034005788,52.860871155860096
All average-weekday profiles,NOx,A,sensor-profile,400,137,0.5636134952901392,215.8413526962906,42.15497210563597,42.70618936712119,115.53159507285996,118,10,0.3855494256009069,0.6925197305322532,162.49722946805028,265.11767087654215,86.43795215983721,149.66256148016413,36.27811344855442,47.73979334029889,37.21091469145084,48.17511454895327
All average-weekday profiles,NOx,S,sensor-profile,400,137,0.9529503360010586,70.87241985418733,-9.556745924706911,12.42615086827804,33.61604141467656,118,10,0.9296863443751012,0.9739915570253694,46.31524989651313,96.18247086543695,24.284011149685643,45.150507927775685,-12.941077888454231,-6.210198234423798,9.919909170683512,15.106969979436478
All average-weekday profiles,CO,R,sensor-profile,400,137,0.9804812368221585,511.687758142449,-1.7988665860537156,8.26671358284059,226.05746280405344,118,10,0.9717632466265762,0.9904375311006235,311.9901176560114,680.4734343330236,149.3050575730614,306.1709643861458,-4.8727181248113105,1.2644755512747297,6.50074769505978,9.900668207245094
All average-weekday profiles,CO,M,sensor-profile,400,137,0.9675942022529104,659.3108730787043,2.1014817324812363,11.188178330512038,305.94639350330243,118,10,0.9494963368264554,0.9815495534767802,461.6882015879992,848.5967570725528,217.1207661841662,419.2877823967196,-2.0952643376420146,6.342348569179981,9.100502721290807,13.484246601865365
All average-weekday profiles,CO,A,sensor-profile,400,137,0.97397336617201,590.8644764765575,1.1330412628012265,9.822590830305087,268.60371283096225,118,10,0.9614911821678627,0.984462858568129,405.636983099444,743.1938570407103,183.76390363245423,353.09989559196504,-2.355035505193835,4.436769927973143,7.845419562131509,11.729692346148571
All average-weekday profiles,CO,S,sensor-profile,400,137,0.9924465461307852,318.3110169151672,-2.858992317750375,6.121722417844697,167.40159482979797,118,10,0.9897183515290731,0.9949189953076514,232.10406703159708,400.84038979450213,126.66585109422482,213.88199773422855,-4.360302419860288,-1.309280481964973,5.18845770857803,7.2119400630265
All average-weekday profiles,HC,R,sensor-profile,400,137,0.9762409245197133,24.0348750646484,-0.08859736325658174,9.523358697097192,10.668656771622043,118,10,0.9665818206083688,0.9865213415033773,15.023743775010297,30.785727796903224,6.8437970550523,13.751799908640718,-3.464222023122455,4.058855191274424,7.430634927673776,11.082329834328041
All average-weekday profiles,HC,M,sensor-profile,400,137,0.9642465319584512,29.48398539816513,4.993803690805088,12.611576175698987,14.128269431740494,118,10,0.9461331346185681,0.9790517962014978,20.172308956159565,37.572501747837435,9.746258518781696,19.115226955709,0.768607807109973,9.137926305201894,9.964217455160416,14.907521758621234
All average-weekday profiles,HC,A,sensor-profile,400,137,0.9670469522867962,28.305764816456648,4.175829570110445,11.645508316267366,13.046020328436937,118,10,0.9500202585300596,0.9805584968557538,20.520827382196803,35.242654618972324,9.183853054072978,17.26468376432245,-0.15187155832206456,8.116162439115369,9.35293715724391,13.680463650040712
All average-weekday profiles,HC,S,sensor-profile,400,137,0.9963343908861834,9.440612592238775,-2.510101911030438,4.238521146539689,4.7482541370070575,118,10,0.9948157380439164,0.9979837211538696,6.228259088954151,12.748035742095727,3.516286995046417,6.160171640092207,-3.5923690372780057,-1.39034175464481,3.4283458197696675,4.986111649132702
I10 monthly average weekday,CO2,R,sensor-profile,400,20,0.9481454906068861,133919.54061499346,6.667177265826285,11.28398349741331,102342.64901228911,18,9,0.8998114461255114,0.9746558434961682,89363.20208281899,172311.94232224138,67475.36189905432,139553.77781712532,0.9421164963724208,12.494012607523576,8.179509340243317,13.994123406886045
I10 monthly average weekday,CO2,M,sensor-profile,400,20,0.7320066613664657,304447.69170883676,28.72483632868299,28.724836328682972,260526.4216307791,18,9,0.4149938481673369,0.8501482271653555,238069.24190790203,369721.3207296787,195673.37436173667,334492.94967542053,22.16455132613298,36.41946490923937,22.164551326132965,36.41946490923939
I10 monthly average weekday,CO2,A,sensor-profile,400,20,0.7324257991234289,304209.5226266783,26.653869431894606,27.370675702620627,248244.5545320608,18,9,0.38378623962721464,0.8799190241224708,219408.65849838353,372076.9114463948,164832.91910788312,338002.13318178104,17.58151881704973,36.691901550240004,18.87000061784099,36.691901550240004
I10 monthly average weekday,CO2,S,sensor-profile,400,20,0.9732949343113937,96105.33819756108,-6.534520050557047,8.000255465594705,72560.13244894387,18,9,0.9543741476775012,0.9827305800987785,60983.855020029114,122380.83897636202,46281.338213283954,100417.63899404637,-8.938398542253413,-3.407929663642292,6.183967159845443,9.519696444663259
I10 monthly average weekday,NOx,R,sensor-profile,400,20,0.8991495137232333,132.41912099916135,13.753489221672144,13.753489221672137,106.31753735491722,18,9,0.7952131205450069,0.9414335193473341,98.80500041001855,168.61713707664669,76.01697875508931,142.67837840963824,9.709520954619467,18.0717057303489,9.709520954619448,18.071705730348896
I10 monthly average weekday,NOx,M,sensor-profile,400,20,-0.7031817477898461,544.17952791489,63.46797555079051,63.46797555079054,490.6215981053977,18,9,-2.1412004763183052,-0.15678086711664246,451.47414321705287,626.7432987934748,393.4794827862483,593.1009105280243,56.936633070444735,71.18298531128121,56.93663307044473,71.18298531128123
I10 monthly average weekday,NOx,A,sensor-profile,400,20,-0.530431862031737,515.8443780539268,58.67529043376158,58.67529043376158,453.57307385475434,18,9,-1.9407931947884318,0.05403634204598696,405.07829507237057,603.4860170024823,354.18831666415844,557.8900569219004,49.91423193430522,66.82037345568426,49.91423193430524,66.82037345568425
I10 monthly average weekday,NOx,S,sensor-profile,400,20,0.8222313524850942,175.8082643911602,-14.138449590509971,17.12271947393872,132.36243821092845,18,9,0.6837216379759737,0.899836977328384,112.88380747157103,234.40941327711025,85.12614356057846,190.95308064537906,-19.93681428158627,-7.9354644948279125,13.067286542970889,21.136327037114732
I10 monthly average weekday,CO,R,sensor-profile,400,20,0.9522607108442172,1141.905285051228,0.33448047294610816,9.17140015434502,735.4152299120466,18,9,0.9125420445637198,0.9817256873134143,644.6986248457846,1596.9051469483468,397.9066435596122,1154.775291317069,-5.598423798872157,6.572895191437623,5.90147730540708,12.448710646719276
I10 monthly average weekday,CO,M,sensor-profile,400,20,0.920267203618707,1475.7425754392273,11.429333628673067,14.494461999046928,1162.2487214703553,18,9,0.8158417044569926,0.9665942506764401,1002.6848518981785,1931.550541381511,726.1280057912674,1622.040197631429,4.862914662106168,18.13501826061963,10.308130762291913,18.691140885212707
I10 monthly average weekday,CO,A,sensor-profile,400,20,0.9322292336006042,1360.5462432023244,7.764021585447534,12.994746141180737,1041.9929411255305,18,9,0.870810333106244,0.968038898407936,936.1413325537112,1728.9345694897174,703.5118929163798,1417.2716044188699,0.7376294287302126,14.005770231487322,9.544645693484325,16.181931764194292
I10 monthly average weekday,CO,S,sensor-profile,400,20,0.9794816173313745,748.6238717491657,-3.0976377036965985,7.107990963076411,569.9592996001927,18,9,0.9641430795768566,0.9867474106882074,546.3266459578443,943.9794995325891,391.2042822412059,779.6316320287269,-6.000008197474526,0.9863902657552788,5.432364458638295,9.062290390809062
I10 monthly average weekday,HC,R,sensor-profile,400,20,0.9496679141080197,51.03767498886038,1.9286220382183084,10.213043099345471,34.49139539263398,18,9,0.9108322320740169,0.9799345564525195,28.416338509816775,66.83027962219225,17.652356704531936,50.550230687829476,-5.173249788281693,9.507174538224456,6.7378499353238706,13.291843855424927
I10 monthly average weekday,HC,M,sensor-profile,400,20,0.9176552722856739,65.28092752680334,11.806608486540071,15.239389290815899,51.466325605292845,18,9,0.8047531605612549,0.9610246807052232,46.81785827539149,85.30771490710246,33.97846946096897,72.00323762812968,4.988144815444467,19.61664789987206,10.74973041472571,20.08597932633503
I10 monthly average weekday,HC,A,sensor-profile,400,20,0.9191934831317505,64.66832480926702,9.884308888754422,14.925034578816398,50.40468975791183,18,9,0.8294514172528686,0.9608955419481766,47.59498806502072,80.26547900161204,34.14081457489456,68.2260147454687,1.7294702734002605,18.423299257434433,10.66739206297945,19.52204282111435
I10 monthly average weekday,HC,S,sensor-profile,400,20,0.9897944706572153,22.98191347844069,-3.104148891017122,5.146281995993145,17.379976310603144,18,9,0.9841530865173606,0.9935004498859376,14.989539982010449,30.379749579420235,12.007457020186592,23.877008765827142,-4.762455682938842,-0.6183737597082268,3.9326926435205425,6.337867370083732
PeMS released profiles,CO2,R,sensor-profile,400,117,0.9822601194562783,33829.62485380364,2.279399946167593,9.217371810632539,18107.093469491614,100,1,0.9607481410580038,0.9914864679544829,22476.238355848334,45155.32614315271,13819.384346927995,23609.495383020927,-1.0168924630293612,5.664923804622849,7.4058761119762,11.110262817677992
PeMS released profiles,CO2,M,sensor-profile,400,117,0.9576504109119066,52269.27023368085,14.452715400354732,17.375528138998813,34133.40793432119,100,1,0.8689244168205609,0.9805050319456772,41004.134664393096,65541.12571790282,27515.07275912164,42465.004015850245,10.02235754480406,18.92573086059392,14.029048428785503,21.4656826500402
PeMS released profiles,CO2,A,sensor-profile,400,117,0.9706217634960965,43534.61394864813,12.532208638417064,14.755276543019603,28986.046892939463,100,1,0.9129758959291207,0.9860649368219995,34227.94733038371,54438.65967432218,23271.4129407423,36090.83546131532,8.798299668745727,16.122706610856742,11.691963305816243,17.99493863564717
PeMS released profiles,CO2,S,sensor-profile,400,117,0.9974324100049584,12870.181562402071,-3.076102826323146,4.317762633425522,8482.041647959622,100,1,0.9930946769425303,0.9985432062196062,10615.544821984495,15357.629762585671,6976.5257508196155,10326.309346789825,-4.0061593256425,-2.247572594827388,3.4919868521281106,5.2563762595520584
PeMS released profiles,NOx,R,sensor-profile,400,117,0.9599238822661261,42.34592167369055,8.8816797131416,12.554988758297219,23.18026088019551,100,1,0.9454180336799783,0.9724562929427234,27.47017803215854,57.84602369643479,17.686071052312297,30.609344722636067,6.071177896881225,11.577985859446741,10.86521957525897,14.383772267349919
PeMS released profiles,NOx,M,sensor-profile,400,117,0.748737982402583,106.03083691638814,34.4249174487149,36.47314881105192,67.34033146812966,100,1,0.599360424528375,0.8235353696638842,78.06836008970704,134.6001482977606,52.94460768986806,84.05131945523448,29.21582787016612,39.12315671956471,32.88558980749074,40.231474413894404
PeMS released profiles,NOx,A,sensor-profile,400,117,0.7974095074645436,95.20906454766686,30.33129472374787,31.27702103388945,57.74672690501477,100,1,0.7171265527887148,0.8624082975273895,64.2669178015929,128.72154721958046,45.41282063076217,74.11195878611566,25.933603275895425,34.36562178326111,27.77373998058156,34.8280254754801
PeMS released profiles,NOx,S,sensor-profile,400,117,0.9866350930436893,24.454103038829633,-6.277596883635372,9.064792394894647,16.73631546659931,100,1,0.969765559176759,0.9913932462275433,19.95967507714932,29.39574718838115,13.517129672066437,20.585292460120687,-8.320314647444688,-4.598387127174652,7.733641126673698,11.052736174664215
PeMS released profiles,CO,R,sensor-profile,400,117,0.9846431274236724,289.28121902370384,-3.395640084361129,7.589571279360848,138.9877590249093,100,1,0.9714421787881075,0.9928636915670763,175.94533639701248,409.85518048248366,96.80765687680505,193.8080741357566,-5.972607312213042,-0.7644419466109427,5.909584039490172,9.396705491381873
PeMS released profiles,CO,M,sensor-profile,400,117,0.9749102384054393,369.75760562108906,-4.880254615170843,8.713481999443308,159.569927184148,100,1,0.9586253579832741,0.9904747681218611,173.7547606344721,560.4581754774721,99.8485300192104,230.02398931079645,-7.694000186533698,-1.825922359181044,6.686386226048765,10.700992510181191
PeMS released profiles,CO,A,sensor-profile,400,117,0.9830482308876726,303.9319544310902,-3.8301332016310363,7.448287262794568,136.4004259430018,100,1,0.9701774622876368,0.9942976583598672,155.86291353067904,448.66144281997697,91.43331363662672,190.39906847007325,-6.688794796524008,-1.2499149196183386,5.486573464936195,9.501787389680652
PeMS released profiles,CO,S,sensor-profile,400,117,0.9958085021220952,151.13097141720877,-2.6803703602190643,5.383517413367582,98.58831196306382,100,1,0.9900756810522079,0.9977206673640594,118.22870179724514,186.56908851488006,78.73411367432098,119.66301892810837,-3.741627587580945,-1.485679510538967,4.372571422171842,6.484764363964828
PeMS released profiles,HC,R,sensor-profile,400,117,0.9754819159355785,15.203637578897792,-1.674160085373566,8.981257090583343,6.596393759483247,100,1,0.9578656578910306,0.9924099729627636,7.772994957392778,22.96664737410974,4.394990463294379,9.568325823581068,-5.5311545018235115,2.1322062570280806,6.7399368171104195,10.942493851848367
PeMS released profiles,HC,M,sensor-profile,400,117,0.9693006523556897,17.012526590022333,-0.3611563642486382,10.546078236816774,7.7456957268597515,100,1,0.9488648162576165,0.9863563448896994,9.661854894458584,25.17389769708146,5.485364121976344,10.736435597203226,-4.550720487548647,3.990390843031223,8.61574249409738,12.5757833306985
PeMS released profiles,HC,A,sensor-profile,400,117,0.976313999762605,14.943423622863882,-0.31111518215601874,9.067754709347055,6.6599229900651595,100,1,0.9587923672848928,0.9925223518951122,7.970238982970555,23.334662224167957,4.559555415212536,9.478486435085845,-4.4361668754970776,3.3606422449131137,6.931751395726184,11.197100551122723
PeMS released profiles,HC,S,sensor-profile,400,117,0.9985070631078612,3.751672920727836,-2.0431726588308385,3.5250083960484258,2.588985389383795,100,1,0.9953134889383886,0.9991297689292498,3.049495474513009,4.435785342622541,2.0765720606499474,3.1668081305451934,-2.8980129416121008,-1.2811895770427886,2.947579409025117,4.303550994512105
AZ_I10,CO2,R,sensor-profile,400,20,0.9481454906068861,133919.54061499346,6.667177265826285,11.28398349741331,102342.64901228911,18,9,0.8985920329982499,0.9738876742565701,93202.71887581906,172005.83393629655,68403.29025943199,143116.46028717753,0.2351101510044582,12.253425877282801,8.527832991666289,13.659921873246105
AZ_I10,CO2,M,sensor-profile,400,20,0.7320066613664657,304447.69170883676,28.72483632868299,28.724836328682972,260526.4216307791,18,9,0.3930173107638287,0.8675313960203186,237734.77518294824,363395.8501856753,198995.77141145375,325827.38171455835,21.758149345855948,37.198069436847206,21.75814934585595,37.19806943684724
AZ_I10,CO2,A,sensor-profile,400,20,0.7324257991234289,304209.5226266783,26.653869431894606,27.370675702620627,248244.5545320608,18,9,0.4058709317560481,0.8719995164085531,232603.07639477562,368464.17125260487,176239.9401703437,327737.0699643567,17.867844790253585,36.63242337791663,19.341839110934863,36.632423377916666
AZ_I10,CO2,S,sensor-profile,400,20,0.9732949343113937,96105.33819756108,-6.534520050557047,8.000255465594705,72560.13244894387,18,9,0.9538244262094294,0.9828851192453091,65900.39239019231,122782.65752943174,48502.97869806095,98723.69110663608,-8.948597302045217,-3.913063165169225,6.301629874502313,9.671096001283772
AZ_I10,NOx,R,sensor-profile,400,20,0.8991495137232333,132.41912099916135,13.753489221672144,13.753489221672137,106.31753735491722,18,9,0.7917221308873315,0.9384410617632638,97.93804311906602,165.04427231970683,73.38105272904443,139.77080377346925,10.142494152242925,17.588284484413023,10.142494152242934,17.58828448441305
AZ_I10,NOx,M,sensor-profile,400,20,-0.7031817477898461,544.17952791489,63.46797555079051,63.46797555079054,490.6215981053977,18,9,-2.123829719351585,-0.17221470509632703,459.6534075289483,622.3230111760696,395.8753199711806,578.1525893540297,56.54550216725313,71.72845030103676,56.545502167253126,71.72845030103672
AZ_I10,NOx,A,sensor-profile,400,20,-0.530431862031737,515.8443780539268,58.67529043376158,58.67529043376158,453.57307385475434,18,9,-2.0165348814266157,0.05188992158270852,413.5729802695601,609.637517778498,357.81875467967245,559.5504575126882,50.48238192238291,68.33240373438439,50.4823819223829,68.33240373438437
AZ_I10,NOx,S,sensor-profile,400,20,0.8222313524850942,175.8082643911602,-14.138449590509971,17.12271947393872,132.36243821092845,18,9,0.6847192315929872,0.8917558138591161,111.17458456902175,231.58575206076364,80.93590256972902,186.32912926334697,-19.176612719091615,-7.793874105321639,12.783084636266329,20.70429022596611
AZ_I10,CO,R,sensor-profile,400,20,0.9522607108442172,1141.905285051228,0.33448047294610816,9.17140015434502,735.4152299120466,18,9,0.9162803898458302,0.9861977022250489,553.6501335177591,1591.817520136097,376.1764253541755,1143.624614181496,-5.681215260947432,7.278853935683851,5.509172472591898,12.502440535643549
AZ_I10,CO,M,sensor-profile,400,20,0.920267203618707,1475.7425754392273,11.429333628673067,14.494461999046928,1162.2487214703553,18,9,0.8154163172320447,0.9652821232761704,1037.9187606343366,1877.7703609195755,778.9697299191175,1581.9969808445403,4.817104981980641,18.914794544084625,10.303125741009174,19.129035964448008
AZ_I10,CO,A,sensor-profile,400,20,0.9322292336006042,1360.5462432023244,7.764021585447534,12.994746141180737,1041.9929411255305,18,9,0.8511357227559323,0.9691738997312727,933.4943109291975,1739.053402462641,670.416516946496,1406.5590704379867,0.11105693341276314,14.665396745100496,9.225945575980038,16.31461835823099
AZ_I10,CO,S,sensor-profile,400,20,0.9794816173313745,748.6238717491657,-3.0976377036965985,7.107990963076411,569.9592996001927,18,9,0.9647580897334241,0.9861096133674573,536.5183746803463,947.3016081327161,376.8219202517538,772.4085223706081,-5.99944583419037,0.7769655607349643,5.42064531603528,8.838313077442871
AZ_I10,HC,R,sensor-profile,400,20,0.9496679141080197,51.03767498886038,1.9286220382183084,10.213043099345471,34.49139539263398,18,9,0.9135693821020386,0.9772656277610259,31.760513230730645,67.72949020509677,19.199167553768167,50.561045207157456,-5.054898826973225,8.512290124774603,6.884571891839937,13.433570959922875
AZ_I10,HC,M,sensor-profile,400,20,0.9176552722856739,65.28092752680334,11.806608486540071,15.239389290815899,51.466325605292845,18,9,0.8194184800004958,0.9660217461112074,46.23418920576795,82.09827930714478,33.18170228165017,70.72505644665638,4.26392967074437,18.90835266554099,10.252856944540238,19.591824461480478
AZ_I10,HC,A,sensor-profile,400,20,0.9191934831317505,64.66832480926702,9.884308888754422,14.925034578816398,50.40468975791183,18,9,0.8372305227505601,0.9586296107456385,47.0273834206598,78.91490492495046,33.591639223876875,67.25777417055959,2.580330385075197,17.87833890516108,10.948922715302166,19.035954880091264
AZ_I10,HC,S,sensor-profile,400,20,0.9897944706572153,22.98191347844069,-3.104148891017122,5.146281995993145,17.379976310603144,18,9,0.9822193632768031,0.9937454821090549,14.295209732120252,32.10645141522453,11.355867441208938,25.52117393716618,-4.709033841241601,-0.4985212018385761,4.012127361565215,6.168218406849981
D12_I405,CO2,R,sensor-profile,400,4,0.9545396915293396,29399.237996001022,-1.1569435965373076,8.677059729399497,23668.0769239532,4,1,0.7596980522071531,0.9668867156060436,12249.61617620581,46958.353884878656,12159.425584744436,43646.53001801841,-8.58697097123995,9.992326404787576,4.971940219954047,10.950338730241258
D12_I405,CO2,M,sensor-profile,400,4,0.9194062873849399,39144.47439503903,-3.0315917030804718,12.504208066803923,34107.23996695512,4,1,0.34342824156421764,0.9340764430192394,20235.635785313076,59327.174490736965,19918.47659072717,56565.15762679574,-12.057130010210138,13.313877280846874,9.178426348298503,16.67086465053858
D12_I405,CO2,A,sensor-profile,400,4,0.9625580195934521,26680.82723501245,5.153185036069119,8.247084566377099,22495.250465317342,4,1,0.2442427295873541,0.9927969299264212,12174.55950102086,37893.07554953838,9312.04289705813,36211.74040037682,-1.9173264724328343,17.99725295082782,2.884943050602981,17.997252950827814
D12_I405,CO2,S,sensor-profile,400,4,0.962922599275999,26550.611331366144,-7.869600084105032,7.869600084105045,21465.600786435625,4,1,0.4775776995725197,0.976565397350881,10454.57187088624,39106.663616000835,7522.11382293003,36937.84185278467,-9.147464936013295,-4.7458803803761,4.745880380376106,9.147464936013296
D12_I405,NOx,R,sensor-profile,400,4,0.8871961928337229,64.0068291708101,-2.02659517392777,15.883672663106198,51.79799474667293,4,1,-19.971369177274156,0.9104937184575168,28.27585175289182,102.35249127848556,28.156465773752586,95.38726477758041,-15.93781789536285,17.389902760431887,11.632801263152553,18.96094009613241
D12_I405,NOx,M,sensor-profile,400,4,0.8001722046615526,85.19073848083684,-5.622341553033417,22.077804491226146,71.9975804909949,4,1,-42.85914090479228,0.8423472609232345,39.466354560318315,130.19008324924255,37.87833775005399,119.87619751271247,-19.97713718440418,32.547274003370454,15.684239288032167,32.54727400337045
D12_I405,NOx,A,sensor-profile,400,4,0.9041941040445112,58.98757639924195,8.05505875928565,15.752134640441065,51.36903817274264,4,1,-87.27573465970048,0.9620482196512785,35.98976258218805,83.47683508457933,29.862410053871688,81.49783853679001,-4.786841035242995,36.31523482546504,6.65532814652525,36.31523482546503
D12_I405,NOx,S,sensor-profile,400,4,0.946304514772901,44.1604327041632,-11.190438446760353,11.190438446760366,36.492962564295624,4,1,-32.58566415706569,0.9718117326424932,16.004776498944015,60.36666930067206,13.076281497610061,59.90964363098118,-16.205483639729977,-6.772536692987485,6.772536692987484,16.205483639729973
D12_I405,CO,R,sensor-profile,400,4,0.8733581522986517,423.2277719614145,-12.368161395155697,12.9284067028705,320.96205691208,4,1,-1.1525759749510425,0.9927355682032976,54.23969108533759,596.0717656707229,49.651120676876985,592.272993147283,-20.04199083036688,-1.209049636082138,2.749450569574805,20.041990830366846
D12_I405,CO,M,sensor-profile,400,4,0.8515454251100818,458.2287476812742,-12.027926493534412,13.694181327517008,339.973262570009,4,1,-0.49215718983505824,0.9897041495100067,64.57248435917012,726.003073470712,60.69549233511793,709.1199971875599,-19.600483801733127,3.5213213888013017,3.361037046020404,20.122307826206583
D12_I405,CO,A,sensor-profile,400,4,0.85255795634617,456.6634043563832,-13.343043026818723,13.541265595546284,336.17695966930876,4,1,-0.49252725045322193,0.9856837240699056,76.14325043712718,694.5434278587842,58.53713887933736,626.5053785558132,-19.428479284288247,-2.6965021260111133,3.2415173643407256,19.428479284288244
D12_I405,CO,S,sensor-profile,400,4,0.9449979803946792,278.91691774632756,4.654781082194193,8.777274727158227,217.9055946534868,4,1,0.5208822461336166,0.9674267427142295,118.10317100479753,434.2280930508787,95.0850015465917,383.04409403223775,-5.667421905702774,10.55482964301293,5.637568415050029,10.669391656839666
D12_I405,HC,R,sensor-profile,400,4,0.9381167073957878,11.425959079311287,-7.606506433499105,8.714058431423329,8.369747026633103,4,1,0.48518337780334536,0.9954646707611785,1.685329093585595,17.812982075330467,1.6009284294810797,15.93085645284366,-12.480448580214865,0.7438659309779938,2.2612202020035865,12.480448580214858
D12_I405,HC,M,sensor-profile,400,4,0.8899344989529158,15.238126175744444,-9.620285559747144,11.669837583931242,11.208736914958468,4,1,0.2765470679899637,0.9875545185635396,2.791811930166541,24.3308120015507,2.1163534118800733,23.635459730957884,-16.736532099182412,4.939318856686992,2.989228625962755,16.903825784898764
D12_I405,HC,A,sensor-profile,400,4,0.9391554062412658,11.32966205432742,-6.595198090233156,9.136620155396002,8.775612417670143,4,1,0.5139831386077022,0.989071607249342,2.616124785377536,17.190370347298117,2.441004950874767,15.66060865545189,-12.457079949999939,3.4477804294461345,3.4477804294461296,12.473506866803241
D12_I405,HC,S,sensor-profile,400,4,0.991906776364606,4.13206104015232,-0.3244410285762722,3.5128059826609603,3.3740073766883416,4,1,0.7762760580388797,0.9976292463778045,1.1907074265140791,5.813941621164029,1.1200078902863133,5.62800686309037,-5.230753226178165,2.5274489068655277,1.8835239451226733,5.965382171642448
D12_I5,CO2,R,sensor-profile,400,79,0.9724783166123616,38210.11837287974,1.2201628152089805,10.249219790791045,19954.563649419128,67,1,0.9368095691335955,0.9811493949532838,23478.379992211547,51433.72040060336,13799.743358203079,27156.230917599412,-2.725751610623731,5.853298198823448,8.30361201229402,12.474965789786243
D12_I5,CO2,M,sensor-profile,400,79,0.9443057697954906,54355.8121045232,15.654316363424293,18.53889801500512,36094.027446157204,67,1,0.8235528848032403,0.9797938421693465,39474.892711510416,70782.53809700292,27929.68292477033,45474.59632907348,10.136288980056525,21.941375505802473,14.10900789092997,23.67911400469334
D12_I5,CO2,A,sensor-profile,400,79,0.9596293514669865,46277.91126475769,13.343007027127962,16.142836846206603,31429.052347891567,67,1,0.8743462252987446,0.985016336440533,35365.06769847933,58884.699499234004,24856.3506390936,39147.39680124151,8.819396200940325,18.5536507538121,12.423633238110668,19.957609109557662
D12_I5,CO2,S,sensor-profile,400,79,0.9968542781765637,12918.171430872651,-3.8021283187376964,4.5597785246813745,8877.591919705173,67,1,0.9900048033301379,0.998450323781662,9961.613951064948,15546.700861036277,6819.379622858183,10848.649742841144,-5.120184328828066,-2.771267713190592,3.488030476584354,5.892055386691022
D12_I5,NOx,R,sensor-profile,400,79,0.949314189590348,42.56217473948498,8.289372611445245,11.989552538536413,21.801776632050178,67,1,0.9274344364881002,0.9633855978107129,22.689674544339468,62.540022732729156,15.186330750606023,29.401553113125523,4.5764574469413635,11.217831276888631,9.90787242105018,13.992962342953435
D12_I5,NOx,M,sensor-profile,400,79,0.6405339629663993,113.34687339771588,39.20491109799442,39.76962211840716,72.31699559927007,67,1,0.431380690073243,0.7247749849309253,78.12434977345976,150.7545706836049,54.06987285642031,94.34103361950359,34.524459108521924,43.707745133439964,35.86604315255401,43.85532144269088
D12_I5,NOx,A,sensor-profile,400,79,0.6959494089778229,104.24459321659337,34.15793120525736,34.881127802478574,63.42776801547467,67,1,0.6106993965017399,0.7305966761469322,62.01877835090299,145.31927742722092,44.69849996928619,85.92345118689816,29.241917615579474,37.67443580441649,30.842665471209116,38.28694494475645
D12_I5,NOx,S,sensor-profile,400,79,0.9812337888449892,25.898160160486604,-8.00972658986966,10.131793191442403,18.42363101808624,67,1,0.9497756782011259,0.9893656738034194,20.326192713926005,31.058881668518016,14.568267644984767,22.30873354234553,-10.418800265060124,-5.648196733067046,8.308168502771492,12.43987152163644
D12_I5,CO,R,sensor-profile,400,79,0.9765196743081308,322.75089440207165,-2.941578553464519,8.337746531111641,150.96441610591646,67,1,0.9499865663556153,0.9840503096224822,164.72695507058546,481.18585028447524,94.01076510873345,230.13361927987626,-6.444473637256688,0.8219824344420578,6.266804982628736,10.610317371138002
D12_I5,CO,M,sensor-profile,400,79,0.962719747035416,406.68187895596867,-5.284229289302845,8.883280557379303,160.84193222302332,67,1,0.9523291465832593,0.9867353673223265,154.01577598450345,639.2978461287055,94.06433412535876,258.75387485827275,-9.211281860063645,-0.9639200131656906,6.016056118828381,11.655537849563133
D12_I5,CO,A,sensor-profile,400,79,0.9742730731902673,337.8386645002775,-4.038885514502121,7.61261507163408,137.83508350128693,67,1,0.9609969490058543,0.990284190236744,134.2624230065625,520.3845873252816,80.12434898956514,213.6829924976625,-7.178781486192712,-0.25428200491085445,5.36107508598084,9.785986948656952
D12_I5,CO,S,sensor-profile,400,79,0.9959031308523375,134.81600160560052,-3.830933229322875,5.345552655836633,96.78733125798387,67,1,0.9865360803257041,0.998161417542212,104.56948903516873,161.87845265207918,76.7264106665191,120.62006072776693,-5.463155335648231,-2.5437752300731264,4.15387529494566,7.109233367216602
D12_I5,HC,R,sensor-profile,400,79,0.9599064071121798,17.636307009558145,-2.2926150735596784,10.187469289085556,7.41299595876803,67,1,0.9376383710528466,0.9751875703010723,8.265704123351163,26.2510438775934,4.454182459200175,11.412433682476445,-6.610169612694352,2.496279635565118,7.353409226110309,12.613192129366876
D12_I5,HC,M,sensor-profile,400,79,0.9528035426213407,19.134841220510594,-0.6687021718043473,11.142302287975161,8.107788056904734,67,1,0.9381332944999704,0.9739465191001847,8.212039712994779,28.932087336903884,4.906307632736773,11.767790478318558,-5.506872813027405,5.018440268865747,8.221958602845847,13.55408578383645
D12_I5,HC,A,sensor-profile,400,79,0.9621635098816487,17.132691052455574,-0.77497330823868,10.035197839668701,7.302194384095092,67,1,0.9449482067037587,0.9786398892163685,7.285323357740106,26.069362542520146,4.379826063120889,11.226986867998667,-5.084127939271211,4.25550136006247,7.5291846933006354,12.482156261032426
D12_I5,HC,S,sensor-profile,400,79,0.9979889703118603,3.9498390871202886,-2.835605145436859,3.8686457972016326,2.8150519865895802,67,1,0.9932549297762953,0.9990156023429622,3.1046157933828256,4.743747580758282,2.1899575256882122,3.4770669331253767,-4.091578986009821,-1.8785806778337637,3.1186125113114507,4.806818169883639
D7_I10,CO2,R,sensor-profile,400,15,0.9877855182036201,16237.860439994107,8.933241171013705,9.023079304044854,9288.730831701172,12,1,0.9476408814557802,0.9907305830143187,4704.764930461905,26168.639026382596,3771.0510435034016,17122.30147236376,6.995899026616474,10.981121106024531,7.382468218847066,11.06862591573375
D7_I10,CO2,M,sensor-profile,400,15,0.9596826795291418,29501.025401253268,13.844880572508078,13.846748613653942,14254.415419889507,12,1,0.8897943665748529,0.97839790561753,7536.229534276868,51211.83480064082,5764.515362295683,29035.04192293569,9.158416575050191,17.64069426778979,9.16168170913583,17.640694267789797
D7_I10,CO2,A,sensor-profile,400,15,0.9677529515987247,26383.734370013222,14.482270466860147,14.482270466860161,14908.647886786946,12,1,0.9092567827361832,0.9722127547336471,7375.697521745092,44372.72687440493,6022.401507192725,28650.71001469972,12.381897490395598,16.43101061074808,12.3818974903956,16.431010610748046
D7_I10,CO2,S,sensor-profile,400,15,0.9965751358884262,8598.307119852616,-0.8325319878756288,5.279372436031204,5434.80422438639,12,1,0.9658798269585507,0.9991222019310294,3291.1513340766064,12249.40195632385,1888.3124824619088,9283.44534779621,-3.312695846885557,2.0747771057424935,2.8118400900559943,8.731813831964383
D7_I10,NOx,R,sensor-profile,400,15,0.9691204612958002,25.616744967302317,17.76643829986142,17.775933787380055,18.72579746550149,12,1,0.7448233371724986,0.9869678609319243,11.815742023074304,34.962437248993425,10.015952731295602,27.662283902481843,11.959991826207984,26.517956767741758,11.959991826207974,26.531189343569373
D7_I10,NOx,M,sensor-profile,400,15,0.8881594913914441,48.75151420834431,27.175780303497987,27.17578030349797,28.627928299977718,12,1,0.4618408507435198,0.9071294638809146,17.610838139776536,78.68907202769229,14.119516394649455,49.45830433339455,20.616786134722364,38.10085436667492,20.616786134722393,38.10085436667494
D7_I10,NOx,A,sensor-profile,400,15,0.917548115253265,41.8589987866829,27.853668617042835,27.853668617042814,29.342039829391897,12,1,0.3946809478150731,0.9381970085448175,18.8570443102946,64.19047581044133,16.160240790121374,47.209273360082605,23.383618985222867,38.059759119213744,23.38361898522285,38.05975911921376
D7_I10,NOx,S,sensor-profile,400,15,0.9824806430921617,19.295126169000362,-2.1571350216069485,11.171873644984354,11.768846896508643,12,1,0.8697713867824426,0.9953043658186003,3.921696262759591,29.163422525412408,3.1546791683303317,21.187647460513368,-7.468489078562617,2.877914692051784,6.134307049170284,17.819852545336676
D7_I10,CO,R,sensor-profile,400,15,0.9952581208373279,97.41421511946005,-5.296510789216402,5.668854217317156,56.262452254620854,12,1,0.9454982007199839,0.9989686044248722,25.266209626079256,146.50036086043045,19.59985012523223,95.50319176622455,-10.030760661171897,-2.3585598653980635,3.067652682301456,10.243489079685087
D7_I10,CO,M,sensor-profile,400,15,0.9942444034414482,107.32286717082698,-6.2139017239416505,6.577817316863301,65.28376256336081,12,1,0.9431493107863231,0.998742343972138,42.236023306322,158.17435584359717,22.312065863138468,116.15447559507936,-11.019871117800772,-2.312243923765938,3.004427027210191,11.329756206037278
D7_I10,CO,A,sensor-profile,400,15,0.9942309341860012,107.44837235189618,-6.845722481399896,6.845722481399912,67.9426775664072,12,1,0.9341054208979677,0.9996100222017179,34.767976805908894,166.32968811277223,29.563327967755153,118.00452815896575,-13.145068265605037,-2.42959671602418,2.4295967160241805,13.145068265605031
D7_I10,CO,S,sensor-profile,400,15,0.9914226772547227,131.01558800559823,-0.2970303987649192,8.011726722461177,79.5150792240462,12,1,0.9306544423916571,0.9977615343903949,42.7160892759609,193.45226273907238,27.147931735107317,142.59508123787433,-3.91454275895412,3.6439024407245206,4.275221744798977,12.945827266857075
D7_I10,HC,R,sensor-profile,400,15,0.9967300769481239,3.1415971508610356,0.06780007787723363,4.7544648162084835,1.8272331569083766,12,1,0.9797286275798768,0.9976018446148796,1.032403557097403,4.834227632006917,0.658629677369691,3.0362470567444775,-4.727818750962414,2.582485922099096,3.4285951765743095,6.356636592336445
D7_I10,HC,M,sensor-profile,400,15,0.9935951540173362,4.3967935434754315,-0.27826379657791556,6.312379257232676,2.4259699300907482,12,1,0.9734667744058869,0.9949465353622277,1.270724974352431,7.1294695178453615,0.8492416736000797,4.576351980719769,-6.744564337626229,4.237439515559744,4.47553747979463,7.9757377620912395
D7_I10,HC,A,sensor-profile,400,15,0.9950509625734212,3.8649341331690192,0.006275576161618446,5.0961453022734595,1.9585476028746371,12,1,0.981070011351876,0.9956898683949642,1.0891940545493606,6.457118881477847,0.6419096675529101,4.1014150163350065,-5.423796910720147,3.65429260026757,3.4302614209461013,6.386139651298989
D7_I10,HC,S,sensor-profile,400,15,0.9957843829344056,3.5670755269757715,-0.5909401628950484,5.455172728691332,2.096528814882717,12,1,0.9592855382699653,0.9989218872291905,0.9718655070262735,5.601572509004009,0.5796255387639325,4.121385523657631,-2.8034562912646224,2.204877631203655,2.865496813156376,9.507109593771522
D7_I210,CO2,R,sensor-profile,400,13,0.9871932051572566,18340.8218530061,6.19396069519873,7.802781565441944,11411.901161666214,11,1,0.9580923140128533,0.9965175052071197,4834.733267817605,26612.49996665977,3380.366262702787,20479.23476191404,1.1545614083663047,11.269454048259439,4.534387291155537,11.72784186582326
D7_I210,CO2,M,sensor-profile,400,13,0.9229913594214612,44974.702036544855,18.665120136247772,19.451468146277623,28448.602600609425,11,1,0.7867277763709596,0.9667200649791441,21089.059218399354,65692.07399345234,12488.043956712034,50104.50106240904,10.570747159343147,27.160482719380898,12.779605721767167,27.40424798870593
D7_I210,CO2,A,sensor-profile,400,13,0.9664143295954836,29701.308119467256,12.993294156174407,12.993294156174391,19003.247422871947,11,1,0.8645637630622182,0.9940923780116322,11062.130439534341,44411.13675309274,8674.131885006675,33606.61336106011,6.891374664775562,21.574156212136035,6.8913746647755705,21.57415621213604
D7_I210,CO2,S,sensor-profile,400,13,0.998959149394737,5228.688456864646,-0.4934649634112831,2.496527570754604,3651.278155857556,11,1,0.994597787057044,0.9997165165828414,2754.2790359942414,7659.430548834467,1763.2283175213115,6681.9132717517705,-2.1251388929788058,2.1177733315644938,1.309803863931944,4.561739972675288
D7_I210,NOx,R,sensor-profile,400,13,0.9535308452374062,33.18454679790436,15.024813273565108,16.595016316877924,22.906376621860105,11,1,0.8525522495202309,0.9780181145947405,16.140100459846405,46.96287502608417,10.640358867376891,37.42256986595068,6.478662181415291,23.015437416151833,10.785195222938311,23.778014350420435
D7_I210,NOx,M,sensor-profile,400,13,0.707754935818307,83.2198822172321,40.85756625070394,40.85756625070395,56.39637723280642,11,1,0.2331878399302164,0.8132852663438851,37.19579466670075,121.23850573844598,29.26345899677329,96.42559718132524,33.98884766667868,51.4907603533544,33.9888476666787,51.49076035335441
D7_I210,NOx,A,sensor-profile,400,13,0.8623666101757108,57.110427030345704,29.508242456657374,29.508242456657378,40.730717117397845,11,1,0.3806069309518678,0.9521100795322294,31.72129986577144,83.13243929164264,21.41004992942163,70.57988784670967,19.369788871268096,42.91164539215323,19.369788871268078,42.91164539215322
D7_I210,NOx,S,sensor-profile,400,13,0.995918615649127,9.834612479908115,-1.5973414785833029,4.8749269520761915,6.728942631694987,11,1,0.9794025117830831,0.9987617358009012,5.308502926968576,14.18492444390117,3.0803156664471927,11.689958901322834,-5.132587364492569,3.51972694398019,2.715558967977931,8.606723274224256
D7_I210,CO,R,sensor-profile,400,13,0.996148291853319,95.19022727485621,-2.799587201048803,4.755665356008602,65.68942209994582,11,1,0.9820981966237676,0.9987677160209589,55.57674271523254,138.61007368905777,31.342831602808193,116.49194339349978,-6.864445893893795,0.7706224888439184,2.6931743693782555,8.083028505421003
D7_I210,CO,M,sensor-profile,400,13,0.9849674564004599,188.0537134396009,-1.1343902437788156,8.20749731548804,113.36915345821714,11,1,0.9286893213900245,0.996883136183446,73.03318250723426,298.2599405993094,37.900391042335244,211.20889246844803,-10.116213784466645,4.956415780666393,4.572274349849783,14.083774302583647
D7_I210,CO,A,sensor-profile,400,13,0.9875590472621609,171.07734345961794,-3.7239032713522136,7.861335358704199,108.58766081904588,11,1,0.9635593169645006,0.9943007074829975,63.8550963104106,246.48659333087485,39.714203079120566,194.49744515687567,-8.396642516563668,3.8356556967715885,4.969332384967539,11.045794551149793
D7_I210,CO,S,sensor-profile,400,13,0.9975970332655169,75.18644607401744,-1.0292828696324974,3.8009913368546924,52.50262700032454,11,1,0.9873585379645131,0.9991032666218838,44.69392521250884,108.20920557337475,26.054412682095464,89.1807558678893,-3.4292968739987324,2.7113261466392466,2.3968547395584383,6.795179030729594
D7_I210,HC,R,sensor-profile,400,13,0.9904609788185302,5.913647023132741,0.10503968501520689,6.420830017988862,3.522132834479275,11,1,0.960380530022706,0.9989982821100131,1.7651084164688307,8.412821517145355,1.2268300967175039,5.928353811126076,-6.975226936147003,6.2766537351144285,2.906730127686616,11.041676314397192
D7_I210,HC,M,sensor-profile,400,13,0.9783010102138795,8.919145519844541,3.4241692818509195,10.223469274503476,5.608062620118589,11,1,0.915474825046761,0.9938017799292936,4.506741662215423,12.971080142837634,2.3482037463607064,10.029048403983946,-6.007330459314587,11.418129522535414,6.275897400448252,15.7430442853703
D7_I210,HC,A,sensor-profile,400,13,0.9866688865522137,6.990958179295832,0.9235979494408575,7.610281917851635,4.174604178496048,11,1,0.9232167680192447,0.9984824192822995,2.350953991109253,11.653711312625413,1.685711859437005,8.64498908913877,-5.401639558356719,9.892627609836133,3.8255570454200147,14.06115760034525
D7_I210,HC,S,sensor-profile,400,13,0.9990624976257382,1.8539144100430212,-0.6897185657609661,2.302049273362594,1.2627842988497588,11,1,0.9957097977577473,0.9997042680017278,0.9816549077947846,2.6561859314928005,0.5628214341814504,2.2283775540240676,-2.217578289130984,1.4063924357183093,1.3652571254579111,4.18503782024463
D7_I405,CO2,R,sensor-profile,400,6,0.9963069735392128,33599.49375108007,3.0371278875598984,5.209415252564763,26626.903725569446,6,1,0.8656787757026206,0.9994901094558026,15829.660991255178,46339.0541523122,9288.177451795305,43234.08067479277,-1.8664772253668813,11.308280174275161,1.3963788607208714,15.218540019547836
D7_I405,CO2,M,sensor-profile,400,6,0.97777499219458,82425.6698528453,12.34120746021401,13.763726946680864,70350.58918251233,6,1,0.33728794600056233,0.992237341600859,52147.49760672729,103106.13098399305,34132.80398689676,102552.78787095693,4.833240871061746,27.33971282361358,7.2744985858467555,30.265410429113693
D7_I405,CO2,A,sensor-profile,400,6,0.9848438610026778,68066.87525662336,9.823310001180818,11.341509955644675,57969.902388345625,6,1,0.607673557062953,0.9935171918212891,41853.73215601309,88410.49900687179,30602.42433984242,86947.11918257466,5.329384648075915,19.986612168742248,6.7732642851866895,21.436957421766373
D7_I405,CO2,S,sensor-profile,400,6,0.99895728216402,17853.564024992065,-0.4603200593935597,2.485276826835307,12703.00476948008,6,1,0.9913269029246972,0.9993189992599905,5662.526166014127,26774.595924764442,3372.510705520885,22959.483062240673,-2.15090944214621,2.959077576759787,1.5388582408919693,3.8944342497083824
D7_I405,NOx,R,sensor-profile,400,6,0.9759279085488561,66.00961408658996,7.97262614092864,7.972626140928628,33.98138866625248,6,1,0.948147210750357,0.9991806863065787,5.864329588436412,113.1365232633497,4.7266657972568815,85.40306262472662,1.8443964577426586,11.731222890752548,1.844396457742665,11.731222890752557
D7_I405,NOx,M,sensor-profile,400,6,0.8658348103260524,155.83686609732786,27.966944498392433,27.96694449839242,119.20232982311768,6,1,0.05684905773374035,0.9221143462789433,60.671832526442955,229.81449186213877,41.26767636677461,200.15742664337208,21.047462736335138,44.88096561275855,21.047462736335127,44.88096561275852
D7_I405,NOx,A,sensor-profile,400,6,0.8899796477243724,141.1194246023044,22.306928895642542,22.30692889564252,95.07788366770133,6,1,0.5396457995998372,0.9418336681625629,43.61661569866456,229.81719577472631,28.094907509727264,188.58897757970573,17.24598797891883,25.156214862842717,17.24598797891885,25.156214862842724
D7_I405,NOx,S,sensor-profile,400,6,0.997847761454238,19.737651839203235,0.1281818591172046,3.6248882500707555,15.450208541076611,6,1,0.9761967913145687,0.9992220412524733,10.17785237921947,27.240889482161432,5.858940063175306,25.16643349822346,-4.35173411254608,4.713094436549052,1.8098544035894182,7.995271918665697
D7_I405,CO,R,sensor-profile,400,6,0.996227658916411,312.2700925351724,-1.92816006898473,4.7580897159126225,225.6052391300108,6,1,0.9617444772829927,0.9973023419180227,114.06531459009338,477.29217462478334,70.15227691717944,413.48477131881754,-5.749218002207856,3.800066321026785,2.6149307362833274,9.408396288807422
D7_I405,CO,M,sensor-profile,400,6,0.9905987585391958,492.9666265105837,-2.020604868801612,7.558144024514015,358.37005853986716,6,1,0.8732413404459144,0.9944366466024936,147.29859765939867,759.4089071730218,110.30360258043522,642.9058192904946,-7.624389090291145,9.238244701120298,3.8662359722021535,16.523328414503172
D7_I405,CO,A,sensor-profile,400,6,0.9973993564589541,259.2777981725051,2.0510238716043405,4.549855050959209,215.73177431810112,6,1,0.9094998243578387,0.9994882462968105,133.4963746877946,339.7708739470569,102.44591365268157,327.8128556791087,-2.2272023270038,8.131085260167614,1.388273527423233,12.509596094747938
D7_I405,CO,S,sensor-profile,400,6,0.996167862316663,314.735308874092,-1.7452266427571472,4.013316850531102,190.29176871981414,6,1,0.9881391686722312,0.9975706107327913,64.84665791499329,523.4478492643434,38.8020581221579,431.33481776076013,-4.6763807647675435,3.4701075973640503,2.1579750911686464,4.848663194574983
D7_I405,HC,R,sensor-profile,400,6,0.9950989294081218,14.986841400497626,1.3673723555268413,6.787492550944463,13.24602946807952,6,1,0.8525018986836252,0.9978282107231982,10.202726470297838,18.621929008781958,6.962993258876227,18.514969661438993,-3.9206298601825678,11.453745053981045,3.9095275788796253,15.586680394845095
D7_I405,HC,M,sensor-profile,400,6,0.9902363706420799,21.15291745920039,1.8406073743401752,9.531115357146968,18.600305479063355,6,1,0.769081273585196,0.9946692888670923,13.880463601458185,26.618156944333524,10.8641700577286,25.799037879979277,-5.811586834397287,17.657039369064464,5.85026605699562,20.90461706705511
D7_I405,HC,A,sensor-profile,400,6,0.994307948353826,16.150986287978125,3.119811612047929,7.138578456107075,13.931185909977083,6,1,0.8069323755152003,0.998482988040177,10.05654974581322,20.758253218298538,7.35607000253155,19.991093767752712,-2.773764792927647,14.51100201886073,2.970973278693103,17.99655307863272
D7_I405,HC,S,sensor-profile,400,6,0.999598327650068,4.290427829534258,-0.2560124522373086,1.636491763625563,3.193671000381036,6,1,0.9943124035919015,0.999752059513655,1.7463501842455833,6.21019836949652,1.0236439974115272,5.552056431658802,-1.7006119847542227,1.9946089997216365,1.0376475323607064,3.013120914820758
