episode_id,time,speed_mph,flow_vphpl
state_transition__AZ_I10_W::141__2016-08-01__019,2016-08-01 00:00:00,68.58294482809306,36.56470588235294
state_transition__AZ_I10_W::141__2016-08-01__019,2016-08-01 00:05:00,68.44587319170151,180.4235294117647
state_transition__AZ_I10_W::141__2016-08-01__019,2016-08-01 00:10:00,68.02842804027337,172.94117647058823
state_transition__AZ_I10_W::141__2016-08-01__019,2016-08-01 00:15:00,68.55920115223263,168.98823529411766
state_transition__AZ_I10_W::141__2016-08-01__019,2016-08-01 00:20:00,68.12327208361748,151.05882352941177
state_transition__AZ_I10_W::141__2016-08-01__019,2016-08-01 00:25:00,67.84196077203221,141.6
state_transition__AZ_I10_W::141__2016-08-01__019,2016-08-01 00:30:00,68.23390220158709,139.20000000000002
state_transition__AZ_I10_W::141__2016-08-01__019,2016-08-01 00:35:00,67.7727426344285,144.28235294117647
state_transition__AZ_I10_W::141__2016-08-01__019,2016-08-01 00:40:00,68.39679507215821,130.16470588235296
state_transition__AZ_I10_W::141__2016-08-01__019,2016-08-01 00:45:00,68.20710185803797,124.51764705882354
state_transition__AZ_I10_W::141__2016-08-01__019,2016-08-01 00:50:00,68.53045288128047,111.67058823529412
state_transition__AZ_I10_W::141__2016-08-01__019,2016-08-01 00:55:00,68.60800311649263,114.7764705882353
state_transition__AZ_I10_W::141__2016-08-01__019,2016-08-01 01:00:00,68.91787249060063,118.02352941176471
state_transition__AZ_I10_W::141__2016-08-01__019,2016-08-01 01:05:00,68.53255686045144,115.2
state_transition__AZ_I10_W::141__2016-08-01__019,2016-08-01 01:10:00,68.36122900527747,115.05882352941175
state_transition__AZ_I10_W::141__2016-08-01__019,2016-08-01 01:15:00,68.45801038030783,113.36470588235296
state_transition__AZ_I10_W::141__2016-08-01__019,2016-08-01 01:20:00,68.66452706792269,103.2
state_transition__AZ_I10_W::141__2016-08-01__019,2016-08-01 01:25:00,69.0608664191788,95.5764705882353
state_transition__AZ_I10_W::141__2016-08-01__019,2016-08-01 01:30:00,69.2797328078985,85.97647058823529
state_transition__AZ_I10_W::141__2016-08-01__019,2016-08-01 01:35:00,69.25488848844718,101.2235294117647
state_transition__AZ_I10_W::141__2016-08-01__019,2016-08-01 01:40:00,68.67762213198186,99.38823529411764
state_transition__AZ_I10_W::141__2016-08-01__019,2016-08-01 01:45:00,68.89513959446614,89.92941176470588
state_transition__AZ_I10_W::141__2016-08-01__019,2016-08-01 01:50:00,68.88777713865048,85.41176470588235
state_transition__AZ_I10_W::141__2016-08-01__019,2016-08-01 01:55:00,68.96433861953739,83.43529411764706
state_transition__AZ_I10_W::141__2016-08-01__019,2016-08-01 02:00:00,68.32339321919555,87.10588235294118
state_transition__AZ_I10_W::141__2016-08-01__019,2016-08-01 02:05:00,68.65816412234304,89.92941176470588
state_transition__AZ_I10_W::141__2016-08-01__019,2016-08-01 02:10:00,68.47708571482922,102.21176470588236
state_transition__AZ_I10_W::141__2016-08-01__019,2016-08-01 02:15:00,68.724331632894,90.91764705882352
state_transition__AZ_I10_W::141__2016-08-01__019,2016-08-01 02:20:00,68.0110815033219,96.98823529411764
state_transition__AZ_I10_W::141__2016-08-01__019,2016-08-01 02:25:00,68.0683073190402,85.5529411764706
state_transition__AZ_I10_W::141__2016-08-01__019,2016-08-01 02:30:00,68.29012577944975,101.6470588235294
state_transition__AZ_I10_W::141__2016-08-01__019,2016-08-01 02:35:00,69.20567946445946,96.4235294117647
state_transition__AZ_I10_W::141__2016-08-01__019,2016-08-01 02:40:00,68.53577369033218,95.71764705882352
state_transition__AZ_I10_W::141__2016-08-01__019,2016-08-01 02:45:00,69.19192715173135,88.94117647058823
state_transition__AZ_I10_W::141__2016-08-01__019,2016-08-01 02:50:00,69.68788376041833,86.39999999999999
state_transition__AZ_I10_W::141__2016-08-01__019,2016-08-01 02:55:00,69.00297838819368,83.71764705882353
state_transition__AZ_I10_W::141__2016-08-01__019,2016-08-01 03:00:00,68.93231981104009,86.68235294117646
state_transition__AZ_I10_W::141__2016-08-01__019,2016-08-01 03:05:00,69.16532141375211,90.91764705882352
state_transition__AZ_I10_W::141__2016-08-01__019,2016-08-01 03:10:00,68.92368078049407,93.17647058823528
state_transition__AZ_I10_W::141__2016-08-01__019,2016-08-01 03:15:00,68.75757353961998,98.82352941176472
state_transition__AZ_I10_W::141__2016-08-01__019,2016-08-01 03:20:00,68.89856195053838,108.4235294117647
state_transition__AZ_I10_W::141__2016-08-01__019,2016-08-01 03:25:00,69.29443940092828,124.09411764705882
state_transition__AZ_I10_W::141__2016-08-01__019,2016-08-01 03:30:00,68.82307321696217,134.4
state_transition__AZ_I10_W::141__2016-08-01__019,2016-08-01 03:35:00,68.68074314761313,144.4235294117647
state_transition__AZ_I10_W::141__2016-08-01__019,2016-08-01 03:40:00,69.05635939107478,143.01176470588234
state_transition__AZ_I10_W::141__2016-08-01__019,2016-08-01 03:45:00,69.48562884823895,158.25882352941176
state_transition__AZ_I10_W::141__2016-08-01__019,2016-08-01 03:50:00,69.36157597374279,155.85882352941175
state_transition__AZ_I10_W::141__2016-08-01__019,2016-08-01 03:55:00,68.96206404177772,142.16470588235296
state_transition__AZ_I10_W::141__2016-08-01__019,2016-08-01 04:00:00,68.94324701057528,150.0705882352941
state_transition__AZ_I10_W::141__2016-08-01__019,2016-08-01 04:05:00,69.08163069898198,180.28235294117647
state_transition__AZ_I10_W::141__2016-08-01__019,2016-08-01 04:10:00,68.80927545785244,187.2
state_transition__AZ_I10_W::141__2016-08-01__019,2016-08-01 04:15:00,68.65707995190577,228.8470588235294
state_transition__AZ_I10_W::141__2016-08-01__019,2016-08-01 04:20:00,68.84316611319748,250.16470588235296
state_transition__AZ_I10_W::141__2016-08-01__019,2016-08-01 04:25:00,68.42068311847164,267.6705882352941
state_transition__AZ_I10_W::141__2016-08-01__019,2016-08-01 04:30:00,68.3904260920994,300.56470588235294
state_transition__AZ_I10_W::141__2016-08-01__019,2016-08-01 04:35:00,68.74207839510215,338.9647058823529
state_transition__AZ_I10_W::141__2016-08-01__019,2016-08-01 04:40:00,68.81751076364309,378.6352941176471
state_transition__AZ_I10_W::141__2016-08-01__019,2016-08-01 04:45:00,69.13621716955319,351.6705882352941
state_transition__AZ_I10_W::141__2016-08-01__019,2016-08-01 04:50:00,68.79930679592701,354.2117647058824
state_transition__AZ_I10_W::141__2016-08-01__019,2016-08-01 04:55:00,68.65587605371714,334.5882352941176
state_transition__AZ_I10_W::141__2016-08-01__019,2016-08-01 05:00:00,68.6153737307909,348.98823529411766
state_transition__AZ_I10_W::141__2016-08-01__019,2016-08-01 05:05:00,68.00249234954777,342.3529411764706
state_transition__AZ_I10_W::141__2016-08-01__019,2016-08-01 05:10:00,68.5183422379996,371.8588235294118
state_transition__AZ_I10_W::141__2016-08-01__019,2016-08-01 05:15:00,68.67330102861641,395.0117647058824
state_transition__AZ_I10_W::141__2016-08-01__019,2016-08-01 05:20:00,68.56641918947328,450.0705882352941
state_transition__AZ_I10_W::141__2016-08-01__019,2016-08-01 05:25:00,68.56587189004658,442.8705882352941
state_transition__AZ_I10_W::141__2016-08-01__019,2016-08-01 05:30:00,68.88162474382698,510.07058823529417
state_transition__AZ_I10_W::141__2016-08-01__019,2016-08-01 05:35:00,68.73954841018436,543.2470588235294
state_transition__AZ_I10_W::141__2016-08-01__019,2016-08-01 05:40:00,69.14013290588615,615.2470588235294
state_transition__AZ_I10_W::141__2016-08-01__019,2016-08-01 05:45:00,69.69465208616433,603.6705882352941
state_transition__AZ_I10_W::141__2016-08-01__019,2016-08-01 05:50:00,69.99219812032874,575.7176470588236
state_transition__AZ_I10_W::141__2016-08-01__019,2016-08-01 05:55:00,69.41694446768486,552.9882352941177
state_transition__AZ_I10_W::141__2016-08-01__019,2016-08-01 06:00:00,68.28946598728636,527.8588235294118
state_transition__AZ_I10_W::141__2016-08-01__019,2016-08-01 06:05:00,68.37108165242137,556.2352941176471
state_transition__AZ_I10_W::141__2016-08-01__019,2016-08-01 06:10:00,68.1971711519959,582.4941176470588
state_transition__AZ_I10_W::141__2016-08-01__019,2016-08-01 06:15:00,68.79494634666924,601.5529411764705
state_transition__AZ_I10_W::141__2016-08-01__019,2016-08-01 06:20:00,68.74704313163075,626.2588235294118
state_transition__AZ_I10_W::141__2016-08-01__019,2016-08-01 06:25:00,68.46499997645246,664.0941176470589
state_transition__AZ_I10_W::141__2016-08-01__019,2016-08-01 06:30:00,68.42193606931293,686.964705882353
state_transition__AZ_I10_W::141__2016-08-01__019,2016-08-01 06:35:00,68.83220006879387,715.9058823529411
state_transition__AZ_I10_W::141__2016-08-01__019,2016-08-01 06:40:00,68.73245885456927,720.7058823529412
state_transition__AZ_I10_W::141__2016-08-01__019,2016-08-01 06:45:00,68.84088956330534,725.364705882353
state_transition__AZ_I10_W::141__2016-08-01__019,2016-08-01 06:50:00,68.87275431961314,693.7411764705882
state_transition__AZ_I10_W::141__2016-08-01__019,2016-08-01 06:55:00,68.92650014580238,678.4941176470588
state_transition__AZ_I10_W::141__2016-08-01__019,2016-08-01 07:00:00,68.82038101688586,689.364705882353
state_transition__AZ_I10_W::141__2016-08-01__019,2016-08-01 07:05:00,68.63517945387805,763.3411764705882
state_transition__AZ_I10_W::141__2016-08-01__019,2016-08-01 07:10:00,68.5783395064544,782.8235294117648
state_transition__AZ_I10_W::141__2016-08-01__019,2016-08-01 07:15:00,69.05565013625716,799.6235294117647
state_transition__AZ_I10_W::141__2016-08-01__019,2016-08-01 07:20:00,68.64500574943372,786.635294117647
state_transition__AZ_I10_W::141__2016-08-01__019,2016-08-01 07:25:00,68.70947857593806,762.4941176470588
state_transition__AZ_I10_W::141__2016-08-01__019,2016-08-01 07:30:00,68.89061313919444,789.6
state_transition__AZ_I10_W::141__2016-08-01__019,2016-08-01 07:35:00,68.43955752134904,745.1294117647059
state_transition__AZ_I10_W::141__2016-08-01__019,2016-08-01 07:40:00,68.87781836301694,741.7411764705882
state_transition__AZ_I10_W::141__2016-08-01__019,2016-08-01 07:45:00,68.95737394696603,762.7764705882354
state_transition__AZ_I10_W::141__2016-08-01__019,2016-08-01 07:50:00,69.40002430808562,725.364705882353
state_transition__AZ_I10_W::141__2016-08-01__019,2016-08-01 07:55:00,68.92509313092843,729.4588235294117
state_transition__AZ_I10_W::141__2016-08-01__019,2016-08-01 08:00:00,68.53109227532185,707.2941176470588
state_transition__AZ_I10_W::141__2016-08-01__019,2016-08-01 08:05:00,68.66955254089731,696.1411764705882
state_transition__AZ_I10_W::141__2016-08-01__019,2016-08-01 08:10:00,67.95609260821787,710.6823529411765
state_transition__AZ_I10_W::141__2016-08-01__019,2016-08-01 08:15:00,68.62315522474839,706.8705882352941
state_transition__AZ_I10_W::141__2016-08-01__019,2016-08-01 08:20:00,68.62397858659016,666.7764705882354
state_transition__AZ_I10_W::141__2016-08-01__019,2016-08-01 08:25:00,67.90632691316475,704.8941176470589
state_transition__AZ_I10_W::141__2016-08-01__019,2016-08-01 08:30:00,67.25173954589309,697.2705882352941
state_transition__AZ_I10_W::141__2016-08-01__019,2016-08-01 08:35:00,67.56031115608577,719.2941176470588
state_transition__AZ_I10_W::141__2016-08-01__019,2016-08-01 08:40:00,67.49459539323196,713.2235294117646
state_transition__AZ_I10_W::141__2016-08-01__019,2016-08-01 08:45:00,67.62417278645113,680.6117647058824
state_transition__AZ_I10_W::141__2016-08-01__019,2016-08-01 08:50:00,67.77797944260617,654.4941176470588
state_transition__AZ_I10_W::141__2016-08-01__019,2016-08-01 08:55:00,67.97284012308324,676.9411764705883
state_transition__AZ_I10_W::141__2016-08-01__019,2016-08-01 09:00:00,68.00960282217574,739.3411764705882
state_transition__AZ_I10_W::141__2016-08-01__019,2016-08-01 09:05:00,68.22801787661975,737.9294117647058
state_transition__AZ_I10_W::141__2016-08-01__019,2016-08-01 09:10:00,68.20694238599663,753.8823529411765
state_transition__AZ_I10_W::141__2016-08-01__019,2016-08-01 09:15:00,68.12712675209919,781.9764705882353
state_transition__AZ_I10_W::141__2016-08-01__019,2016-08-01 09:20:00,68.21372049706575,791.1529411764706
state_transition__AZ_I10_W::141__2016-08-01__019,2016-08-01 09:25:00,68.33100433231954,761.7882352941176
state_transition__AZ_I10_W::141__2016-08-01__019,2016-08-01 09:30:00,68.46325457063755,758.1176470588235
state_transition__AZ_I10_W::141__2016-08-01__019,2016-08-01 09:35:00,68.35562403241273,772.9411764705883
state_transition__AZ_I10_W::141__2016-08-01__019,2016-08-01 09:40:00,68.75823169126495,785.9294117647058
state_transition__AZ_I10_W::141__2016-08-01__019,2016-08-01 09:45:00,68.69062796379146,725.9294117647058
state_transition__AZ_I10_W::141__2016-08-01__019,2016-08-01 09:50:00,68.25777148764206,726.4941176470588
state_transition__AZ_I10_W::141__2016-08-01__019,2016-08-01 09:55:00,68.05905054072875,660.4235294117648
state_transition__AZ_I10_W::141__2016-08-01__019,2016-08-01 10:00:00,68.38866983112207,667.4823529411765
state_transition__AZ_I10_W::141__2016-08-01__019,2016-08-01 10:05:00,68.64769910375507,636.4235294117648
state_transition__AZ_I10_W::141__2016-08-01__019,2016-08-01 10:10:00,68.38745655671534,657.7411764705882
state_transition__AZ_I10_W::141__2016-08-01__019,2016-08-01 10:15:00,68.4848429188893,647.7176470588236
state_transition__AZ_I10_W::141__2016-08-01__019,2016-08-01 10:20:00,68.67124942132514,646.3058823529412
state_transition__AZ_I10_W::141__2016-08-01__019,2016-08-01 10:25:00,68.70316975570769,666.0705882352942
state_transition__AZ_I10_W::141__2016-08-01__019,2016-08-01 10:30:00,68.60735911247455,645.035294117647
state_transition__AZ_I10_W::141__2016-08-01__019,2016-08-01 10:35:00,68.50177234252192,646.5882352941177
state_transition__AZ_I10_W::141__2016-08-01__019,2016-08-01 10:40:00,69.15246344496965,642.2117647058824
state_transition__AZ_I10_W::141__2016-08-01__019,2016-08-01 10:45:00,68.72403375096104,666.635294117647
state_transition__AZ_I10_W::141__2016-08-01__019,2016-08-01 10:50:00,68.79753362682754,652.8000000000001
state_transition__AZ_I10_W::141__2016-08-01__019,2016-08-01 10:55:00,68.90393701259623,637.8352941176471
state_transition__AZ_I10_W::141__2016-08-01__019,2016-08-01 11:00:00,68.97742767593179,620.4705882352941
state_transition__AZ_I10_W::141__2016-08-01__019,2016-08-01 11:05:00,68.85859060149723,636.0
state_transition__AZ_I10_W::141__2016-08-01__019,2016-08-01 11:10:00,69.0475854860072,631.7647058823529
state_transition__AZ_I10_W::141__2016-08-01__019,2016-08-01 11:15:00,68.64499034019929,629.2235294117646
state_transition__AZ_I10_W::141__2016-08-01__019,2016-08-01 11:20:00,69.3178827315728,670.7294117647059
state_transition__AZ_I10_W::141__2016-08-01__019,2016-08-01 11:25:00,69.05875059745021,656.7529411764706
state_transition__AZ_I10_W::141__2016-08-01__019,2016-08-01 11:30:00,69.08929727135492,647.7176470588236
state_transition__AZ_I10_W::141__2016-08-01__019,2016-08-01 11:35:00,68.51898704525244,682.5882352941177
state_transition__AZ_I10_W::141__2016-08-01__019,2016-08-01 11:40:00,68.85809059279104,672.2823529411764
state_transition__AZ_I10_W::141__2016-08-01__019,2016-08-01 11:45:00,68.74665273175977,724.5176470588235
state_transition__AZ_I10_W::141__2016-08-01__019,2016-08-01 11:50:00,69.26202040554394,676.0941176470589
state_transition__AZ_I10_W::141__2016-08-01__019,2016-08-01 11:55:00,68.87936595667645,657.4588235294118
state_transition__AZ_I10_W::141__2016-08-01__019,2016-08-01 12:00:00,68.79819649730061,674.8235294117648
state_transition__AZ_I10_W::141__2016-08-01__019,2016-08-01 12:05:00,68.80496516258336,698.4
state_transition__AZ_I10_W::141__2016-08-01__019,2016-08-01 12:10:00,68.94568326365084,709.4117647058823
state_transition__AZ_I10_W::141__2016-08-01__019,2016-08-01 12:15:00,68.2597907512229,701.7882352941176
state_transition__AZ_I10_W::141__2016-08-01__019,2016-08-01 12:20:00,68.64787761667975,710.8235294117648
state_transition__AZ_I10_W::141__2016-08-01__019,2016-08-01 12:25:00,68.60732909414234,733.4117647058823
state_transition__AZ_I10_W::141__2016-08-01__019,2016-08-01 12:30:00,68.35646346796203,724.9411764705883
state_transition__AZ_I10_W::141__2016-08-01__019,2016-08-01 12:35:00,68.505280470321,726.2117647058824
state_transition__AZ_I10_W::141__2016-08-01__019,2016-08-01 12:40:00,68.19686391758046,733.5529411764705
state_transition__AZ_I10_W::141__2016-08-01__019,2016-08-01 12:45:00,68.64816291471905,740.6117647058824
state_transition__AZ_I10_W::141__2016-08-01__019,2016-08-01 12:50:00,68.45571126043795,702.4941176470588
state_transition__AZ_I10_W::141__2016-08-01__019,2016-08-01 12:55:00,68.78121888327776,695.5764705882352
state_transition__AZ_I10_W::141__2016-08-01__019,2016-08-01 13:00:00,68.6150221190509,702.3529411764706
state_transition__AZ_I10_W::141__2016-08-01__019,2016-08-01 13:05:00,68.45137021447535,724.8000000000001
state_transition__AZ_I10_W::141__2016-08-01__019,2016-08-01 13:10:00,68.88822420186249,748.2352941176471
state_transition__AZ_I10_W::141__2016-08-01__019,2016-08-01 13:15:00,68.90697791308212,718.0235294117647
state_transition__AZ_I10_W::141__2016-08-01__019,2016-08-01 13:20:00,68.78175549231975,761.9294117647058
state_transition__AZ_I10_W::141__2016-08-01__019,2016-08-01 13:25:00,68.53233355920052,776.1882352941177
state_transition__AZ_I10_W::141__2016-08-01__019,2016-08-01 13:30:00,68.67137937231234,795.5294117647059
state_transition__AZ_I10_W::141__2016-08-01__019,2016-08-01 13:35:00,68.48090451176013,814.3058823529412
state_transition__AZ_I10_W::141__2016-08-01__019,2016-08-01 13:40:00,68.9775121486152,811.7647058823529
state_transition__AZ_I10_W::141__2016-08-01__019,2016-08-01 13:45:00,68.7890040538923,820.9411764705883
state_transition__AZ_I10_W::141__2016-08-01__019,2016-08-01 13:50:00,68.22801372807956,810.4941176470588
state_transition__AZ_I10_W::141__2016-08-01__019,2016-08-01 13:55:00,66.3789834433692,799.1999999999999
state_transition__AZ_I10_W::141__2016-08-01__019,2016-08-01 14:00:00,63.7298465977116,819.6705882352941
state_transition__AZ_I10_W::141__2016-08-01__019,2016-08-01 14:05:00,58.93609825906819,832.5176470588235
state_transition__AZ_I10_W::141__2016-08-01__019,2016-08-01 14:10:00,58.02349142338031,860.7529411764706
state_transition__AZ_I10_W::141__2016-08-01__019,2016-08-01 14:15:00,51.487047399222405,869.0823529411764
state_transition__AZ_I10_W::141__2016-08-01__019,2016-08-01 14:20:00,57.01791545867662,857.6470588235294
state_transition__AZ_I10_W::141__2016-08-01__019,2016-08-01 14:25:00,48.781356142591925,816.0
state_transition__AZ_I10_W::141__2016-08-01__019,2016-08-01 14:30:00,48.19335255975683,845.0823529411764
state_transition__AZ_I10_W::141__2016-08-01__019,2016-08-01 14:35:00,50.308917625573216,853.9764705882353
state_transition__AZ_I10_W::141__2016-08-01__019,2016-08-01 14:40:00,43.17329243643074,917.3647058823528
state_transition__AZ_I10_W::141__2016-08-01__019,2016-08-01 14:45:00,45.085633464769536,936.4235294117648
state_transition__AZ_I10_W::141__2016-08-01__019,2016-08-01 14:50:00,52.80937906580871,895.0588235294117
state_transition__AZ_I10_W::141__2016-08-01__019,2016-08-01 14:55:00,52.51158198835604,834.9176470588236
state_transition__AZ_I10_W::141__2016-08-01__019,2016-08-01 15:00:00,54.55730663260638,751.1999999999999
state_transition__AZ_I10_W::141__2016-08-01__019,2016-08-01 15:05:00,54.44452718951931,711.9529411764706
state_transition__AZ_I10_W::141__2016-08-01__019,2016-08-01 15:10:00,56.42195821970842,680.7529411764706
state_transition__AZ_I10_W::141__2016-08-01__019,2016-08-01 15:15:00,55.13630491546069,684.4235294117648
state_transition__AZ_I10_W::141__2016-08-01__019,2016-08-01 15:20:00,56.62954106856121,675.9529411764706
state_transition__AZ_I10_W::141__2016-08-01__019,2016-08-01 15:25:00,54.4424990069465,653.7882352941176
state_transition__AZ_I10_W::141__2016-08-01__019,2016-08-01 15:30:00,45.372420994407264,637.6941176470589
state_transition__AZ_I10_W::141__2016-08-01__019,2016-08-01 15:35:00,49.67352055763879,663.3882352941176
state_transition__AZ_I10_W::141__2016-08-01__019,2016-08-01 15:40:00,48.95401657362727,647.0117647058823
state_transition__AZ_I10_W::141__2016-08-01__019,2016-08-01 15:45:00,51.09625092646158,661.9764705882353
state_transition__AZ_I10_W::141__2016-08-01__019,2016-08-01 15:50:00,50.17462382101151,687.6705882352941
state_transition__AZ_I10_W::141__2016-08-01__019,2016-08-01 15:55:00,44.437140286415335,662.5411764705883
state_transition__AZ_I10_W::141__2016-08-01__019,2016-08-01 16:00:00,50.93653788101939,642.4941176470588
state_transition__AZ_I10_W::141__2016-08-01__019,2016-08-01 16:05:00,51.10695679347708,626.4
state_transition__AZ_I10_W::141__2016-08-01__019,2016-08-01 16:10:00,50.93534685843178,604.8000000000001
state_transition__AZ_I10_W::141__2016-08-01__019,2016-08-01 16:15:00,41.56049568323853,644.6117647058824
state_transition__AZ_I10_W::141__2016-08-01__019,2016-08-01 16:20:00,48.26673807695658,664.6588235294118
state_transition__AZ_I10_W::141__2016-08-01__019,2016-08-01 16:25:00,45.49143909060291,643.1999999999999
state_transition__AZ_I10_W::141__2016-08-01__019,2016-08-01 16:30:00,49.080956089830686,650.2588235294118
state_transition__AZ_I10_W::141__2016-08-01__019,2016-08-01 16:35:00,44.91795651909168,626.964705882353
state_transition__AZ_I10_W::141__2016-08-01__019,2016-08-01 16:40:00,44.78684263122188,618.7764705882354
state_transition__AZ_I10_W::141__2016-08-01__019,2016-08-01 16:45:00,35.87358507016269,621.8823529411765
state_transition__AZ_I10_W::141__2016-08-01__019,2016-08-01 16:50:00,53.00448970245972,635.1529411764706
state_transition__AZ_I10_W::141__2016-08-01__019,2016-08-01 16:55:00,53.46017904012936,579.5294117647059
state_transition__AZ_I10_W::141__2016-08-01__019,2016-08-01 17:00:00,47.42852456597269,549.5999999999999
state_transition__AZ_I10_W::141__2016-08-01__019,2016-08-01 17:05:00,45.49429139238274,574.4470588235295
state_transition__AZ_I10_W::141__2016-08-01__019,2016-08-01 17:10:00,46.33535591404,605.6470588235294
state_transition__AZ_I10_W::141__2016-08-01__019,2016-08-01 17:15:00,52.595842540740506,644.3294117647059
state_transition__AZ_I10_W::141__2016-08-01__019,2016-08-01 17:20:00,46.61267598464051,624.1411764705882
state_transition__AZ_I10_W::141__2016-08-01__019,2016-08-01 17:25:00,41.49800810971088,605.0823529411764
state_transition__AZ_I10_W::141__2016-08-01__019,2016-08-01 17:30:00,46.980498481288215,601.1294117647059
state_transition__AZ_I10_W::141__2016-08-01__019,2016-08-01 17:35:00,43.6990403471238,545.6470588235294
state_transition__AZ_I10_W::141__2016-08-01__019,2016-08-01 17:40:00,45.26760082743471,524.4705882352941
state_transition__AZ_I10_W::141__2016-08-01__019,2016-08-01 17:45:00,50.07357114244071,516.1411764705882
state_transition__AZ_I10_W::141__2016-08-01__019,2016-08-01 17:50:00,46.552026177789344,535.0588235294117
state_transition__AZ_I10_W::141__2016-08-01__019,2016-08-01 17:55:00,44.53485037876672,515.5764705882352
state_transition__AZ_I10_W::141__2016-08-01__019,2016-08-01 18:00:00,37.18002632663735,515.5764705882352
state_transition__AZ_I10_W::141__2016-08-01__019,2016-08-01 18:05:00,41.48330021737987,519.1058823529411
state_transition__AZ_I10_W::141__2016-08-01__019,2016-08-01 18:10:00,41.42513613344435,552.2823529411764
state_transition__AZ_I10_W::141__2016-08-01__019,2016-08-01 18:15:00,39.00759572338227,578.8235294117648
state_transition__AZ_I10_W::141__2016-08-01__019,2016-08-01 18:20:00,39.63321256259015,577.6941176470588
state_transition__AZ_I10_W::141__2016-08-01__019,2016-08-01 18:25:00,38.70530922612956,567.8117647058823
state_transition__AZ_I10_W::141__2016-08-01__019,2016-08-01 18:30:00,42.40892253633304,591.9529411764706
state_transition__AZ_I10_W::141__2016-08-01__019,2016-08-01 18:35:00,46.25977889342437,571.7647058823529
state_transition__AZ_I10_W::141__2016-08-01__019,2016-08-01 18:40:00,44.814984034149,571.9058823529411
state_transition__AZ_I10_W::141__2016-08-01__019,2016-08-01 18:45:00,43.44029563771359,541.9764705882353
state_transition__AZ_I10_W::141__2016-08-01__019,2016-08-01 18:50:00,46.003448407171526,552.4235294117648
state_transition__AZ_I10_W::141__2016-08-01__019,2016-08-01 18:55:00,42.70722480400432,526.4470588235295
state_transition__AZ_I10_W::141__2016-08-01__019,2016-08-01 19:00:00,46.874622766659,520.2352941176471
state_transition__AZ_I10_W::141__2016-08-01__019,2016-08-01 19:05:00,43.29497088357935,510.4941176470588
state_transition__AZ_I10_W::141__2016-08-01__019,2016-08-01 19:10:00,47.086633935978334,566.5411764705883
state_transition__AZ_I10_W::141__2016-08-01__019,2016-08-01 19:15:00,59.02121612912421,561.8823529411765
state_transition__AZ_I10_W::141__2016-08-01__019,2016-08-01 19:20:00,66.26951719010067,530.964705882353
state_transition__AZ_I10_W::141__2016-08-01__019,2016-08-01 19:25:00,68.61333098173752,510.9176470588236
state_transition__AZ_I10_W::141__2016-08-01__019,2016-08-01 19:30:00,68.96347147688412,489.3176470588235
state_transition__AZ_I10_W::141__2016-08-01__019,2016-08-01 19:35:00,69.17206203292487,478.16470588235296
state_transition__AZ_I10_W::141__2016-08-01__019,2016-08-01 19:40:00,68.68400762970327,480.2823529411765
state_transition__AZ_I10_W::141__2016-08-01__019,2016-08-01 19:45:00,68.47076078607587,484.6588235294118
state_transition__AZ_I10_W::141__2016-08-01__019,2016-08-01 19:50:00,68.18651152962835,471.1058823529412
state_transition__AZ_I10_W::141__2016-08-01__019,2016-08-01 19:55:00,67.86072684026321,471.9529411764706
state_transition__AZ_I10_W::141__2016-08-01__019,2016-08-01 20:00:00,68.06099812512763,472.8
state_transition__AZ_I10_W::141__2016-08-01__019,2016-08-01 20:05:00,67.57531608627825,444.4235294117647
state_transition__AZ_I10_W::141__2016-08-01__019,2016-08-01 20:10:00,68.21210620369266,472.3764705882353
state_transition__AZ_I10_W::141__2016-08-01__019,2016-08-01 20:15:00,68.57372676301217,479.8588235294118
state_transition__AZ_I10_W::141__2016-08-01__019,2016-08-01 20:20:00,67.80650953919722,476.8941176470588
state_transition__AZ_I10_W::141__2016-08-01__019,2016-08-01 20:25:00,68.21135004678978,470.11764705882354
state_transition__AZ_I10_W::141__2016-08-01__019,2016-08-01 20:30:00,67.4946862569939,421.9764705882353
state_transition__AZ_I10_W::141__2016-08-01__019,2016-08-01 20:35:00,68.09836612843405,389.36470588235295
state_transition__AZ_I10_W::141__2016-08-01__019,2016-08-01 20:40:00,67.96364092336961,409.4117647058824
state_transition__AZ_I10_W::141__2016-08-01__019,2016-08-01 20:45:00,67.89010548356663,401.5058823529412
state_transition__AZ_I10_W::141__2016-08-01__019,2016-08-01 20:50:00,67.88516913319809,409.4117647058824
state_transition__AZ_I10_W::141__2016-08-01__019,2016-08-01 20:55:00,68.05146930693395,380.6117647058823
state_transition__AZ_I10_W::141__2016-08-01__019,2016-08-01 21:00:00,68.18759174022972,363.52941176470586
state_transition__AZ_I10_W::141__2016-08-01__019,2016-08-01 21:05:00,68.27268948664779,387.6705882352941
state_transition__AZ_I10_W::141__2016-08-01__019,2016-08-01 21:10:00,68.15740410026586,426.2117647058824
state_transition__AZ_I10_W::141__2016-08-01__019,2016-08-01 21:15:00,67.81965821292059,444.8470588235294
state_transition__AZ_I10_W::141__2016-08-01__019,2016-08-01 21:20:00,68.2861942626797,426.0705882352941
state_transition__AZ_I10_W::141__2016-08-01__019,2016-08-01 21:25:00,67.97526767953003,411.3882352941177
state_transition__AZ_I10_W::141__2016-08-01__019,2016-08-01 21:30:00,68.04489307668311,396.98823529411766
state_transition__AZ_I10_W::141__2016-08-01__019,2016-08-01 21:35:00,67.86128834082777,386.9647058823529
state_transition__AZ_I10_W::141__2016-08-01__019,2016-08-01 21:40:00,67.95280645015536,379.9058823529412
state_transition__AZ_I10_W::141__2016-08-01__019,2016-08-01 21:45:00,68.05702465363042,370.5882352941176
state_transition__AZ_I10_W::141__2016-08-01__019,2016-08-01 21:50:00,68.14648044168455,358.0235294117647
state_transition__AZ_I10_W::141__2016-08-01__019,2016-08-01 21:55:00,68.05246748218886,332.18823529411765
state_transition__AZ_I10_W::141__2016-08-01__019,2016-08-01 22:00:00,67.98450985505637,352.2352941176471
state_transition__AZ_I10_W::141__2016-08-01__019,2016-08-01 22:05:00,68.6751859119478,362.25882352941176
state_transition__AZ_I10_W::141__2016-08-01__019,2016-08-01 22:10:00,68.79910213508494,368.8941176470588
state_transition__AZ_I10_W::141__2016-08-01__019,2016-08-01 22:15:00,68.94535531420301,393.7411764705882
state_transition__AZ_I10_W::141__2016-08-01__019,2016-08-01 22:20:00,68.59750316216117,363.2470588235294
state_transition__AZ_I10_W::141__2016-08-01__019,2016-08-01 22:25:00,68.59409922381525,340.3764705882353
state_transition__AZ_I10_W::141__2016-08-01__019,2016-08-01 22:30:00,67.95051101703795,320.47058823529414
state_transition__AZ_I10_W::141__2016-08-01__019,2016-08-01 22:35:00,68.15075317871184,347.8588235294118
state_transition__AZ_I10_W::141__2016-08-01__019,2016-08-01 22:40:00,68.50968950406008,334.5882352941176
state_transition__AZ_I10_W::141__2016-08-01__019,2016-08-01 22:45:00,68.34256996942405,307.2
state_transition__AZ_I10_W::141__2016-08-01__019,2016-08-01 22:50:00,68.40938236942871,280.8
state_transition__AZ_I10_W::141__2016-08-01__019,2016-08-01 22:55:00,68.10532912175456,265.83529411764704
state_transition__AZ_I10_W::141__2016-08-01__019,2016-08-01 23:00:00,68.64627295304966,250.58823529411765
state_transition__AZ_I10_W::141__2016-08-01__019,2016-08-01 23:05:00,68.62995320926447,247.76470588235293
state_transition__AZ_I10_W::141__2016-08-01__019,2016-08-01 23:10:00,68.35384730947936,268.8
state_transition__AZ_I10_W::141__2016-08-01__019,2016-08-01 23:15:00,68.61817009271752,239.2941176470588
state_transition__AZ_I10_W::141__2016-08-01__019,2016-08-01 23:20:00,68.35627391370274,236.0470588235294
state_transition__AZ_I10_W::141__2016-08-01__019,2016-08-01 23:25:00,69.22943529602102,211.05882352941177
state_transition__AZ_I10_W::141__2016-08-01__019,2016-08-01 23:30:00,68.47346030094063,218.54117647058823
state_transition__AZ_I10_W::141__2016-08-01__019,2016-08-01 23:35:00,68.46019885513579,213.6
state_transition__AZ_I10_W::141__2016-08-01__019,2016-08-01 23:40:00,68.27805458635059,216.5647058823529
state_transition__AZ_I10_W::141__2016-08-01__019,2016-08-01 23:45:00,68.57065912926267,205.6941176470588
state_transition__AZ_I10_W::141__2016-08-01__019,2016-08-01 23:50:00,68.10505127122731,202.58823529411765
state_transition__AZ_I10_W::141__2016-08-01__019,2016-08-01 23:55:00,68.29604549717051,174.49411764705883
