sensor_uid,month,date,bins,valid_bins,complete_day,complete_weekdays,included
AZ_I10_W::137,2016-01,2016-01-01,288,288,True,15,True
AZ_I10_W::137,2016-01,2016-01-04,288,266,False,15,False
AZ_I10_W::137,2016-01,2016-01-05,288,288,True,15,True
AZ_I10_W::137,2016-01,2016-01-06,288,287,False,15,False
AZ_I10_W::137,2016-01,2016-01-07,288,288,True,15,True
AZ_I10_W::137,2016-01,2016-01-08,288,288,True,15,True
AZ_I10_W::137,2016-01,2016-01-11,288,277,False,15,False
AZ_I10_W::137,2016-01,2016-01-12,288,288,True,15,True
AZ_I10_W::137,2016-01,2016-01-13,288,288,True,15,True
AZ_I10_W::137,2016-01,2016-01-14,288,288,True,15,True
AZ_I10_W::137,2016-01,2016-01-15,288,273,False,15,False
AZ_I10_W::137,2016-01,2016-01-18,288,288,True,15,True
AZ_I10_W::137,2016-01,2016-01-19,288,288,True,15,True
AZ_I10_W::137,2016-01,2016-01-20,288,288,True,15,True
AZ_I10_W::137,2016-01,2016-01-21,288,288,True,15,True
AZ_I10_W::137,2016-01,2016-01-22,288,288,True,15,True
AZ_I10_W::137,2016-01,2016-01-25,288,288,True,15,True
AZ_I10_W::137,2016-01,2016-01-26,288,287,False,15,False
AZ_I10_W::137,2016-01,2016-01-27,288,288,True,15,True
AZ_I10_W::137,2016-01,2016-01-28,288,288,True,15,True
AZ_I10_W::137,2016-01,2016-01-29,288,287,False,15,False
AZ_I10_W::137,2016-02,2016-02-01,288,287,False,17,False
AZ_I10_W::137,2016-02,2016-02-02,288,288,True,17,True
AZ_I10_W::137,2016-02,2016-02-03,288,288,True,17,True
AZ_I10_W::137,2016-02,2016-02-04,288,288,True,17,True
AZ_I10_W::137,2016-02,2016-02-08,288,288,True,17,True
AZ_I10_W::137,2016-02,2016-02-09,288,288,True,17,True
AZ_I10_W::137,2016-02,2016-02-10,288,288,True,17,True
AZ_I10_W::137,2016-02,2016-02-11,288,288,True,17,True
AZ_I10_W::137,2016-02,2016-02-12,288,288,True,17,True
AZ_I10_W::137,2016-02,2016-02-15,288,288,True,17,True
AZ_I10_W::137,2016-02,2016-02-16,288,288,True,17,True
AZ_I10_W::137,2016-02,2016-02-17,288,288,True,17,True
AZ_I10_W::137,2016-02,2016-02-18,288,288,True,17,True
AZ_I10_W::137,2016-02,2016-02-19,288,287,False,17,False
AZ_I10_W::137,2016-02,2016-02-22,288,193,False,17,False
AZ_I10_W::137,2016-02,2016-02-23,288,288,True,17,True
AZ_I10_W::137,2016-02,2016-02-24,288,288,True,17,True
AZ_I10_W::137,2016-02,2016-02-25,288,288,True,17,True
AZ_I10_W::137,2016-02,2016-02-26,288,288,True,17,True
AZ_I10_W::137,2016-02,2016-02-29,288,288,True,17,True
AZ_I10_W::137,2016-03,2016-03-01,288,288,True,20,True
AZ_I10_W::137,2016-03,2016-03-02,288,288,True,20,True
AZ_I10_W::137,2016-03,2016-03-03,288,288,True,20,True
AZ_I10_W::137,2016-03,2016-03-04,288,288,True,20,True
AZ_I10_W::137,2016-03,2016-03-07,288,288,True,20,True
AZ_I10_W::137,2016-03,2016-03-08,288,288,True,20,True
AZ_I10_W::137,2016-03,2016-03-09,288,268,False,20,False
AZ_I10_W::137,2016-03,2016-03-11,288,288,True,20,True
AZ_I10_W::137,2016-03,2016-03-14,288,288,True,20,True
AZ_I10_W::137,2016-03,2016-03-15,288,288,True,20,True
AZ_I10_W::137,2016-03,2016-03-16,288,288,True,20,True
AZ_I10_W::137,2016-03,2016-03-17,288,288,True,20,True
AZ_I10_W::137,2016-03,2016-03-18,288,288,True,20,True
AZ_I10_W::137,2016-03,2016-03-21,288,288,True,20,True
AZ_I10_W::137,2016-03,2016-03-22,288,288,True,20,True
AZ_I10_W::137,2016-03,2016-03-23,288,288,True,20,True
AZ_I10_W::137,2016-03,2016-03-24,288,288,True,20,True
AZ_I10_W::137,2016-03,2016-03-25,288,288,True,20,True
AZ_I10_W::137,2016-03,2016-03-28,288,288,True,20,True
AZ_I10_W::137,2016-03,2016-03-29,288,288,True,20,True
AZ_I10_W::137,2016-03,2016-03-30,288,281,False,20,False
AZ_I10_W::137,2016-03,2016-03-31,288,288,True,20,True
AZ_I10_W::137,2016-04,2016-04-01,288,288,True,18,True
AZ_I10_W::137,2016-04,2016-04-04,288,288,True,18,True
AZ_I10_W::137,2016-04,2016-04-05,288,288,True,18,True
AZ_I10_W::137,2016-04,2016-04-06,288,288,True,18,True
AZ_I10_W::137,2016-04,2016-04-07,288,285,False,18,False
AZ_I10_W::137,2016-04,2016-04-08,288,288,True,18,True
AZ_I10_W::137,2016-04,2016-04-11,288,288,True,18,True
AZ_I10_W::137,2016-04,2016-04-12,288,288,True,18,True
AZ_I10_W::137,2016-04,2016-04-13,288,288,True,18,True
AZ_I10_W::137,2016-04,2016-04-14,288,288,True,18,True
AZ_I10_W::137,2016-04,2016-04-15,288,288,True,18,True
AZ_I10_W::137,2016-04,2016-04-18,288,288,True,18,True
AZ_I10_W::137,2016-04,2016-04-19,288,288,True,18,True
AZ_I10_W::137,2016-04,2016-04-20,288,288,True,18,True
AZ_I10_W::137,2016-04,2016-04-21,288,288,True,18,True
AZ_I10_W::137,2016-04,2016-04-22,288,258,False,18,False
AZ_I10_W::137,2016-04,2016-04-25,288,288,True,18,True
AZ_I10_W::137,2016-04,2016-04-26,288,288,True,18,True
AZ_I10_W::137,2016-04,2016-04-27,288,288,True,18,True
AZ_I10_W::137,2016-04,2016-04-28,288,287,False,18,False
AZ_I10_W::137,2016-04,2016-04-29,288,288,True,18,True
AZ_I10_W::137,2016-05,2016-05-02,288,288,True,19,True
AZ_I10_W::137,2016-05,2016-05-03,288,288,True,19,True
AZ_I10_W::137,2016-05,2016-05-04,288,287,False,19,False
AZ_I10_W::137,2016-05,2016-05-05,288,288,True,19,True
AZ_I10_W::137,2016-05,2016-05-06,288,288,True,19,True
AZ_I10_W::137,2016-05,2016-05-09,288,288,True,19,True
AZ_I10_W::137,2016-05,2016-05-10,288,288,True,19,True
AZ_I10_W::137,2016-05,2016-05-11,288,288,True,19,True
AZ_I10_W::137,2016-05,2016-05-12,288,149,False,19,False
AZ_I10_W::137,2016-05,2016-05-13,288,288,True,19,True
AZ_I10_W::137,2016-05,2016-05-16,288,288,True,19,True
AZ_I10_W::137,2016-05,2016-05-17,288,288,True,19,True
AZ_I10_W::137,2016-05,2016-05-18,288,288,True,19,True
AZ_I10_W::137,2016-05,2016-05-19,288,288,True,19,True
AZ_I10_W::137,2016-05,2016-05-20,288,288,True,19,True
AZ_I10_W::137,2016-05,2016-05-23,288,288,True,19,True
AZ_I10_W::137,2016-05,2016-05-24,288,288,True,19,True
AZ_I10_W::137,2016-05,2016-05-25,288,288,True,19,True
AZ_I10_W::137,2016-05,2016-05-26,288,288,True,19,True
AZ_I10_W::137,2016-05,2016-05-27,288,272,False,19,False
AZ_I10_W::137,2016-05,2016-05-30,288,288,True,19,True
AZ_I10_W::137,2016-05,2016-05-31,288,288,True,19,True
AZ_I10_W::137,2016-06,2016-06-01,288,288,True,12,True
AZ_I10_W::137,2016-06,2016-06-02,288,288,True,12,True
AZ_I10_W::137,2016-06,2016-06-03,288,287,False,12,False
AZ_I10_W::137,2016-06,2016-06-06,288,288,True,12,True
AZ_I10_W::137,2016-06,2016-06-07,288,288,True,12,True
AZ_I10_W::137,2016-06,2016-06-08,288,287,False,12,False
AZ_I10_W::137,2016-06,2016-06-09,288,288,True,12,True
AZ_I10_W::137,2016-06,2016-06-10,288,288,True,12,True
AZ_I10_W::137,2016-06,2016-06-13,288,288,True,12,True
AZ_I10_W::137,2016-06,2016-06-14,288,288,True,12,True
AZ_I10_W::137,2016-06,2016-06-15,288,288,True,12,True
AZ_I10_W::137,2016-06,2016-06-16,288,288,True,12,True
AZ_I10_W::137,2016-06,2016-06-17,288,288,True,12,True
AZ_I10_W::137,2016-06,2016-06-20,288,288,True,12,True
AZ_I10_W::137,2016-06,2016-06-21,288,283,False,12,False
AZ_I10_W::137,2016-06,2016-06-22,288,268,False,12,False
AZ_I10_W::137,2016-06,2016-06-23,288,197,False,12,False
AZ_I10_W::137,2016-06,2016-06-24,288,281,False,12,False
AZ_I10_W::137,2016-06,2016-06-27,288,258,False,12,False
AZ_I10_W::137,2016-06,2016-06-28,288,248,False,12,False
AZ_I10_W::137,2016-06,2016-06-29,288,262,False,12,False
AZ_I10_W::137,2016-06,2016-06-30,288,168,False,12,False
AZ_I10_W::137,2016-07,2016-07-01,288,200,False,2,False
AZ_I10_W::137,2016-07,2016-07-04,288,225,False,2,False
AZ_I10_W::137,2016-07,2016-07-05,288,260,False,2,False
AZ_I10_W::137,2016-07,2016-07-06,288,182,False,2,False
AZ_I10_W::137,2016-07,2016-07-07,288,253,False,2,False
AZ_I10_W::137,2016-07,2016-07-08,288,283,False,2,False
AZ_I10_W::137,2016-07,2016-07-11,288,271,False,2,False
AZ_I10_W::137,2016-07,2016-07-12,288,280,False,2,False
AZ_I10_W::137,2016-07,2016-07-13,288,286,False,2,False
AZ_I10_W::137,2016-07,2016-07-14,288,279,False,2,False
AZ_I10_W::137,2016-07,2016-07-15,288,279,False,2,False
AZ_I10_W::137,2016-07,2016-07-18,288,277,False,2,False
AZ_I10_W::137,2016-07,2016-07-19,288,288,True,2,False
AZ_I10_W::137,2016-07,2016-07-20,288,254,False,2,False
AZ_I10_W::137,2016-07,2016-07-21,288,288,True,2,False
AZ_I10_W::137,2016-07,2016-07-22,288,283,False,2,False
AZ_I10_W::137,2016-07,2016-07-25,288,216,False,2,False
AZ_I10_W::137,2016-07,2016-07-26,288,249,False,2,False
AZ_I10_W::137,2016-07,2016-07-28,288,265,False,2,False
AZ_I10_W::137,2016-07,2016-07-29,288,275,False,2,False
AZ_I10_W::137,2016-08,2016-08-01,288,288,True,18,True
AZ_I10_W::137,2016-08,2016-08-02,288,287,False,18,False
AZ_I10_W::137,2016-08,2016-08-03,288,277,False,18,False
AZ_I10_W::137,2016-08,2016-08-04,288,288,True,18,True
AZ_I10_W::137,2016-08,2016-08-05,288,288,True,18,True
AZ_I10_W::137,2016-08,2016-08-08,288,288,True,18,True
AZ_I10_W::137,2016-08,2016-08-09,288,288,True,18,True
AZ_I10_W::137,2016-08,2016-08-10,288,287,False,18,False
AZ_I10_W::137,2016-08,2016-08-11,288,288,True,18,True
AZ_I10_W::137,2016-08,2016-08-12,288,287,False,18,False
AZ_I10_W::137,2016-08,2016-08-15,288,288,True,18,True
AZ_I10_W::137,2016-08,2016-08-16,288,288,True,18,True
AZ_I10_W::137,2016-08,2016-08-17,288,288,True,18,True
AZ_I10_W::137,2016-08,2016-08-18,288,288,True,18,True
AZ_I10_W::137,2016-08,2016-08-19,288,288,True,18,True
AZ_I10_W::137,2016-08,2016-08-22,288,288,True,18,True
AZ_I10_W::137,2016-08,2016-08-23,288,288,True,18,True
AZ_I10_W::137,2016-08,2016-08-24,288,288,True,18,True
AZ_I10_W::137,2016-08,2016-08-25,288,288,True,18,True
AZ_I10_W::137,2016-08,2016-08-26,288,288,True,18,True
AZ_I10_W::137,2016-08,2016-08-29,288,288,True,18,True
AZ_I10_W::137,2016-08,2016-08-30,288,288,True,18,True
AZ_I10_W::137,2016-08,2016-08-31,288,287,False,18,False
AZ_I10_W::137,2016-09,2016-09-01,288,288,True,19,True
AZ_I10_W::137,2016-09,2016-09-02,288,288,True,19,True
AZ_I10_W::137,2016-09,2016-09-05,288,288,True,19,True
AZ_I10_W::137,2016-09,2016-09-06,288,288,True,19,True
AZ_I10_W::137,2016-09,2016-09-07,288,288,True,19,True
AZ_I10_W::137,2016-09,2016-09-08,288,270,False,19,False
AZ_I10_W::137,2016-09,2016-09-09,288,288,True,19,True
AZ_I10_W::137,2016-09,2016-09-12,288,288,True,19,True
AZ_I10_W::137,2016-09,2016-09-13,288,287,False,19,False
AZ_I10_W::137,2016-09,2016-09-14,288,288,True,19,True
AZ_I10_W::137,2016-09,2016-09-15,288,288,True,19,True
AZ_I10_W::137,2016-09,2016-09-16,288,288,True,19,True
AZ_I10_W::137,2016-09,2016-09-19,288,288,True,19,True
AZ_I10_W::137,2016-09,2016-09-20,288,288,True,19,True
AZ_I10_W::137,2016-09,2016-09-21,288,288,True,19,True
AZ_I10_W::137,2016-09,2016-09-22,288,288,True,19,True
AZ_I10_W::137,2016-09,2016-09-23,288,288,True,19,True
AZ_I10_W::137,2016-09,2016-09-26,288,288,True,19,True
AZ_I10_W::137,2016-09,2016-09-27,288,288,True,19,True
AZ_I10_W::137,2016-09,2016-09-28,288,287,False,19,False
AZ_I10_W::137,2016-09,2016-09-29,288,288,True,19,True
AZ_I10_W::137,2016-09,2016-09-30,288,288,True,19,True
AZ_I10_W::137,2016-10,2016-10-03,288,288,True,18,True
AZ_I10_W::137,2016-10,2016-10-04,288,288,True,18,True
AZ_I10_W::137,2016-10,2016-10-05,288,288,True,18,True
AZ_I10_W::137,2016-10,2016-10-06,288,288,True,18,True
AZ_I10_W::137,2016-10,2016-10-07,288,287,False,18,False
AZ_I10_W::137,2016-10,2016-10-10,288,288,True,18,True
AZ_I10_W::137,2016-10,2016-10-11,288,288,True,18,True
AZ_I10_W::137,2016-10,2016-10-12,288,288,True,18,True
AZ_I10_W::137,2016-10,2016-10-13,288,288,True,18,True
AZ_I10_W::137,2016-10,2016-10-14,288,288,True,18,True
AZ_I10_W::137,2016-10,2016-10-17,288,288,True,18,True
AZ_I10_W::137,2016-10,2016-10-18,288,288,True,18,True
AZ_I10_W::137,2016-10,2016-10-19,288,288,True,18,True
AZ_I10_W::137,2016-10,2016-10-20,288,288,True,18,True
AZ_I10_W::137,2016-10,2016-10-21,288,235,False,18,False
AZ_I10_W::137,2016-10,2016-10-24,288,288,True,18,True
AZ_I10_W::137,2016-10,2016-10-25,288,288,True,18,True
AZ_I10_W::137,2016-10,2016-10-26,288,288,True,18,True
AZ_I10_W::137,2016-10,2016-10-27,288,287,False,18,False
AZ_I10_W::137,2016-10,2016-10-28,288,288,True,18,True
AZ_I10_W::137,2016-10,2016-10-31,288,288,True,18,True
AZ_I10_W::137,2016-11,2016-11-01,288,288,True,13,True
AZ_I10_W::137,2016-11,2016-11-02,288,288,True,13,True
AZ_I10_W::137,2016-11,2016-11-03,288,288,True,13,True
AZ_I10_W::137,2016-11,2016-11-04,288,288,True,13,True
AZ_I10_W::137,2016-11,2016-11-07,288,286,False,13,False
AZ_I10_W::137,2016-11,2016-11-08,288,288,True,13,True
AZ_I10_W::137,2016-11,2016-11-09,288,288,True,13,True
AZ_I10_W::137,2016-11,2016-11-10,288,288,True,13,True
AZ_I10_W::137,2016-11,2016-11-11,288,288,True,13,True
AZ_I10_W::137,2016-11,2016-11-14,288,288,True,13,True
AZ_I10_W::137,2016-11,2016-11-15,288,240,False,13,False
AZ_I10_W::137,2016-11,2016-11-16,288,288,True,13,True
AZ_I10_W::137,2016-11,2016-11-17,288,288,True,13,True
AZ_I10_W::137,2016-11,2016-11-18,288,287,False,13,False
AZ_I10_W::137,2016-11,2016-11-21,288,287,False,13,False
AZ_I10_W::137,2016-11,2016-11-22,288,283,False,13,False
AZ_I10_W::137,2016-11,2016-11-23,288,287,False,13,False
AZ_I10_W::137,2016-11,2016-11-24,288,287,False,13,False
AZ_I10_W::137,2016-11,2016-11-25,288,287,False,13,False
AZ_I10_W::137,2016-11,2016-11-28,288,288,True,13,True
AZ_I10_W::137,2016-11,2016-11-29,288,288,True,13,True
AZ_I10_W::137,2016-11,2016-11-30,288,287,False,13,False
AZ_I10_W::137,2016-12,2016-12-01,288,288,True,9,True
AZ_I10_W::137,2016-12,2016-12-02,288,288,True,9,True
AZ_I10_W::137,2016-12,2016-12-05,288,288,True,9,True
AZ_I10_W::137,2016-12,2016-12-06,288,288,True,9,True
AZ_I10_W::137,2016-12,2016-12-07,288,287,False,9,False
AZ_I10_W::137,2016-12,2016-12-08,288,287,False,9,False
AZ_I10_W::137,2016-12,2016-12-09,288,287,False,9,False
AZ_I10_W::137,2016-12,2016-12-12,288,286,False,9,False
AZ_I10_W::137,2016-12,2016-12-13,288,287,False,9,False
AZ_I10_W::137,2016-12,2016-12-14,288,283,False,9,False
AZ_I10_W::137,2016-12,2016-12-15,288,288,True,9,True
AZ_I10_W::137,2016-12,2016-12-16,288,287,False,9,False
AZ_I10_W::137,2016-12,2016-12-19,288,288,True,9,True
AZ_I10_W::137,2016-12,2016-12-20,288,288,True,9,True
AZ_I10_W::137,2016-12,2016-12-21,288,287,False,9,False
AZ_I10_W::137,2016-12,2016-12-22,288,287,False,9,False
AZ_I10_W::137,2016-12,2016-12-23,288,288,True,9,True
AZ_I10_W::137,2016-12,2016-12-26,288,286,False,9,False
AZ_I10_W::137,2016-12,2016-12-27,288,269,False,9,False
AZ_I10_W::137,2016-12,2016-12-28,288,286,False,9,False
AZ_I10_W::137,2016-12,2016-12-29,288,288,True,9,True
AZ_I10_W::137,2016-12,2016-12-30,288,280,False,9,False
AZ_I10_W::139,2016-01,2016-01-01,288,288,True,15,True
AZ_I10_W::139,2016-01,2016-01-04,288,264,False,15,False
AZ_I10_W::139,2016-01,2016-01-05,288,288,True,15,True
AZ_I10_W::139,2016-01,2016-01-06,288,287,False,15,False
AZ_I10_W::139,2016-01,2016-01-07,288,288,True,15,True
AZ_I10_W::139,2016-01,2016-01-08,288,288,True,15,True
AZ_I10_W::139,2016-01,2016-01-11,288,277,False,15,False
AZ_I10_W::139,2016-01,2016-01-12,288,288,True,15,True
AZ_I10_W::139,2016-01,2016-01-13,288,288,True,15,True
AZ_I10_W::139,2016-01,2016-01-14,288,288,True,15,True
AZ_I10_W::139,2016-01,2016-01-15,288,273,False,15,False
AZ_I10_W::139,2016-01,2016-01-18,288,288,True,15,True
AZ_I10_W::139,2016-01,2016-01-19,288,288,True,15,True
AZ_I10_W::139,2016-01,2016-01-20,288,288,True,15,True
AZ_I10_W::139,2016-01,2016-01-21,288,288,True,15,True
AZ_I10_W::139,2016-01,2016-01-22,288,288,True,15,True
AZ_I10_W::139,2016-01,2016-01-25,288,288,True,15,True
AZ_I10_W::139,2016-01,2016-01-26,288,287,False,15,False
AZ_I10_W::139,2016-01,2016-01-27,288,288,True,15,True
AZ_I10_W::139,2016-01,2016-01-28,288,288,True,15,True
AZ_I10_W::139,2016-01,2016-01-29,288,287,False,15,False
AZ_I10_W::139,2016-02,2016-02-01,288,288,True,18,True
AZ_I10_W::139,2016-02,2016-02-02,288,288,True,18,True
AZ_I10_W::139,2016-02,2016-02-03,288,288,True,18,True
AZ_I10_W::139,2016-02,2016-02-04,288,288,True,18,True
AZ_I10_W::139,2016-02,2016-02-08,288,288,True,18,True
AZ_I10_W::139,2016-02,2016-02-09,288,287,False,18,False
AZ_I10_W::139,2016-02,2016-02-10,288,288,True,18,True
AZ_I10_W::139,2016-02,2016-02-11,288,288,True,18,True
AZ_I10_W::139,2016-02,2016-02-12,288,288,True,18,True
AZ_I10_W::139,2016-02,2016-02-15,288,288,True,18,True
AZ_I10_W::139,2016-02,2016-02-16,288,288,True,18,True
AZ_I10_W::139,2016-02,2016-02-17,288,288,True,18,True
AZ_I10_W::139,2016-02,2016-02-18,288,288,True,18,True
AZ_I10_W::139,2016-02,2016-02-19,288,288,True,18,True
AZ_I10_W::139,2016-02,2016-02-22,288,193,False,18,False
AZ_I10_W::139,2016-02,2016-02-23,288,288,True,18,True
AZ_I10_W::139,2016-02,2016-02-24,288,288,True,18,True
AZ_I10_W::139,2016-02,2016-02-25,288,288,True,18,True
AZ_I10_W::139,2016-02,2016-02-26,288,288,True,18,True
AZ_I10_W::139,2016-02,2016-02-29,288,288,True,18,True
AZ_I10_W::139,2016-03,2016-03-01,288,288,True,19,True
AZ_I10_W::139,2016-03,2016-03-02,288,285,False,19,False
AZ_I10_W::139,2016-03,2016-03-03,288,288,True,19,True
AZ_I10_W::139,2016-03,2016-03-04,288,288,True,19,True
AZ_I10_W::139,2016-03,2016-03-07,288,288,True,19,True
AZ_I10_W::139,2016-03,2016-03-08,288,288,True,19,True
AZ_I10_W::139,2016-03,2016-03-09,288,229,False,19,False
AZ_I10_W::139,2016-03,2016-03-11,288,288,True,19,True
AZ_I10_W::139,2016-03,2016-03-14,288,288,True,19,True
AZ_I10_W::139,2016-03,2016-03-15,288,288,True,19,True
AZ_I10_W::139,2016-03,2016-03-16,288,288,True,19,True
AZ_I10_W::139,2016-03,2016-03-17,288,288,True,19,True
AZ_I10_W::139,2016-03,2016-03-18,288,288,True,19,True
AZ_I10_W::139,2016-03,2016-03-21,288,288,True,19,True
AZ_I10_W::139,2016-03,2016-03-22,288,288,True,19,True
AZ_I10_W::139,2016-03,2016-03-23,288,288,True,19,True
AZ_I10_W::139,2016-03,2016-03-24,288,288,True,19,True
AZ_I10_W::139,2016-03,2016-03-25,288,288,True,19,True
AZ_I10_W::139,2016-03,2016-03-28,288,288,True,19,True
AZ_I10_W::139,2016-03,2016-03-29,288,288,True,19,True
AZ_I10_W::139,2016-03,2016-03-30,288,281,False,19,False
AZ_I10_W::139,2016-03,2016-03-31,288,288,True,19,True
AZ_I10_W::139,2016-04,2016-04-01,288,288,True,18,True
AZ_I10_W::139,2016-04,2016-04-04,288,288,True,18,True
AZ_I10_W::139,2016-04,2016-04-05,288,288,True,18,True
AZ_I10_W::139,2016-04,2016-04-06,288,288,True,18,True
AZ_I10_W::139,2016-04,2016-04-07,288,285,False,18,False
AZ_I10_W::139,2016-04,2016-04-08,288,288,True,18,True
AZ_I10_W::139,2016-04,2016-04-11,288,288,True,18,True
AZ_I10_W::139,2016-04,2016-04-12,288,288,True,18,True
AZ_I10_W::139,2016-04,2016-04-13,288,288,True,18,True
AZ_I10_W::139,2016-04,2016-04-14,288,288,True,18,True
AZ_I10_W::139,2016-04,2016-04-15,288,288,True,18,True
AZ_I10_W::139,2016-04,2016-04-18,288,288,True,18,True
AZ_I10_W::139,2016-04,2016-04-19,288,288,True,18,True
AZ_I10_W::139,2016-04,2016-04-20,288,288,True,18,True
AZ_I10_W::139,2016-04,2016-04-21,288,288,True,18,True
AZ_I10_W::139,2016-04,2016-04-22,288,258,False,18,False
AZ_I10_W::139,2016-04,2016-04-25,288,288,True,18,True
AZ_I10_W::139,2016-04,2016-04-26,288,288,True,18,True
AZ_I10_W::139,2016-04,2016-04-27,288,288,True,18,True
AZ_I10_W::139,2016-04,2016-04-28,288,287,False,18,False
AZ_I10_W::139,2016-04,2016-04-29,288,288,True,18,True
AZ_I10_W::139,2016-05,2016-05-02,288,288,True,18,True
AZ_I10_W::139,2016-05,2016-05-03,288,288,True,18,True
AZ_I10_W::139,2016-05,2016-05-04,288,287,False,18,False
AZ_I10_W::139,2016-05,2016-05-05,288,288,True,18,True
AZ_I10_W::139,2016-05,2016-05-06,288,288,True,18,True
AZ_I10_W::139,2016-05,2016-05-09,288,288,True,18,True
AZ_I10_W::139,2016-05,2016-05-10,288,288,True,18,True
AZ_I10_W::139,2016-05,2016-05-11,288,288,True,18,True
AZ_I10_W::139,2016-05,2016-05-12,288,149,False,18,False
AZ_I10_W::139,2016-05,2016-05-13,288,288,True,18,True
AZ_I10_W::139,2016-05,2016-05-16,288,288,True,18,True
AZ_I10_W::139,2016-05,2016-05-17,288,288,True,18,True
AZ_I10_W::139,2016-05,2016-05-18,288,288,True,18,True
AZ_I10_W::139,2016-05,2016-05-19,288,288,True,18,True
AZ_I10_W::139,2016-05,2016-05-20,288,288,True,18,True
AZ_I10_W::139,2016-05,2016-05-23,288,287,False,18,False
AZ_I10_W::139,2016-05,2016-05-24,288,288,True,18,True
AZ_I10_W::139,2016-05,2016-05-25,288,288,True,18,True
AZ_I10_W::139,2016-05,2016-05-26,288,288,True,18,True
AZ_I10_W::139,2016-05,2016-05-27,288,272,False,18,False
AZ_I10_W::139,2016-05,2016-05-30,288,288,True,18,True
AZ_I10_W::139,2016-05,2016-05-31,288,288,True,18,True
AZ_I10_W::139,2016-06,2016-06-01,288,288,True,14,True
AZ_I10_W::139,2016-06,2016-06-02,288,288,True,14,True
AZ_I10_W::139,2016-06,2016-06-03,288,288,True,14,True
AZ_I10_W::139,2016-06,2016-06-06,288,288,True,14,True
AZ_I10_W::139,2016-06,2016-06-07,288,288,True,14,True
AZ_I10_W::139,2016-06,2016-06-08,288,288,True,14,True
AZ_I10_W::139,2016-06,2016-06-09,288,288,True,14,True
AZ_I10_W::139,2016-06,2016-06-10,288,288,True,14,True
AZ_I10_W::139,2016-06,2016-06-13,288,288,True,14,True
AZ_I10_W::139,2016-06,2016-06-14,288,288,True,14,True
AZ_I10_W::139,2016-06,2016-06-15,288,288,True,14,True
AZ_I10_W::139,2016-06,2016-06-16,288,288,True,14,True
AZ_I10_W::139,2016-06,2016-06-17,288,288,True,14,True
AZ_I10_W::139,2016-06,2016-06-20,288,288,True,14,True
AZ_I10_W::139,2016-06,2016-06-21,288,284,False,14,False
AZ_I10_W::139,2016-06,2016-06-22,288,263,False,14,False
AZ_I10_W::139,2016-06,2016-06-23,288,197,False,14,False
AZ_I10_W::139,2016-06,2016-06-24,288,280,False,14,False
AZ_I10_W::139,2016-06,2016-06-27,288,257,False,14,False
AZ_I10_W::139,2016-06,2016-06-28,288,248,False,14,False
AZ_I10_W::139,2016-06,2016-06-29,288,260,False,14,False
AZ_I10_W::139,2016-06,2016-06-30,288,168,False,14,False
AZ_I10_W::139,2016-07,2016-07-01,288,200,False,2,False
AZ_I10_W::139,2016-07,2016-07-04,288,226,False,2,False
AZ_I10_W::139,2016-07,2016-07-05,288,153,False,2,False
AZ_I10_W::139,2016-07,2016-07-06,288,181,False,2,False
AZ_I10_W::139,2016-07,2016-07-07,288,253,False,2,False
AZ_I10_W::139,2016-07,2016-07-08,288,278,False,2,False
AZ_I10_W::139,2016-07,2016-07-11,288,271,False,2,False
AZ_I10_W::139,2016-07,2016-07-12,288,280,False,2,False
AZ_I10_W::139,2016-07,2016-07-13,288,286,False,2,False
AZ_I10_W::139,2016-07,2016-07-14,288,148,False,2,False
AZ_I10_W::139,2016-07,2016-07-15,288,219,False,2,False
AZ_I10_W::139,2016-07,2016-07-18,288,277,False,2,False
AZ_I10_W::139,2016-07,2016-07-19,288,288,True,2,False
AZ_I10_W::139,2016-07,2016-07-20,288,254,False,2,False
AZ_I10_W::139,2016-07,2016-07-21,288,288,True,2,False
AZ_I10_W::139,2016-07,2016-07-22,288,283,False,2,False
AZ_I10_W::139,2016-07,2016-07-25,288,216,False,2,False
AZ_I10_W::139,2016-07,2016-07-26,288,249,False,2,False
AZ_I10_W::139,2016-07,2016-07-28,288,265,False,2,False
AZ_I10_W::139,2016-07,2016-07-29,288,275,False,2,False
AZ_I10_W::139,2016-08,2016-08-01,288,288,True,4,False
AZ_I10_W::139,2016-08,2016-08-02,288,288,True,4,False
AZ_I10_W::139,2016-08,2016-08-03,288,277,False,4,False
AZ_I10_W::139,2016-08,2016-08-04,288,288,True,4,False
AZ_I10_W::139,2016-08,2016-08-05,288,288,True,4,False
AZ_I10_W::139,2016-08,2016-08-08,288,113,False,4,False
AZ_I10_W::139,2016-08,2016-08-09,288,0,False,4,False
AZ_I10_W::139,2016-08,2016-08-10,288,0,False,4,False
AZ_I10_W::139,2016-08,2016-08-11,288,0,False,4,False
AZ_I10_W::139,2016-08,2016-08-12,288,0,False,4,False
AZ_I10_W::139,2016-08,2016-08-15,288,182,False,4,False
AZ_I10_W::139,2016-08,2016-08-16,288,249,False,4,False
AZ_I10_W::139,2016-08,2016-08-17,288,241,False,4,False
AZ_I10_W::139,2016-08,2016-08-18,288,107,False,4,False
AZ_I10_W::139,2016-08,2016-08-19,288,73,False,4,False
AZ_I10_W::139,2016-08,2016-08-22,288,167,False,4,False
AZ_I10_W::139,2016-08,2016-08-23,288,136,False,4,False
AZ_I10_W::139,2016-08,2016-08-24,288,117,False,4,False
AZ_I10_W::139,2016-08,2016-08-25,288,121,False,4,False
AZ_I10_W::139,2016-08,2016-08-26,288,40,False,4,False
AZ_I10_W::139,2016-08,2016-08-29,288,64,False,4,False
AZ_I10_W::139,2016-08,2016-08-30,288,44,False,4,False
AZ_I10_W::139,2016-09,2016-09-27,288,100,False,0,False
AZ_I10_W::139,2016-09,2016-09-28,288,231,False,0,False
AZ_I10_W::139,2016-09,2016-09-29,288,237,False,0,False
AZ_I10_W::139,2016-09,2016-09-30,288,261,False,0,False
AZ_I10_W::139,2016-10,2016-10-03,288,240,False,0,False
AZ_I10_W::139,2016-10,2016-10-04,288,244,False,0,False
AZ_I10_W::139,2016-10,2016-10-05,288,229,False,0,False
AZ_I10_W::139,2016-10,2016-10-06,288,205,False,0,False
AZ_I10_W::139,2016-10,2016-10-07,288,235,False,0,False
AZ_I10_W::139,2016-10,2016-10-10,288,151,False,0,False
AZ_I10_W::139,2016-10,2016-10-11,288,138,False,0,False
AZ_I10_W::139,2016-10,2016-10-12,288,137,False,0,False
AZ_I10_W::139,2016-10,2016-10-13,288,82,False,0,False
AZ_I10_W::139,2016-10,2016-10-14,288,66,False,0,False
AZ_I10_W::139,2016-10,2016-10-17,288,43,False,0,False
AZ_I10_W::139,2016-10,2016-10-18,288,74,False,0,False
AZ_I10_W::139,2016-10,2016-10-19,288,96,False,0,False
AZ_I10_W::139,2016-10,2016-10-20,288,82,False,0,False
AZ_I10_W::139,2016-10,2016-10-21,288,19,False,0,False
AZ_I10_W::139,2016-10,2016-10-24,288,3,False,0,False
AZ_I10_W::139,2016-10,2016-10-25,288,3,False,0,False
AZ_I10_W::139,2016-10,2016-10-26,288,12,False,0,False
AZ_I10_W::139,2016-10,2016-10-27,288,2,False,0,False
AZ_I10_W::139,2016-10,2016-10-28,288,8,False,0,False
AZ_I10_W::139,2016-10,2016-10-31,288,51,False,0,False
AZ_I10_W::139,2016-11,2016-11-01,288,156,False,0,False
AZ_I10_W::139,2016-11,2016-11-02,288,242,False,0,False
AZ_I10_W::139,2016-11,2016-11-03,288,251,False,0,False
AZ_I10_W::139,2016-11,2016-11-04,288,216,False,0,False
AZ_I10_W::139,2016-11,2016-11-07,288,56,False,0,False
AZ_I10_W::139,2016-11,2016-11-08,288,221,False,0,False
AZ_I10_W::139,2016-11,2016-11-09,288,175,False,0,False
AZ_I10_W::139,2016-11,2016-11-10,288,0,False,0,False
AZ_I10_W::139,2016-11,2016-11-11,288,0,False,0,False
AZ_I10_W::139,2016-11,2016-11-14,288,0,False,0,False
AZ_I10_W::139,2016-11,2016-11-15,288,0,False,0,False
AZ_I10_W::139,2016-11,2016-11-16,288,0,False,0,False
AZ_I10_W::139,2016-11,2016-11-17,288,0,False,0,False
AZ_I10_W::139,2016-11,2016-11-18,288,0,False,0,False
AZ_I10_W::139,2016-11,2016-11-21,288,0,False,0,False
AZ_I10_W::139,2016-11,2016-11-22,288,0,False,0,False
AZ_I10_W::139,2016-11,2016-11-23,288,1,False,0,False
AZ_I10_W::139,2016-11,2016-11-24,288,0,False,0,False
AZ_I10_W::139,2016-11,2016-11-25,288,0,False,0,False
AZ_I10_W::139,2016-11,2016-11-28,288,160,False,0,False
AZ_I10_W::139,2016-11,2016-11-29,288,48,False,0,False
AZ_I10_W::139,2016-11,2016-11-30,288,0,False,0,False
AZ_I10_W::139,2016-12,2016-12-01,288,0,False,0,False
AZ_I10_W::139,2016-12,2016-12-02,288,0,False,0,False
AZ_I10_W::139,2016-12,2016-12-05,288,0,False,0,False
AZ_I10_W::139,2016-12,2016-12-06,288,0,False,0,False
AZ_I10_W::139,2016-12,2016-12-07,288,0,False,0,False
AZ_I10_W::139,2016-12,2016-12-08,288,0,False,0,False
AZ_I10_W::139,2016-12,2016-12-09,288,0,False,0,False
AZ_I10_W::139,2016-12,2016-12-12,288,0,False,0,False
AZ_I10_W::139,2016-12,2016-12-13,288,0,False,0,False
AZ_I10_W::139,2016-12,2016-12-14,288,0,False,0,False
AZ_I10_W::139,2016-12,2016-12-15,288,1,False,0,False
AZ_I10_W::139,2016-12,2016-12-16,288,0,False,0,False
AZ_I10_W::139,2016-12,2016-12-19,288,0,False,0,False
AZ_I10_W::139,2016-12,2016-12-20,288,0,False,0,False
AZ_I10_W::139,2016-12,2016-12-21,288,0,False,0,False
AZ_I10_W::139,2016-12,2016-12-22,288,0,False,0,False
AZ_I10_W::139,2016-12,2016-12-23,288,0,False,0,False
AZ_I10_W::139,2016-12,2016-12-26,288,0,False,0,False
AZ_I10_W::139,2016-12,2016-12-27,288,0,False,0,False
AZ_I10_W::139,2016-12,2016-12-28,288,0,False,0,False
AZ_I10_W::139,2016-12,2016-12-29,288,0,False,0,False
AZ_I10_W::139,2016-12,2016-12-30,288,0,False,0,False
AZ_I10_W::141,2016-01,2016-01-01,288,288,True,10,True
AZ_I10_W::141,2016-01,2016-01-04,288,268,False,10,False
AZ_I10_W::141,2016-01,2016-01-05,288,288,True,10,True
AZ_I10_W::141,2016-01,2016-01-06,288,288,True,10,True
AZ_I10_W::141,2016-01,2016-01-07,288,288,True,10,True
AZ_I10_W::141,2016-01,2016-01-08,288,288,True,10,True
AZ_I10_W::141,2016-01,2016-01-11,288,277,False,10,False
AZ_I10_W::141,2016-01,2016-01-12,288,287,False,10,False
AZ_I10_W::141,2016-01,2016-01-13,288,288,True,10,True
AZ_I10_W::141,2016-01,2016-01-14,288,287,False,10,False
AZ_I10_W::141,2016-01,2016-01-15,288,273,False,10,False
AZ_I10_W::141,2016-01,2016-01-18,288,288,True,10,True
AZ_I10_W::141,2016-01,2016-01-19,288,288,True,10,True
AZ_I10_W::141,2016-01,2016-01-20,288,287,False,10,False
AZ_I10_W::141,2016-01,2016-01-21,288,287,False,10,False
AZ_I10_W::141,2016-01,2016-01-22,288,288,True,10,True
AZ_I10_W::141,2016-01,2016-01-25,288,287,False,10,False
AZ_I10_W::141,2016-01,2016-01-26,288,287,False,10,False
AZ_I10_W::141,2016-01,2016-01-27,288,287,False,10,False
AZ_I10_W::141,2016-01,2016-01-28,288,288,True,10,True
AZ_I10_W::141,2016-01,2016-01-29,288,287,False,10,False
AZ_I10_W::141,2016-02,2016-02-01,288,288,True,13,True
AZ_I10_W::141,2016-02,2016-02-02,288,288,True,13,True
AZ_I10_W::141,2016-02,2016-02-03,288,288,True,13,True
AZ_I10_W::141,2016-02,2016-02-04,288,288,True,13,True
AZ_I10_W::141,2016-02,2016-02-08,288,288,True,13,True
AZ_I10_W::141,2016-02,2016-02-09,288,288,True,13,True
AZ_I10_W::141,2016-02,2016-02-10,288,288,True,13,True
AZ_I10_W::141,2016-02,2016-02-11,288,288,True,13,True
AZ_I10_W::141,2016-02,2016-02-12,288,288,True,13,True
AZ_I10_W::141,2016-02,2016-02-15,288,286,False,13,False
AZ_I10_W::141,2016-02,2016-02-16,288,287,False,13,False
AZ_I10_W::141,2016-02,2016-02-17,288,288,True,13,True
AZ_I10_W::141,2016-02,2016-02-18,288,287,False,13,False
AZ_I10_W::141,2016-02,2016-02-19,288,286,False,13,False
AZ_I10_W::141,2016-02,2016-02-22,288,193,False,13,False
AZ_I10_W::141,2016-02,2016-02-23,288,288,True,13,True
AZ_I10_W::141,2016-02,2016-02-24,288,287,False,13,False
AZ_I10_W::141,2016-02,2016-02-25,288,288,True,13,True
AZ_I10_W::141,2016-02,2016-02-26,288,287,False,13,False
AZ_I10_W::141,2016-02,2016-02-29,288,288,True,13,True
AZ_I10_W::141,2016-03,2016-03-01,288,288,True,19,True
AZ_I10_W::141,2016-03,2016-03-02,288,288,True,19,True
AZ_I10_W::141,2016-03,2016-03-03,288,288,True,19,True
AZ_I10_W::141,2016-03,2016-03-04,288,288,True,19,True
AZ_I10_W::141,2016-03,2016-03-07,288,288,True,19,True
AZ_I10_W::141,2016-03,2016-03-08,288,288,True,19,True
AZ_I10_W::141,2016-03,2016-03-09,288,268,False,19,False
AZ_I10_W::141,2016-03,2016-03-11,288,288,True,19,True
AZ_I10_W::141,2016-03,2016-03-14,288,288,True,19,True
AZ_I10_W::141,2016-03,2016-03-15,288,288,True,19,True
AZ_I10_W::141,2016-03,2016-03-16,288,288,True,19,True
AZ_I10_W::141,2016-03,2016-03-17,288,288,True,19,True
AZ_I10_W::141,2016-03,2016-03-18,288,288,True,19,True
AZ_I10_W::141,2016-03,2016-03-21,288,288,True,19,True
AZ_I10_W::141,2016-03,2016-03-22,288,288,True,19,True
AZ_I10_W::141,2016-03,2016-03-23,288,288,True,19,True
AZ_I10_W::141,2016-03,2016-03-24,288,288,True,19,True
AZ_I10_W::141,2016-03,2016-03-25,288,288,True,19,True
AZ_I10_W::141,2016-03,2016-03-28,288,288,True,19,True
AZ_I10_W::141,2016-03,2016-03-29,288,288,True,19,True
AZ_I10_W::141,2016-03,2016-03-30,288,281,False,19,False
AZ_I10_W::141,2016-03,2016-03-31,288,287,False,19,False
AZ_I10_W::141,2016-04,2016-04-01,288,288,True,13,True
AZ_I10_W::141,2016-04,2016-04-04,288,288,True,13,True
AZ_I10_W::141,2016-04,2016-04-05,288,288,True,13,True
AZ_I10_W::141,2016-04,2016-04-06,288,288,True,13,True
AZ_I10_W::141,2016-04,2016-04-07,288,285,False,13,False
AZ_I10_W::141,2016-04,2016-04-08,288,288,True,13,True
AZ_I10_W::141,2016-04,2016-04-11,288,288,True,13,True
AZ_I10_W::141,2016-04,2016-04-12,288,288,True,13,True
AZ_I10_W::141,2016-04,2016-04-13,288,287,False,13,False
AZ_I10_W::141,2016-04,2016-04-14,288,288,True,13,True
AZ_I10_W::141,2016-04,2016-04-15,288,287,False,13,False
AZ_I10_W::141,2016-04,2016-04-18,288,287,False,13,False
AZ_I10_W::141,2016-04,2016-04-19,288,288,True,13,True
AZ_I10_W::141,2016-04,2016-04-20,288,288,True,13,True
AZ_I10_W::141,2016-04,2016-04-21,288,288,True,13,True
AZ_I10_W::141,2016-04,2016-04-22,288,258,False,13,False
AZ_I10_W::141,2016-04,2016-04-25,288,288,True,13,True
AZ_I10_W::141,2016-04,2016-04-26,288,287,False,13,False
AZ_I10_W::141,2016-04,2016-04-27,288,288,True,13,True
AZ_I10_W::141,2016-04,2016-04-28,288,95,False,13,False
AZ_I10_W::141,2016-05,2016-05-06,288,118,False,12,False
AZ_I10_W::141,2016-05,2016-05-09,288,288,True,12,True
AZ_I10_W::141,2016-05,2016-05-10,288,288,True,12,True
AZ_I10_W::141,2016-05,2016-05-11,288,287,False,12,False
AZ_I10_W::141,2016-05,2016-05-12,288,149,False,12,False
AZ_I10_W::141,2016-05,2016-05-13,288,288,True,12,True
AZ_I10_W::141,2016-05,2016-05-16,288,288,True,12,True
AZ_I10_W::141,2016-05,2016-05-17,288,287,False,12,False
AZ_I10_W::141,2016-05,2016-05-18,288,288,True,12,True
AZ_I10_W::141,2016-05,2016-05-19,288,287,False,12,False
AZ_I10_W::141,2016-05,2016-05-20,288,288,True,12,True
AZ_I10_W::141,2016-05,2016-05-23,288,288,True,12,True
AZ_I10_W::141,2016-05,2016-05-24,288,288,True,12,True
AZ_I10_W::141,2016-05,2016-05-25,288,288,True,12,True
AZ_I10_W::141,2016-05,2016-05-26,288,288,True,12,True
AZ_I10_W::141,2016-05,2016-05-27,288,272,False,12,False
AZ_I10_W::141,2016-05,2016-05-30,288,288,True,12,True
AZ_I10_W::141,2016-05,2016-05-31,288,288,True,12,True
AZ_I10_W::141,2016-06,2016-06-01,288,288,True,12,True
AZ_I10_W::141,2016-06,2016-06-02,288,287,False,12,False
AZ_I10_W::141,2016-06,2016-06-03,288,288,True,12,True
AZ_I10_W::141,2016-06,2016-06-06,288,288,True,12,True
AZ_I10_W::141,2016-06,2016-06-07,288,287,False,12,False
AZ_I10_W::141,2016-06,2016-06-08,288,288,True,12,True
AZ_I10_W::141,2016-06,2016-06-09,288,288,True,12,True
AZ_I10_W::141,2016-06,2016-06-10,288,288,True,12,True
AZ_I10_W::141,2016-06,2016-06-13,288,288,True,12,True
AZ_I10_W::141,2016-06,2016-06-14,288,288,True,12,True
AZ_I10_W::141,2016-06,2016-06-15,288,288,True,12,True
AZ_I10_W::141,2016-06,2016-06-16,288,288,True,12,True
AZ_I10_W::141,2016-06,2016-06-17,288,288,True,12,True
AZ_I10_W::141,2016-06,2016-06-20,288,288,True,12,True
AZ_I10_W::141,2016-06,2016-06-21,288,284,False,12,False
AZ_I10_W::141,2016-06,2016-06-22,288,268,False,12,False
AZ_I10_W::141,2016-06,2016-06-23,288,217,False,12,False
AZ_I10_W::141,2016-06,2016-06-24,288,277,False,12,False
AZ_I10_W::141,2016-06,2016-06-27,288,252,False,12,False
AZ_I10_W::141,2016-06,2016-06-28,288,246,False,12,False
AZ_I10_W::141,2016-06,2016-06-29,288,256,False,12,False
AZ_I10_W::141,2016-06,2016-06-30,288,165,False,12,False
AZ_I10_W::141,2016-07,2016-07-01,288,190,False,2,False
AZ_I10_W::141,2016-07,2016-07-04,288,224,False,2,False
AZ_I10_W::141,2016-07,2016-07-05,288,266,False,2,False
AZ_I10_W::141,2016-07,2016-07-06,288,171,False,2,False
AZ_I10_W::141,2016-07,2016-07-07,288,252,False,2,False
AZ_I10_W::141,2016-07,2016-07-08,288,283,False,2,False
AZ_I10_W::141,2016-07,2016-07-11,288,271,False,2,False
AZ_I10_W::141,2016-07,2016-07-12,288,280,False,2,False
AZ_I10_W::141,2016-07,2016-07-13,288,286,False,2,False
AZ_I10_W::141,2016-07,2016-07-14,288,284,False,2,False
AZ_I10_W::141,2016-07,2016-07-15,288,279,False,2,False
AZ_I10_W::141,2016-07,2016-07-18,288,262,False,2,False
AZ_I10_W::141,2016-07,2016-07-19,288,288,True,2,False
AZ_I10_W::141,2016-07,2016-07-20,288,253,False,2,False
AZ_I10_W::141,2016-07,2016-07-21,288,288,True,2,False
AZ_I10_W::141,2016-07,2016-07-22,288,283,False,2,False
AZ_I10_W::141,2016-07,2016-07-25,288,216,False,2,False
AZ_I10_W::141,2016-07,2016-07-26,288,249,False,2,False
AZ_I10_W::141,2016-07,2016-07-28,288,265,False,2,False
AZ_I10_W::141,2016-07,2016-07-29,288,275,False,2,False
AZ_I10_W::141,2016-08,2016-08-01,288,288,True,17,True
AZ_I10_W::141,2016-08,2016-08-02,288,283,False,17,False
AZ_I10_W::141,2016-08,2016-08-03,288,277,False,17,False
AZ_I10_W::141,2016-08,2016-08-04,288,287,False,17,False
AZ_I10_W::141,2016-08,2016-08-05,288,288,True,17,True
AZ_I10_W::141,2016-08,2016-08-08,288,288,True,17,True
AZ_I10_W::141,2016-08,2016-08-09,288,288,True,17,True
AZ_I10_W::141,2016-08,2016-08-10,288,288,True,17,True
AZ_I10_W::141,2016-08,2016-08-11,288,288,True,17,True
AZ_I10_W::141,2016-08,2016-08-12,288,288,True,17,True
AZ_I10_W::141,2016-08,2016-08-15,288,288,True,17,True
AZ_I10_W::141,2016-08,2016-08-16,288,288,True,17,True
AZ_I10_W::141,2016-08,2016-08-17,288,287,False,17,False
AZ_I10_W::141,2016-08,2016-08-18,288,288,True,17,True
AZ_I10_W::141,2016-08,2016-08-19,288,288,True,17,True
AZ_I10_W::141,2016-08,2016-08-22,288,288,True,17,True
AZ_I10_W::141,2016-08,2016-08-23,288,288,True,17,True
AZ_I10_W::141,2016-08,2016-08-24,288,287,False,17,False
AZ_I10_W::141,2016-08,2016-08-25,288,287,False,17,False
AZ_I10_W::141,2016-08,2016-08-26,288,288,True,17,True
AZ_I10_W::141,2016-08,2016-08-29,288,288,True,17,True
AZ_I10_W::141,2016-08,2016-08-30,288,288,True,17,True
AZ_I10_W::141,2016-08,2016-08-31,288,288,True,17,True
AZ_I10_W::141,2016-09,2016-09-01,288,287,False,14,False
AZ_I10_W::141,2016-09,2016-09-02,288,288,True,14,True
AZ_I10_W::141,2016-09,2016-09-05,288,288,True,14,True
AZ_I10_W::141,2016-09,2016-09-06,288,288,True,14,True
AZ_I10_W::141,2016-09,2016-09-07,288,287,False,14,False
AZ_I10_W::141,2016-09,2016-09-08,288,271,False,14,False
AZ_I10_W::141,2016-09,2016-09-09,288,288,True,14,True
AZ_I10_W::141,2016-09,2016-09-12,288,288,True,14,True
AZ_I10_W::141,2016-09,2016-09-13,288,287,False,14,False
AZ_I10_W::141,2016-09,2016-09-14,288,288,True,14,True
AZ_I10_W::141,2016-09,2016-09-15,288,287,False,14,False
AZ_I10_W::141,2016-09,2016-09-16,288,288,True,14,True
AZ_I10_W::141,2016-09,2016-09-19,288,286,False,14,False
AZ_I10_W::141,2016-09,2016-09-20,288,287,False,14,False
AZ_I10_W::141,2016-09,2016-09-21,288,288,True,14,True
AZ_I10_W::141,2016-09,2016-09-22,288,287,False,14,False
AZ_I10_W::141,2016-09,2016-09-23,288,288,True,14,True
AZ_I10_W::141,2016-09,2016-09-26,288,288,True,14,True
AZ_I10_W::141,2016-09,2016-09-27,288,288,True,14,True
AZ_I10_W::141,2016-09,2016-09-28,288,288,True,14,True
AZ_I10_W::141,2016-09,2016-09-29,288,288,True,14,True
AZ_I10_W::141,2016-09,2016-09-30,288,288,True,14,True
AZ_I10_W::141,2016-10,2016-10-03,288,288,True,12,True
AZ_I10_W::141,2016-10,2016-10-04,288,288,True,12,True
AZ_I10_W::141,2016-10,2016-10-05,288,288,True,12,True
AZ_I10_W::141,2016-10,2016-10-06,288,287,False,12,False
AZ_I10_W::141,2016-10,2016-10-07,288,286,False,12,False
AZ_I10_W::141,2016-10,2016-10-10,288,288,True,12,True
AZ_I10_W::141,2016-10,2016-10-11,288,286,False,12,False
AZ_I10_W::141,2016-10,2016-10-12,288,288,True,12,True
AZ_I10_W::141,2016-10,2016-10-13,288,288,True,12,True
AZ_I10_W::141,2016-10,2016-10-14,288,288,True,12,True
AZ_I10_W::141,2016-10,2016-10-17,288,288,True,12,True
AZ_I10_W::141,2016-10,2016-10-18,288,288,True,12,True
AZ_I10_W::141,2016-10,2016-10-19,288,287,False,12,False
AZ_I10_W::141,2016-10,2016-10-20,288,260,False,12,False
AZ_I10_W::141,2016-10,2016-10-21,288,277,False,12,False
AZ_I10_W::141,2016-10,2016-10-24,288,288,True,12,True
AZ_I10_W::141,2016-10,2016-10-25,288,288,True,12,True
AZ_I10_W::141,2016-10,2016-10-26,288,286,False,12,False
AZ_I10_W::141,2016-10,2016-10-27,288,287,False,12,False
AZ_I10_W::141,2016-10,2016-10-28,288,287,False,12,False
AZ_I10_W::141,2016-10,2016-10-31,288,288,True,12,True
AZ_I10_W::141,2016-11,2016-11-01,288,288,True,13,True
AZ_I10_W::141,2016-11,2016-11-02,288,288,True,13,True
AZ_I10_W::141,2016-11,2016-11-03,288,288,True,13,True
AZ_I10_W::141,2016-11,2016-11-04,288,288,True,13,True
AZ_I10_W::141,2016-11,2016-11-07,288,286,False,13,False
AZ_I10_W::141,2016-11,2016-11-08,288,288,True,13,True
AZ_I10_W::141,2016-11,2016-11-09,288,288,True,13,True
AZ_I10_W::141,2016-11,2016-11-10,288,288,True,13,True
AZ_I10_W::141,2016-11,2016-11-11,288,288,True,13,True
AZ_I10_W::141,2016-11,2016-11-14,288,288,True,13,True
AZ_I10_W::141,2016-11,2016-11-15,288,288,True,13,True
AZ_I10_W::141,2016-11,2016-11-16,288,287,False,13,False
AZ_I10_W::141,2016-11,2016-11-17,288,288,True,13,True
AZ_I10_W::141,2016-11,2016-11-18,288,286,False,13,False
AZ_I10_W::141,2016-11,2016-11-21,288,287,False,13,False
AZ_I10_W::141,2016-11,2016-11-22,288,283,False,13,False
AZ_I10_W::141,2016-11,2016-11-23,288,287,False,13,False
AZ_I10_W::141,2016-11,2016-11-24,288,287,False,13,False
AZ_I10_W::141,2016-11,2016-11-25,288,287,False,13,False
AZ_I10_W::141,2016-11,2016-11-28,288,288,True,13,True
AZ_I10_W::141,2016-11,2016-11-29,288,288,True,13,True
AZ_I10_W::141,2016-11,2016-11-30,288,287,False,13,False
AZ_I10_W::141,2016-12,2016-12-01,288,288,True,9,True
AZ_I10_W::141,2016-12,2016-12-02,288,288,True,9,True
AZ_I10_W::141,2016-12,2016-12-05,288,288,True,9,True
AZ_I10_W::141,2016-12,2016-12-06,288,288,True,9,True
AZ_I10_W::141,2016-12,2016-12-07,288,287,False,9,False
AZ_I10_W::141,2016-12,2016-12-08,288,287,False,9,False
AZ_I10_W::141,2016-12,2016-12-09,288,287,False,9,False
AZ_I10_W::141,2016-12,2016-12-12,288,286,False,9,False
AZ_I10_W::141,2016-12,2016-12-13,288,286,False,9,False
AZ_I10_W::141,2016-12,2016-12-14,288,282,False,9,False
AZ_I10_W::141,2016-12,2016-12-15,288,288,True,9,True
AZ_I10_W::141,2016-12,2016-12-16,288,288,True,9,True
AZ_I10_W::141,2016-12,2016-12-19,288,288,True,9,True
AZ_I10_W::141,2016-12,2016-12-20,288,287,False,9,False
AZ_I10_W::141,2016-12,2016-12-21,288,287,False,9,False
AZ_I10_W::141,2016-12,2016-12-22,288,287,False,9,False
AZ_I10_W::141,2016-12,2016-12-23,288,288,True,9,True
AZ_I10_W::141,2016-12,2016-12-26,288,286,False,9,False
AZ_I10_W::141,2016-12,2016-12-27,288,267,False,9,False
AZ_I10_W::141,2016-12,2016-12-28,288,287,False,9,False
AZ_I10_W::141,2016-12,2016-12-29,288,288,True,9,True
AZ_I10_W::141,2016-12,2016-12-30,288,280,False,9,False
AZ_I10_W::78,2016-01,2016-01-01,288,288,True,13,True
AZ_I10_W::78,2016-01,2016-01-04,288,267,False,13,False
AZ_I10_W::78,2016-01,2016-01-05,288,286,False,13,False
AZ_I10_W::78,2016-01,2016-01-06,288,288,True,13,True
AZ_I10_W::78,2016-01,2016-01-07,288,285,False,13,False
AZ_I10_W::78,2016-01,2016-01-08,288,288,True,13,True
AZ_I10_W::78,2016-01,2016-01-11,288,277,False,13,False
AZ_I10_W::78,2016-01,2016-01-12,288,288,True,13,True
AZ_I10_W::78,2016-01,2016-01-13,288,288,True,13,True
AZ_I10_W::78,2016-01,2016-01-14,288,288,True,13,True
AZ_I10_W::78,2016-01,2016-01-15,288,272,False,13,False
AZ_I10_W::78,2016-01,2016-01-18,288,288,True,13,True
AZ_I10_W::78,2016-01,2016-01-19,288,287,False,13,False
AZ_I10_W::78,2016-01,2016-01-20,288,288,True,13,True
AZ_I10_W::78,2016-01,2016-01-21,288,288,True,13,True
AZ_I10_W::78,2016-01,2016-01-22,288,288,True,13,True
AZ_I10_W::78,2016-01,2016-01-25,288,288,True,13,True
AZ_I10_W::78,2016-01,2016-01-26,288,287,False,13,False
AZ_I10_W::78,2016-01,2016-01-27,288,288,True,13,True
AZ_I10_W::78,2016-01,2016-01-28,288,288,True,13,True
AZ_I10_W::78,2016-01,2016-01-29,288,287,False,13,False
AZ_I10_W::78,2016-02,2016-02-01,288,288,True,19,True
AZ_I10_W::78,2016-02,2016-02-02,288,288,True,19,True
AZ_I10_W::78,2016-02,2016-02-03,288,288,True,19,True
AZ_I10_W::78,2016-02,2016-02-04,288,288,True,19,True
AZ_I10_W::78,2016-02,2016-02-08,288,288,True,19,True
AZ_I10_W::78,2016-02,2016-02-09,288,288,True,19,True
AZ_I10_W::78,2016-02,2016-02-10,288,288,True,19,True
AZ_I10_W::78,2016-02,2016-02-11,288,288,True,19,True
AZ_I10_W::78,2016-02,2016-02-12,288,288,True,19,True
AZ_I10_W::78,2016-02,2016-02-15,288,288,True,19,True
AZ_I10_W::78,2016-02,2016-02-16,288,288,True,19,True
AZ_I10_W::78,2016-02,2016-02-17,288,288,True,19,True
AZ_I10_W::78,2016-02,2016-02-18,288,288,True,19,True
AZ_I10_W::78,2016-02,2016-02-19,288,288,True,19,True
AZ_I10_W::78,2016-02,2016-02-22,288,193,False,19,False
AZ_I10_W::78,2016-02,2016-02-23,288,288,True,19,True
AZ_I10_W::78,2016-02,2016-02-24,288,288,True,19,True
AZ_I10_W::78,2016-02,2016-02-25,288,288,True,19,True
AZ_I10_W::78,2016-02,2016-02-26,288,288,True,19,True
AZ_I10_W::78,2016-02,2016-02-29,288,288,True,19,True
AZ_I10_W::78,2016-03,2016-03-01,288,288,True,20,True
AZ_I10_W::78,2016-03,2016-03-02,288,288,True,20,True
AZ_I10_W::78,2016-03,2016-03-03,288,288,True,20,True
AZ_I10_W::78,2016-03,2016-03-04,288,288,True,20,True
AZ_I10_W::78,2016-03,2016-03-07,288,288,True,20,True
AZ_I10_W::78,2016-03,2016-03-08,288,288,True,20,True
AZ_I10_W::78,2016-03,2016-03-09,288,268,False,20,False
AZ_I10_W::78,2016-03,2016-03-11,288,288,True,20,True
AZ_I10_W::78,2016-03,2016-03-14,288,288,True,20,True
AZ_I10_W::78,2016-03,2016-03-15,288,288,True,20,True
AZ_I10_W::78,2016-03,2016-03-16,288,288,True,20,True
AZ_I10_W::78,2016-03,2016-03-17,288,288,True,20,True
AZ_I10_W::78,2016-03,2016-03-18,288,288,True,20,True
AZ_I10_W::78,2016-03,2016-03-21,288,288,True,20,True
AZ_I10_W::78,2016-03,2016-03-22,288,288,True,20,True
AZ_I10_W::78,2016-03,2016-03-23,288,288,True,20,True
AZ_I10_W::78,2016-03,2016-03-24,288,288,True,20,True
AZ_I10_W::78,2016-03,2016-03-25,288,288,True,20,True
AZ_I10_W::78,2016-03,2016-03-28,288,288,True,20,True
AZ_I10_W::78,2016-03,2016-03-29,288,288,True,20,True
AZ_I10_W::78,2016-03,2016-03-30,288,281,False,20,False
AZ_I10_W::78,2016-03,2016-03-31,288,288,True,20,True
AZ_I10_W::78,2016-04,2016-04-01,288,288,True,18,True
AZ_I10_W::78,2016-04,2016-04-04,288,288,True,18,True
AZ_I10_W::78,2016-04,2016-04-05,288,288,True,18,True
AZ_I10_W::78,2016-04,2016-04-06,288,288,True,18,True
AZ_I10_W::78,2016-04,2016-04-07,288,285,False,18,False
AZ_I10_W::78,2016-04,2016-04-08,288,288,True,18,True
AZ_I10_W::78,2016-04,2016-04-11,288,288,True,18,True
AZ_I10_W::78,2016-04,2016-04-12,288,288,True,18,True
AZ_I10_W::78,2016-04,2016-04-13,288,288,True,18,True
AZ_I10_W::78,2016-04,2016-04-14,288,288,True,18,True
AZ_I10_W::78,2016-04,2016-04-15,288,288,True,18,True
AZ_I10_W::78,2016-04,2016-04-18,288,288,True,18,True
AZ_I10_W::78,2016-04,2016-04-19,288,288,True,18,True
AZ_I10_W::78,2016-04,2016-04-20,288,288,True,18,True
AZ_I10_W::78,2016-04,2016-04-21,288,288,True,18,True
AZ_I10_W::78,2016-04,2016-04-22,288,258,False,18,False
AZ_I10_W::78,2016-04,2016-04-25,288,288,True,18,True
AZ_I10_W::78,2016-04,2016-04-26,288,288,True,18,True
AZ_I10_W::78,2016-04,2016-04-27,288,288,True,18,True
AZ_I10_W::78,2016-04,2016-04-28,288,287,False,18,False
AZ_I10_W::78,2016-04,2016-04-29,288,288,True,18,True
AZ_I10_W::78,2016-05,2016-05-02,288,288,True,19,True
AZ_I10_W::78,2016-05,2016-05-03,288,288,True,19,True
AZ_I10_W::78,2016-05,2016-05-04,288,287,False,19,False
AZ_I10_W::78,2016-05,2016-05-05,288,288,True,19,True
AZ_I10_W::78,2016-05,2016-05-06,288,288,True,19,True
AZ_I10_W::78,2016-05,2016-05-09,288,288,True,19,True
AZ_I10_W::78,2016-05,2016-05-10,288,288,True,19,True
AZ_I10_W::78,2016-05,2016-05-11,288,288,True,19,True
AZ_I10_W::78,2016-05,2016-05-12,288,149,False,19,False
AZ_I10_W::78,2016-05,2016-05-13,288,288,True,19,True
AZ_I10_W::78,2016-05,2016-05-16,288,288,True,19,True
AZ_I10_W::78,2016-05,2016-05-17,288,288,True,19,True
AZ_I10_W::78,2016-05,2016-05-18,288,288,True,19,True
AZ_I10_W::78,2016-05,2016-05-19,288,288,True,19,True
AZ_I10_W::78,2016-05,2016-05-20,288,288,True,19,True
AZ_I10_W::78,2016-05,2016-05-23,288,288,True,19,True
AZ_I10_W::78,2016-05,2016-05-24,288,288,True,19,True
AZ_I10_W::78,2016-05,2016-05-25,288,288,True,19,True
AZ_I10_W::78,2016-05,2016-05-26,288,288,True,19,True
AZ_I10_W::78,2016-05,2016-05-27,288,272,False,19,False
AZ_I10_W::78,2016-05,2016-05-30,288,288,True,19,True
AZ_I10_W::78,2016-05,2016-05-31,288,288,True,19,True
AZ_I10_W::78,2016-06,2016-06-01,288,288,True,14,True
AZ_I10_W::78,2016-06,2016-06-02,288,288,True,14,True
AZ_I10_W::78,2016-06,2016-06-03,288,288,True,14,True
AZ_I10_W::78,2016-06,2016-06-06,288,288,True,14,True
AZ_I10_W::78,2016-06,2016-06-07,288,288,True,14,True
AZ_I10_W::78,2016-06,2016-06-08,288,288,True,14,True
AZ_I10_W::78,2016-06,2016-06-09,288,288,True,14,True
AZ_I10_W::78,2016-06,2016-06-10,288,288,True,14,True
AZ_I10_W::78,2016-06,2016-06-13,288,288,True,14,True
AZ_I10_W::78,2016-06,2016-06-14,288,288,True,14,True
AZ_I10_W::78,2016-06,2016-06-15,288,288,True,14,True
AZ_I10_W::78,2016-06,2016-06-16,288,288,True,14,True
AZ_I10_W::78,2016-06,2016-06-17,288,288,True,14,True
AZ_I10_W::78,2016-06,2016-06-20,288,288,True,14,True
AZ_I10_W::78,2016-06,2016-06-21,288,284,False,14,False
AZ_I10_W::78,2016-06,2016-06-22,288,268,False,14,False
AZ_I10_W::78,2016-06,2016-06-23,288,197,False,14,False
AZ_I10_W::78,2016-06,2016-06-24,288,281,False,14,False
AZ_I10_W::78,2016-06,2016-06-27,288,258,False,14,False
AZ_I10_W::78,2016-06,2016-06-28,288,247,False,14,False
AZ_I10_W::78,2016-06,2016-06-29,288,262,False,14,False
AZ_I10_W::78,2016-06,2016-06-30,288,168,False,14,False
AZ_I10_W::78,2016-07,2016-07-01,288,200,False,2,False
AZ_I10_W::78,2016-07,2016-07-04,288,225,False,2,False
AZ_I10_W::78,2016-07,2016-07-05,288,262,False,2,False
AZ_I10_W::78,2016-07,2016-07-06,288,182,False,2,False
AZ_I10_W::78,2016-07,2016-07-07,288,253,False,2,False
AZ_I10_W::78,2016-07,2016-07-08,288,282,False,2,False
AZ_I10_W::78,2016-07,2016-07-11,288,271,False,2,False
AZ_I10_W::78,2016-07,2016-07-12,288,280,False,2,False
AZ_I10_W::78,2016-07,2016-07-13,288,286,False,2,False
AZ_I10_W::78,2016-07,2016-07-14,288,279,False,2,False
AZ_I10_W::78,2016-07,2016-07-15,288,279,False,2,False
AZ_I10_W::78,2016-07,2016-07-18,288,277,False,2,False
AZ_I10_W::78,2016-07,2016-07-19,288,288,True,2,False
AZ_I10_W::78,2016-07,2016-07-20,288,254,False,2,False
AZ_I10_W::78,2016-07,2016-07-21,288,288,True,2,False
AZ_I10_W::78,2016-07,2016-07-22,288,283,False,2,False
AZ_I10_W::78,2016-07,2016-07-25,288,216,False,2,False
AZ_I10_W::78,2016-07,2016-07-26,288,249,False,2,False
AZ_I10_W::78,2016-07,2016-07-28,288,265,False,2,False
AZ_I10_W::78,2016-07,2016-07-29,288,275,False,2,False
AZ_I10_W::78,2016-08,2016-08-01,288,288,True,20,True
AZ_I10_W::78,2016-08,2016-08-02,288,283,False,20,False
AZ_I10_W::78,2016-08,2016-08-03,288,277,False,20,False
AZ_I10_W::78,2016-08,2016-08-04,288,288,True,20,True
AZ_I10_W::78,2016-08,2016-08-05,288,288,True,20,True
AZ_I10_W::78,2016-08,2016-08-08,288,288,True,20,True
AZ_I10_W::78,2016-08,2016-08-09,288,288,True,20,True
AZ_I10_W::78,2016-08,2016-08-10,288,288,True,20,True
AZ_I10_W::78,2016-08,2016-08-11,288,288,True,20,True
AZ_I10_W::78,2016-08,2016-08-12,288,288,True,20,True
AZ_I10_W::78,2016-08,2016-08-15,288,288,True,20,True
AZ_I10_W::78,2016-08,2016-08-16,288,288,True,20,True
AZ_I10_W::78,2016-08,2016-08-17,288,288,True,20,True
AZ_I10_W::78,2016-08,2016-08-18,288,288,True,20,True
AZ_I10_W::78,2016-08,2016-08-19,288,288,True,20,True
AZ_I10_W::78,2016-08,2016-08-22,288,288,True,20,True
AZ_I10_W::78,2016-08,2016-08-23,288,288,True,20,True
AZ_I10_W::78,2016-08,2016-08-24,288,288,True,20,True
AZ_I10_W::78,2016-08,2016-08-25,288,288,True,20,True
AZ_I10_W::78,2016-08,2016-08-26,288,288,True,20,True
AZ_I10_W::78,2016-08,2016-08-29,288,288,True,20,True
AZ_I10_W::78,2016-08,2016-08-30,288,288,True,20,True
AZ_I10_W::78,2016-08,2016-08-31,288,287,False,20,False
AZ_I10_W::78,2016-09,2016-09-01,288,288,True,21,True
AZ_I10_W::78,2016-09,2016-09-02,288,288,True,21,True
AZ_I10_W::78,2016-09,2016-09-05,288,288,True,21,True
AZ_I10_W::78,2016-09,2016-09-06,288,288,True,21,True
AZ_I10_W::78,2016-09,2016-09-07,288,288,True,21,True
AZ_I10_W::78,2016-09,2016-09-08,288,271,False,21,False
AZ_I10_W::78,2016-09,2016-09-09,288,288,True,21,True
AZ_I10_W::78,2016-09,2016-09-12,288,288,True,21,True
AZ_I10_W::78,2016-09,2016-09-13,288,288,True,21,True
AZ_I10_W::78,2016-09,2016-09-14,288,288,True,21,True
AZ_I10_W::78,2016-09,2016-09-15,288,288,True,21,True
AZ_I10_W::78,2016-09,2016-09-16,288,288,True,21,True
AZ_I10_W::78,2016-09,2016-09-19,288,288,True,21,True
AZ_I10_W::78,2016-09,2016-09-20,288,288,True,21,True
AZ_I10_W::78,2016-09,2016-09-21,288,288,True,21,True
AZ_I10_W::78,2016-09,2016-09-22,288,288,True,21,True
AZ_I10_W::78,2016-09,2016-09-23,288,288,True,21,True
AZ_I10_W::78,2016-09,2016-09-26,288,288,True,21,True
AZ_I10_W::78,2016-09,2016-09-27,288,288,True,21,True
AZ_I10_W::78,2016-09,2016-09-28,288,288,True,21,True
AZ_I10_W::78,2016-09,2016-09-29,288,288,True,21,True
AZ_I10_W::78,2016-09,2016-09-30,288,288,True,21,True
AZ_I10_W::78,2016-10,2016-10-03,288,288,True,18,True
AZ_I10_W::78,2016-10,2016-10-04,288,288,True,18,True
AZ_I10_W::78,2016-10,2016-10-05,288,288,True,18,True
AZ_I10_W::78,2016-10,2016-10-06,288,288,True,18,True
AZ_I10_W::78,2016-10,2016-10-07,288,287,False,18,False
AZ_I10_W::78,2016-10,2016-10-10,288,288,True,18,True
AZ_I10_W::78,2016-10,2016-10-11,288,288,True,18,True
AZ_I10_W::78,2016-10,2016-10-12,288,288,True,18,True
AZ_I10_W::78,2016-10,2016-10-13,288,288,True,18,True
AZ_I10_W::78,2016-10,2016-10-14,288,288,True,18,True
AZ_I10_W::78,2016-10,2016-10-17,288,288,True,18,True
AZ_I10_W::78,2016-10,2016-10-18,288,288,True,18,True
AZ_I10_W::78,2016-10,2016-10-19,288,288,True,18,True
AZ_I10_W::78,2016-10,2016-10-20,288,288,True,18,True
AZ_I10_W::78,2016-10,2016-10-21,288,236,False,18,False
AZ_I10_W::78,2016-10,2016-10-24,288,288,True,18,True
AZ_I10_W::78,2016-10,2016-10-25,288,288,True,18,True
AZ_I10_W::78,2016-10,2016-10-26,288,288,True,18,True
AZ_I10_W::78,2016-10,2016-10-27,288,287,False,18,False
AZ_I10_W::78,2016-10,2016-10-28,288,288,True,18,True
AZ_I10_W::78,2016-10,2016-10-31,288,288,True,18,True
AZ_I10_W::78,2016-11,2016-11-01,288,288,True,12,True
AZ_I10_W::78,2016-11,2016-11-02,288,288,True,12,True
AZ_I10_W::78,2016-11,2016-11-03,288,287,False,12,False
AZ_I10_W::78,2016-11,2016-11-04,288,288,True,12,True
AZ_I10_W::78,2016-11,2016-11-07,288,286,False,12,False
AZ_I10_W::78,2016-11,2016-11-08,288,287,False,12,False
AZ_I10_W::78,2016-11,2016-11-09,288,288,True,12,True
AZ_I10_W::78,2016-11,2016-11-10,288,288,True,12,True
AZ_I10_W::78,2016-11,2016-11-11,288,288,True,12,True
AZ_I10_W::78,2016-11,2016-11-14,288,288,True,12,True
AZ_I10_W::78,2016-11,2016-11-15,288,288,True,12,True
AZ_I10_W::78,2016-11,2016-11-16,288,288,True,12,True
AZ_I10_W::78,2016-11,2016-11-17,288,288,True,12,True
AZ_I10_W::78,2016-11,2016-11-18,288,287,False,12,False
AZ_I10_W::78,2016-11,2016-11-21,288,287,False,12,False
AZ_I10_W::78,2016-11,2016-11-22,288,281,False,12,False
AZ_I10_W::78,2016-11,2016-11-23,288,287,False,12,False
AZ_I10_W::78,2016-11,2016-11-24,288,287,False,12,False
AZ_I10_W::78,2016-11,2016-11-25,288,287,False,12,False
AZ_I10_W::78,2016-11,2016-11-28,288,288,True,12,True
AZ_I10_W::78,2016-11,2016-11-29,288,288,True,12,True
AZ_I10_W::78,2016-11,2016-11-30,288,287,False,12,False
AZ_I10_W::78,2016-12,2016-12-01,288,288,True,8,True
AZ_I10_W::78,2016-12,2016-12-02,288,288,True,8,True
AZ_I10_W::78,2016-12,2016-12-05,288,287,False,8,False
AZ_I10_W::78,2016-12,2016-12-06,288,288,True,8,True
AZ_I10_W::78,2016-12,2016-12-07,288,287,False,8,False
AZ_I10_W::78,2016-12,2016-12-08,288,287,False,8,False
AZ_I10_W::78,2016-12,2016-12-09,288,287,False,8,False
AZ_I10_W::78,2016-12,2016-12-12,288,286,False,8,False
AZ_I10_W::78,2016-12,2016-12-13,288,286,False,8,False
AZ_I10_W::78,2016-12,2016-12-14,288,283,False,8,False
AZ_I10_W::78,2016-12,2016-12-15,288,288,True,8,True
AZ_I10_W::78,2016-12,2016-12-16,288,287,False,8,False
AZ_I10_W::78,2016-12,2016-12-19,288,288,True,8,True
AZ_I10_W::78,2016-12,2016-12-20,288,288,True,8,True
AZ_I10_W::78,2016-12,2016-12-21,288,287,False,8,False
AZ_I10_W::78,2016-12,2016-12-22,288,287,False,8,False
AZ_I10_W::78,2016-12,2016-12-23,288,288,True,8,True
AZ_I10_W::78,2016-12,2016-12-26,288,286,False,8,False
AZ_I10_W::78,2016-12,2016-12-27,288,269,False,8,False
AZ_I10_W::78,2016-12,2016-12-28,288,287,False,8,False
AZ_I10_W::78,2016-12,2016-12-29,288,288,True,8,True
AZ_I10_W::78,2016-12,2016-12-30,288,280,False,8,False
AZ_I10_W::84,2016-01,2016-01-01,288,288,True,15,True
AZ_I10_W::84,2016-01,2016-01-04,288,264,False,15,False
AZ_I10_W::84,2016-01,2016-01-05,288,288,True,15,True
AZ_I10_W::84,2016-01,2016-01-06,288,288,True,15,True
AZ_I10_W::84,2016-01,2016-01-07,288,288,True,15,True
AZ_I10_W::84,2016-01,2016-01-08,288,288,True,15,True
AZ_I10_W::84,2016-01,2016-01-11,288,277,False,15,False
AZ_I10_W::84,2016-01,2016-01-12,288,288,True,15,True
AZ_I10_W::84,2016-01,2016-01-13,288,287,False,15,False
AZ_I10_W::84,2016-01,2016-01-14,288,288,True,15,True
AZ_I10_W::84,2016-01,2016-01-15,288,273,False,15,False
AZ_I10_W::84,2016-01,2016-01-18,288,288,True,15,True
AZ_I10_W::84,2016-01,2016-01-19,288,288,True,15,True
AZ_I10_W::84,2016-01,2016-01-20,288,288,True,15,True
AZ_I10_W::84,2016-01,2016-01-21,288,288,True,15,True
AZ_I10_W::84,2016-01,2016-01-22,288,288,True,15,True
AZ_I10_W::84,2016-01,2016-01-25,288,288,True,15,True
AZ_I10_W::84,2016-01,2016-01-26,288,287,False,15,False
AZ_I10_W::84,2016-01,2016-01-27,288,288,True,15,True
AZ_I10_W::84,2016-01,2016-01-28,288,288,True,15,True
AZ_I10_W::84,2016-01,2016-01-29,288,287,False,15,False
AZ_I10_W::84,2016-02,2016-02-01,288,288,True,19,True
AZ_I10_W::84,2016-02,2016-02-02,288,288,True,19,True
AZ_I10_W::84,2016-02,2016-02-03,288,288,True,19,True
AZ_I10_W::84,2016-02,2016-02-04,288,288,True,19,True
AZ_I10_W::84,2016-02,2016-02-08,288,288,True,19,True
AZ_I10_W::84,2016-02,2016-02-09,288,288,True,19,True
AZ_I10_W::84,2016-02,2016-02-10,288,288,True,19,True
AZ_I10_W::84,2016-02,2016-02-11,288,288,True,19,True
AZ_I10_W::84,2016-02,2016-02-12,288,288,True,19,True
AZ_I10_W::84,2016-02,2016-02-15,288,288,True,19,True
AZ_I10_W::84,2016-02,2016-02-16,288,288,True,19,True
AZ_I10_W::84,2016-02,2016-02-17,288,288,True,19,True
AZ_I10_W::84,2016-02,2016-02-18,288,288,True,19,True
AZ_I10_W::84,2016-02,2016-02-19,288,288,True,19,True
AZ_I10_W::84,2016-02,2016-02-22,288,193,False,19,False
AZ_I10_W::84,2016-02,2016-02-23,288,288,True,19,True
AZ_I10_W::84,2016-02,2016-02-24,288,288,True,19,True
AZ_I10_W::84,2016-02,2016-02-25,288,288,True,19,True
AZ_I10_W::84,2016-02,2016-02-26,288,288,True,19,True
AZ_I10_W::84,2016-02,2016-02-29,288,288,True,19,True
AZ_I10_W::84,2016-03,2016-03-01,288,288,True,19,True
AZ_I10_W::84,2016-03,2016-03-02,288,285,False,19,False
AZ_I10_W::84,2016-03,2016-03-03,288,288,True,19,True
AZ_I10_W::84,2016-03,2016-03-04,288,288,True,19,True
AZ_I10_W::84,2016-03,2016-03-07,288,288,True,19,True
AZ_I10_W::84,2016-03,2016-03-08,288,288,True,19,True
AZ_I10_W::84,2016-03,2016-03-09,288,229,False,19,False
AZ_I10_W::84,2016-03,2016-03-11,288,288,True,19,True
AZ_I10_W::84,2016-03,2016-03-14,288,288,True,19,True
AZ_I10_W::84,2016-03,2016-03-15,288,288,True,19,True
AZ_I10_W::84,2016-03,2016-03-16,288,288,True,19,True
AZ_I10_W::84,2016-03,2016-03-17,288,288,True,19,True
AZ_I10_W::84,2016-03,2016-03-18,288,288,True,19,True
AZ_I10_W::84,2016-03,2016-03-21,288,288,True,19,True
AZ_I10_W::84,2016-03,2016-03-22,288,288,True,19,True
AZ_I10_W::84,2016-03,2016-03-23,288,288,True,19,True
AZ_I10_W::84,2016-03,2016-03-24,288,288,True,19,True
AZ_I10_W::84,2016-03,2016-03-25,288,288,True,19,True
AZ_I10_W::84,2016-03,2016-03-28,288,288,True,19,True
AZ_I10_W::84,2016-03,2016-03-29,288,288,True,19,True
AZ_I10_W::84,2016-03,2016-03-30,288,281,False,19,False
AZ_I10_W::84,2016-03,2016-03-31,288,288,True,19,True
AZ_I10_W::84,2016-04,2016-04-01,288,288,True,16,True
AZ_I10_W::84,2016-04,2016-04-04,288,288,True,16,True
AZ_I10_W::84,2016-04,2016-04-05,288,288,True,16,True
AZ_I10_W::84,2016-04,2016-04-06,288,288,True,16,True
AZ_I10_W::84,2016-04,2016-04-07,288,285,False,16,False
AZ_I10_W::84,2016-04,2016-04-08,288,288,True,16,True
AZ_I10_W::84,2016-04,2016-04-11,288,288,True,16,True
AZ_I10_W::84,2016-04,2016-04-12,288,288,True,16,True
AZ_I10_W::84,2016-04,2016-04-13,288,288,True,16,True
AZ_I10_W::84,2016-04,2016-04-14,288,288,True,16,True
AZ_I10_W::84,2016-04,2016-04-15,288,288,True,16,True
AZ_I10_W::84,2016-04,2016-04-18,288,288,True,16,True
AZ_I10_W::84,2016-04,2016-04-19,288,288,True,16,True
AZ_I10_W::84,2016-04,2016-04-20,288,288,True,16,True
AZ_I10_W::84,2016-04,2016-04-21,288,287,False,16,False
AZ_I10_W::84,2016-04,2016-04-22,288,255,False,16,False
AZ_I10_W::84,2016-04,2016-04-25,288,288,True,16,True
AZ_I10_W::84,2016-04,2016-04-26,288,288,True,16,True
AZ_I10_W::84,2016-04,2016-04-27,288,287,False,16,False
AZ_I10_W::84,2016-04,2016-04-28,288,287,False,16,False
AZ_I10_W::84,2016-04,2016-04-29,288,288,True,16,True
AZ_I10_W::84,2016-05,2016-05-02,288,288,True,18,True
AZ_I10_W::84,2016-05,2016-05-03,288,288,True,18,True
AZ_I10_W::84,2016-05,2016-05-04,288,287,False,18,False
AZ_I10_W::84,2016-05,2016-05-05,288,288,True,18,True
AZ_I10_W::84,2016-05,2016-05-06,288,287,False,18,False
AZ_I10_W::84,2016-05,2016-05-09,288,288,True,18,True
AZ_I10_W::84,2016-05,2016-05-10,288,288,True,18,True
AZ_I10_W::84,2016-05,2016-05-11,288,288,True,18,True
AZ_I10_W::84,2016-05,2016-05-12,288,149,False,18,False
AZ_I10_W::84,2016-05,2016-05-13,288,288,True,18,True
AZ_I10_W::84,2016-05,2016-05-16,288,288,True,18,True
AZ_I10_W::84,2016-05,2016-05-17,288,288,True,18,True
AZ_I10_W::84,2016-05,2016-05-18,288,288,True,18,True
AZ_I10_W::84,2016-05,2016-05-19,288,288,True,18,True
AZ_I10_W::84,2016-05,2016-05-20,288,288,True,18,True
AZ_I10_W::84,2016-05,2016-05-23,288,288,True,18,True
AZ_I10_W::84,2016-05,2016-05-24,288,288,True,18,True
AZ_I10_W::84,2016-05,2016-05-25,288,288,True,18,True
AZ_I10_W::84,2016-05,2016-05-26,288,288,True,18,True
AZ_I10_W::84,2016-05,2016-05-27,288,272,False,18,False
AZ_I10_W::84,2016-05,2016-05-30,288,288,True,18,True
AZ_I10_W::84,2016-05,2016-05-31,288,288,True,18,True
AZ_I10_W::84,2016-06,2016-06-01,288,288,True,13,True
AZ_I10_W::84,2016-06,2016-06-02,288,288,True,13,True
AZ_I10_W::84,2016-06,2016-06-03,288,288,True,13,True
AZ_I10_W::84,2016-06,2016-06-06,288,288,True,13,True
AZ_I10_W::84,2016-06,2016-06-07,288,288,True,13,True
AZ_I10_W::84,2016-06,2016-06-08,288,288,True,13,True
AZ_I10_W::84,2016-06,2016-06-09,288,288,True,13,True
AZ_I10_W::84,2016-06,2016-06-10,288,288,True,13,True
AZ_I10_W::84,2016-06,2016-06-13,288,288,True,13,True
AZ_I10_W::84,2016-06,2016-06-14,288,288,True,13,True
AZ_I10_W::84,2016-06,2016-06-15,288,288,True,13,True
AZ_I10_W::84,2016-06,2016-06-16,288,288,True,13,True
AZ_I10_W::84,2016-06,2016-06-17,288,288,True,13,True
AZ_I10_W::84,2016-06,2016-06-20,288,287,False,13,False
AZ_I10_W::84,2016-06,2016-06-21,288,284,False,13,False
AZ_I10_W::84,2016-06,2016-06-22,288,264,False,13,False
AZ_I10_W::84,2016-06,2016-06-23,288,197,False,13,False
AZ_I10_W::84,2016-06,2016-06-24,288,281,False,13,False
AZ_I10_W::84,2016-06,2016-06-27,288,258,False,13,False
AZ_I10_W::84,2016-06,2016-06-28,288,248,False,13,False
AZ_I10_W::84,2016-06,2016-06-29,288,262,False,13,False
AZ_I10_W::84,2016-06,2016-06-30,288,168,False,13,False
AZ_I10_W::84,2016-07,2016-07-01,288,200,False,2,False
AZ_I10_W::84,2016-07,2016-07-04,288,225,False,2,False
AZ_I10_W::84,2016-07,2016-07-05,288,153,False,2,False
AZ_I10_W::84,2016-07,2016-07-06,288,181,False,2,False
AZ_I10_W::84,2016-07,2016-07-07,288,251,False,2,False
AZ_I10_W::84,2016-07,2016-07-08,288,279,False,2,False
AZ_I10_W::84,2016-07,2016-07-11,288,271,False,2,False
AZ_I10_W::84,2016-07,2016-07-12,288,280,False,2,False
AZ_I10_W::84,2016-07,2016-07-13,288,286,False,2,False
AZ_I10_W::84,2016-07,2016-07-14,288,148,False,2,False
AZ_I10_W::84,2016-07,2016-07-15,288,219,False,2,False
AZ_I10_W::84,2016-07,2016-07-18,288,277,False,2,False
AZ_I10_W::84,2016-07,2016-07-19,288,288,True,2,False
AZ_I10_W::84,2016-07,2016-07-20,288,254,False,2,False
AZ_I10_W::84,2016-07,2016-07-21,288,288,True,2,False
AZ_I10_W::84,2016-07,2016-07-22,288,283,False,2,False
AZ_I10_W::84,2016-07,2016-07-25,288,216,False,2,False
AZ_I10_W::84,2016-07,2016-07-26,288,249,False,2,False
AZ_I10_W::84,2016-07,2016-07-28,288,265,False,2,False
AZ_I10_W::84,2016-07,2016-07-29,288,275,False,2,False
AZ_I10_W::84,2016-08,2016-08-01,288,288,True,20,True
AZ_I10_W::84,2016-08,2016-08-02,288,288,True,20,True
AZ_I10_W::84,2016-08,2016-08-03,288,277,False,20,False
AZ_I10_W::84,2016-08,2016-08-04,288,288,True,20,True
AZ_I10_W::84,2016-08,2016-08-05,288,288,True,20,True
AZ_I10_W::84,2016-08,2016-08-08,288,288,True,20,True
AZ_I10_W::84,2016-08,2016-08-09,288,288,True,20,True
AZ_I10_W::84,2016-08,2016-08-10,288,282,False,20,False
AZ_I10_W::84,2016-08,2016-08-11,288,288,True,20,True
AZ_I10_W::84,2016-08,2016-08-12,288,288,True,20,True
AZ_I10_W::84,2016-08,2016-08-15,288,288,True,20,True
AZ_I10_W::84,2016-08,2016-08-16,288,288,True,20,True
AZ_I10_W::84,2016-08,2016-08-17,288,288,True,20,True
AZ_I10_W::84,2016-08,2016-08-18,288,288,True,20,True
AZ_I10_W::84,2016-08,2016-08-19,288,288,True,20,True
AZ_I10_W::84,2016-08,2016-08-22,288,288,True,20,True
AZ_I10_W::84,2016-08,2016-08-23,288,288,True,20,True
AZ_I10_W::84,2016-08,2016-08-24,288,288,True,20,True
AZ_I10_W::84,2016-08,2016-08-25,288,288,True,20,True
AZ_I10_W::84,2016-08,2016-08-26,288,288,True,20,True
AZ_I10_W::84,2016-08,2016-08-29,288,288,True,20,True
AZ_I10_W::84,2016-08,2016-08-30,288,288,True,20,True
AZ_I10_W::84,2016-08,2016-08-31,288,185,False,20,False
AZ_I10_W::84,2016-09,2016-09-01,288,274,False,17,False
AZ_I10_W::84,2016-09,2016-09-02,288,288,True,17,True
AZ_I10_W::84,2016-09,2016-09-05,288,288,True,17,True
AZ_I10_W::84,2016-09,2016-09-06,288,288,True,17,True
AZ_I10_W::84,2016-09,2016-09-07,288,288,True,17,True
AZ_I10_W::84,2016-09,2016-09-08,288,143,False,17,False
AZ_I10_W::84,2016-09,2016-09-09,288,288,True,17,True
AZ_I10_W::84,2016-09,2016-09-12,288,288,True,17,True
AZ_I10_W::84,2016-09,2016-09-13,288,219,False,17,False
AZ_I10_W::84,2016-09,2016-09-14,288,288,True,17,True
AZ_I10_W::84,2016-09,2016-09-15,288,288,True,17,True
AZ_I10_W::84,2016-09,2016-09-16,288,283,False,17,False
AZ_I10_W::84,2016-09,2016-09-19,288,267,False,17,False
AZ_I10_W::84,2016-09,2016-09-20,288,288,True,17,True
AZ_I10_W::84,2016-09,2016-09-21,288,288,True,17,True
AZ_I10_W::84,2016-09,2016-09-22,288,288,True,17,True
AZ_I10_W::84,2016-09,2016-09-23,288,288,True,17,True
AZ_I10_W::84,2016-09,2016-09-26,288,288,True,17,True
AZ_I10_W::84,2016-09,2016-09-27,288,288,True,17,True
AZ_I10_W::84,2016-09,2016-09-28,288,288,True,17,True
AZ_I10_W::84,2016-09,2016-09-29,288,288,True,17,True
AZ_I10_W::84,2016-09,2016-09-30,288,288,True,17,True
AZ_I10_W::84,2016-10,2016-10-03,288,288,True,17,True
AZ_I10_W::84,2016-10,2016-10-04,288,288,True,17,True
AZ_I10_W::84,2016-10,2016-10-05,288,288,True,17,True
AZ_I10_W::84,2016-10,2016-10-06,288,288,True,17,True
AZ_I10_W::84,2016-10,2016-10-07,288,287,False,17,False
AZ_I10_W::84,2016-10,2016-10-10,288,288,True,17,True
AZ_I10_W::84,2016-10,2016-10-11,288,288,True,17,True
AZ_I10_W::84,2016-10,2016-10-12,288,288,True,17,True
AZ_I10_W::84,2016-10,2016-10-13,288,288,True,17,True
AZ_I10_W::84,2016-10,2016-10-14,288,288,True,17,True
AZ_I10_W::84,2016-10,2016-10-17,288,288,True,17,True
AZ_I10_W::84,2016-10,2016-10-18,288,288,True,17,True
AZ_I10_W::84,2016-10,2016-10-19,288,288,True,17,True
AZ_I10_W::84,2016-10,2016-10-20,288,288,True,17,True
AZ_I10_W::84,2016-10,2016-10-21,288,287,False,17,False
AZ_I10_W::84,2016-10,2016-10-24,288,288,True,17,True
AZ_I10_W::84,2016-10,2016-10-25,288,288,True,17,True
AZ_I10_W::84,2016-10,2016-10-26,288,288,True,17,True
AZ_I10_W::84,2016-10,2016-10-27,288,287,False,17,False
AZ_I10_W::84,2016-10,2016-10-28,288,269,False,17,False
AZ_I10_W::84,2016-10,2016-10-31,288,288,True,17,True
AZ_I10_W::84,2016-11,2016-11-01,288,288,True,12,True
AZ_I10_W::84,2016-11,2016-11-02,288,288,True,12,True
AZ_I10_W::84,2016-11,2016-11-03,288,288,True,12,True
AZ_I10_W::84,2016-11,2016-11-04,288,288,True,12,True
AZ_I10_W::84,2016-11,2016-11-07,288,286,False,12,False
AZ_I10_W::84,2016-11,2016-11-08,288,288,True,12,True
AZ_I10_W::84,2016-11,2016-11-09,288,288,True,12,True
AZ_I10_W::84,2016-11,2016-11-10,288,288,True,12,True
AZ_I10_W::84,2016-11,2016-11-11,288,288,True,12,True
AZ_I10_W::84,2016-11,2016-11-14,288,287,False,12,False
AZ_I10_W::84,2016-11,2016-11-15,288,287,False,12,False
AZ_I10_W::84,2016-11,2016-11-16,288,288,True,12,True
AZ_I10_W::84,2016-11,2016-11-17,288,288,True,12,True
AZ_I10_W::84,2016-11,2016-11-18,288,287,False,12,False
AZ_I10_W::84,2016-11,2016-11-21,288,287,False,12,False
AZ_I10_W::84,2016-11,2016-11-22,288,283,False,12,False
AZ_I10_W::84,2016-11,2016-11-23,288,287,False,12,False
AZ_I10_W::84,2016-11,2016-11-24,288,287,False,12,False
AZ_I10_W::84,2016-11,2016-11-25,288,287,False,12,False
AZ_I10_W::84,2016-11,2016-11-28,288,288,True,12,True
AZ_I10_W::84,2016-11,2016-11-29,288,288,True,12,True
AZ_I10_W::84,2016-11,2016-11-30,288,287,False,12,False
AZ_I10_W::84,2016-12,2016-12-01,288,288,True,10,True
AZ_I10_W::84,2016-12,2016-12-02,288,288,True,10,True
AZ_I10_W::84,2016-12,2016-12-05,288,288,True,10,True
AZ_I10_W::84,2016-12,2016-12-06,288,288,True,10,True
AZ_I10_W::84,2016-12,2016-12-07,288,287,False,10,False
AZ_I10_W::84,2016-12,2016-12-08,288,287,False,10,False
AZ_I10_W::84,2016-12,2016-12-09,288,287,False,10,False
AZ_I10_W::84,2016-12,2016-12-12,288,286,False,10,False
AZ_I10_W::84,2016-12,2016-12-13,288,287,False,10,False
AZ_I10_W::84,2016-12,2016-12-14,288,283,False,10,False
AZ_I10_W::84,2016-12,2016-12-15,288,288,True,10,True
AZ_I10_W::84,2016-12,2016-12-16,288,288,True,10,True
AZ_I10_W::84,2016-12,2016-12-19,288,288,True,10,True
AZ_I10_W::84,2016-12,2016-12-20,288,288,True,10,True
AZ_I10_W::84,2016-12,2016-12-21,288,287,False,10,False
AZ_I10_W::84,2016-12,2016-12-22,288,287,False,10,False
AZ_I10_W::84,2016-12,2016-12-23,288,288,True,10,True
AZ_I10_W::84,2016-12,2016-12-26,288,286,False,10,False
AZ_I10_W::84,2016-12,2016-12-27,288,268,False,10,False
AZ_I10_W::84,2016-12,2016-12-28,288,287,False,10,False
AZ_I10_W::84,2016-12,2016-12-29,288,288,True,10,True
AZ_I10_W::84,2016-12,2016-12-30,288,280,False,10,False
