sensor_uid,month,complete_weekdays,included
AZ_I10_W::137,2016-01,15,True
AZ_I10_W::137,2016-02,17,True
AZ_I10_W::137,2016-03,20,True
AZ_I10_W::137,2016-04,18,True
AZ_I10_W::137,2016-05,19,True
AZ_I10_W::137,2016-06,12,True
AZ_I10_W::137,2016-07,2,False
AZ_I10_W::137,2016-08,18,True
AZ_I10_W::137,2016-09,19,True
AZ_I10_W::137,2016-10,18,True
AZ_I10_W::137,2016-11,13,True
AZ_I10_W::137,2016-12,9,True
AZ_I10_W::139,2016-01,15,True
AZ_I10_W::139,2016-02,18,True
AZ_I10_W::139,2016-03,19,True
AZ_I10_W::139,2016-04,18,True
AZ_I10_W::139,2016-05,18,True
AZ_I10_W::139,2016-06,14,True
AZ_I10_W::139,2016-07,2,False
AZ_I10_W::139,2016-08,4,False
AZ_I10_W::139,2016-09,0,False
AZ_I10_W::139,2016-10,0,False
AZ_I10_W::139,2016-11,0,False
AZ_I10_W::139,2016-12,0,False
AZ_I10_W::141,2016-01,10,True
AZ_I10_W::141,2016-02,13,True
AZ_I10_W::141,2016-03,19,True
AZ_I10_W::141,2016-04,13,True
AZ_I10_W::141,2016-05,12,True
AZ_I10_W::141,2016-06,12,True
AZ_I10_W::141,2016-07,2,False
AZ_I10_W::141,2016-08,17,True
AZ_I10_W::141,2016-09,14,True
AZ_I10_W::141,2016-10,12,True
AZ_I10_W::141,2016-11,13,True
AZ_I10_W::141,2016-12,9,True
AZ_I10_W::78,2016-01,13,True
AZ_I10_W::78,2016-02,19,True
AZ_I10_W::78,2016-03,20,True
AZ_I10_W::78,2016-04,18,True
AZ_I10_W::78,2016-05,19,True
AZ_I10_W::78,2016-06,14,True
AZ_I10_W::78,2016-07,2,False
AZ_I10_W::78,2016-08,20,True
AZ_I10_W::78,2016-09,21,True
AZ_I10_W::78,2016-10,18,True
AZ_I10_W::78,2016-11,12,True
AZ_I10_W::78,2016-12,8,True
AZ_I10_W::84,2016-01,15,True
AZ_I10_W::84,2016-02,19,True
AZ_I10_W::84,2016-03,19,True
AZ_I10_W::84,2016-04,16,True
AZ_I10_W::84,2016-05,18,True
AZ_I10_W::84,2016-06,13,True
AZ_I10_W::84,2016-07,2,False
AZ_I10_W::84,2016-08,20,True
AZ_I10_W::84,2016-09,17,True
AZ_I10_W::84,2016-10,17,True
AZ_I10_W::84,2016-11,12,True
AZ_I10_W::84,2016-12,10,True
