corridor,period,pollutant,x_h,C_vphpl,vf_mph,L_mi,beta,beta_lo,beta_hi,valid_bootstrap_share,calibration_scope,valid,vq,Gamma,epsilon_Gamma_x,beta_plus_epsilon,congestion_g_per_vehicle,toll_g_per_vehicle,epsilon_Gamma_x_lo,epsilon_Gamma_x_hi,beta_plus_epsilon_lo,beta_plus_epsilon_hi,toll_g_per_vehicle_lo,toll_g_per_vehicle_hi
AZ_I10_W,AM,CO2,3.498151933696963,1501.6157386990858,68.79623913843852,1.1140000000000043,1.023482640124681,0.9111463364075169,1.1927273235272857,0.1075,corridor_all_periods,False,14.869961526828368,,,,,,,,,,,
AZ_I10_W,AM,NOx,3.498151933696963,1501.6157386990858,68.79623913843852,1.1140000000000043,1.023482640124681,0.9111463364075169,1.1927273235272857,0.1075,corridor_all_periods,False,14.869961526828368,,,,,,,,,,,
AZ_I10_W,AM,CO,3.498151933696963,1501.6157386990858,68.79623913843852,1.1140000000000043,1.023482640124681,0.9111463364075169,1.1927273235272857,0.1075,corridor_all_periods,False,14.869961526828368,,,,,,,,,,,
AZ_I10_W,AM,HC,3.498151933696963,1501.6157386990858,68.79623913843852,1.1140000000000043,1.023482640124681,0.9111463364075169,1.1927273235272857,0.1075,corridor_all_periods,False,14.869961526828368,,,,,,,,,,,
AZ_I10_W,MD,CO2,3.498151933696963,1501.6157386990858,68.79623913843852,1.1140000000000043,1.023482640124681,0.9147180781477268,1.2542110066046697,0.0875,corridor_all_periods,False,14.869961526828368,,,,,,,,,,,
AZ_I10_W,MD,NOx,3.498151933696963,1501.6157386990858,68.79623913843852,1.1140000000000043,1.023482640124681,0.9147180781477268,1.2542110066046697,0.0875,corridor_all_periods,False,14.869961526828368,,,,,,,,,,,
AZ_I10_W,MD,CO,3.498151933696963,1501.6157386990858,68.79623913843852,1.1140000000000043,1.023482640124681,0.9147180781477268,1.2542110066046697,0.0875,corridor_all_periods,False,14.869961526828368,,,,,,,,,,,
AZ_I10_W,MD,HC,3.498151933696963,1501.6157386990858,68.79623913843852,1.1140000000000043,1.023482640124681,0.9147180781477268,1.2542110066046697,0.0875,corridor_all_periods,False,14.869961526828368,,,,,,,,,,,
AZ_I10_W,PM,CO2,3.7907526292014317,1501.6157386990858,68.79623913843852,1.1140000000000043,1.3620877089034769,0.9037519678102239,1.7239204100388328,0.0,corridor_period,False,15.013320614773182,,,,,,,,,,,
AZ_I10_W,PM,NOx,3.7907526292014317,1501.6157386990858,68.79623913843852,1.1140000000000043,1.3620877089034769,0.9037519678102239,1.7239204100388328,0.0,corridor_period,False,15.013320614773182,,,,,,,,,,,
AZ_I10_W,PM,CO,3.7907526292014317,1501.6157386990858,68.79623913843852,1.1140000000000043,1.3620877089034769,0.9037519678102239,1.7239204100388328,0.0,corridor_period,False,15.013320614773182,,,,,,,,,,,
AZ_I10_W,PM,HC,3.7907526292014317,1501.6157386990858,68.79623913843852,1.1140000000000043,1.3620877089034769,0.9037519678102239,1.7239204100388328,0.0,corridor_period,False,15.013320614773182,,,,,,,,,,,
AZ_I10_W,NT,CO2,3.498151933696963,1501.6157386990858,68.79623913843852,1.1140000000000043,1.023482640124681,0.9158383394888108,1.2422383899435567,0.1275,corridor_all_periods,False,14.869961526828368,,,,,,,,,,,
AZ_I10_W,NT,NOx,3.498151933696963,1501.6157386990858,68.79623913843852,1.1140000000000043,1.023482640124681,0.9158383394888108,1.2422383899435567,0.1275,corridor_all_periods,False,14.869961526828368,,,,,,,,,,,
AZ_I10_W,NT,CO,3.498151933696963,1501.6157386990858,68.79623913843852,1.1140000000000043,1.023482640124681,0.9158383394888108,1.2422383899435567,0.1275,corridor_all_periods,False,14.869961526828368,,,,,,,,,,,
AZ_I10_W,NT,HC,3.498151933696963,1501.6157386990858,68.79623913843852,1.1140000000000043,1.023482640124681,0.9158383394888108,1.2422383899435567,0.1275,corridor_all_periods,False,14.869961526828368,,,,,,,,,,,
D12_I405_N,AM,CO2,3.1904977231544374,1382.204002148619,69.51541711214894,0.37339999999999995,0.49406616479671633,0.3396320789335777,0.7668311959233317,0.1575,corridor_all_periods,False,40.91016405042027,,,,,,,,,,,
D12_I405_N,AM,NOx,3.1904977231544374,1382.204002148619,69.51541711214894,0.37339999999999995,0.49406616479671633,0.3396320789335777,0.7668311959233317,0.1575,corridor_all_periods,False,40.91016405042027,,,,,,,,,,,
D12_I405_N,AM,CO,3.1904977231544374,1382.204002148619,69.51541711214894,0.37339999999999995,0.49406616479671633,0.3396320789335777,0.7668311959233317,0.1575,corridor_all_periods,False,40.91016405042027,,,,,,,,,,,
D12_I405_N,AM,HC,3.1904977231544374,1382.204002148619,69.51541711214894,0.37339999999999995,0.49406616479671633,0.3396320789335777,0.7668311959233317,0.1575,corridor_all_periods,False,40.91016405042027,,,,,,,,,,,
D12_I405_N,MD,CO2,3.1904977231544374,1382.204002148619,69.51541711214894,0.37339999999999995,0.49406616479671633,0.34777189501863676,0.7519488764107585,0.1525,corridor_all_periods,False,40.91016405042027,,,,,,,,,,,
D12_I405_N,MD,NOx,3.1904977231544374,1382.204002148619,69.51541711214894,0.37339999999999995,0.49406616479671633,0.34777189501863676,0.7519488764107585,0.1525,corridor_all_periods,False,40.91016405042027,,,,,,,,,,,
D12_I405_N,MD,CO,3.1904977231544374,1382.204002148619,69.51541711214894,0.37339999999999995,0.49406616479671633,0.34777189501863676,0.7519488764107585,0.1525,corridor_all_periods,False,40.91016405042027,,,,,,,,,,,
D12_I405_N,MD,HC,3.1904977231544374,1382.204002148619,69.51541711214894,0.37339999999999995,0.49406616479671633,0.34777189501863676,0.7519488764107585,0.1525,corridor_all_periods,False,40.91016405042027,,,,,,,,,,,
D12_I405_N,PM,CO2,3.198032374834847,1382.204002148619,69.51541711214894,0.37339999999999995,0.5040704351791746,0.364726562305565,0.814158202135411,0.0675,corridor_period,False,42.68792629927125,,,,,,,,,,,
D12_I405_N,PM,NOx,3.198032374834847,1382.204002148619,69.51541711214894,0.37339999999999995,0.5040704351791746,0.364726562305565,0.814158202135411,0.0675,corridor_period,False,42.68792629927125,,,,,,,,,,,
D12_I405_N,PM,CO,3.198032374834847,1382.204002148619,69.51541711214894,0.37339999999999995,0.5040704351791746,0.364726562305565,0.814158202135411,0.0675,corridor_period,False,42.68792629927125,,,,,,,,,,,
D12_I405_N,PM,HC,3.198032374834847,1382.204002148619,69.51541711214894,0.37339999999999995,0.5040704351791746,0.364726562305565,0.814158202135411,0.0675,corridor_period,False,42.68792629927125,,,,,,,,,,,
D12_I405_N,NT,CO2,3.1904977231544374,1382.204002148619,69.51541711214894,0.37339999999999995,0.49406616479671633,0.3630678557562152,0.7457222624399605,0.185,corridor_all_periods,False,40.91016405042027,,,,,,,,,,,
D12_I405_N,NT,NOx,3.1904977231544374,1382.204002148619,69.51541711214894,0.37339999999999995,0.49406616479671633,0.3630678557562152,0.7457222624399605,0.185,corridor_all_periods,False,40.91016405042027,,,,,,,,,,,
D12_I405_N,NT,CO,3.1904977231544374,1382.204002148619,69.51541711214894,0.37339999999999995,0.49406616479671633,0.3630678557562152,0.7457222624399605,0.185,corridor_all_periods,False,40.91016405042027,,,,,,,,,,,
D12_I405_N,NT,HC,3.1904977231544374,1382.204002148619,69.51541711214894,0.37339999999999995,0.49406616479671633,0.3630678557562152,0.7457222624399605,0.185,corridor_all_periods,False,40.91016405042027,,,,,,,,,,,
D12_I405_S,AM,CO2,,,,,,,,,unavailable,False,,,,,,,,,,,,
D12_I405_S,AM,NOx,,,,,,,,,unavailable,False,,,,,,,,,,,,
D12_I405_S,AM,CO,,,,,,,,,unavailable,False,,,,,,,,,,,,
D12_I405_S,AM,HC,,,,,,,,,unavailable,False,,,,,,,,,,,,
D12_I405_S,MD,CO2,,,,,,,,,unavailable,False,,,,,,,,,,,,
D12_I405_S,MD,NOx,,,,,,,,,unavailable,False,,,,,,,,,,,,
D12_I405_S,MD,CO,,,,,,,,,unavailable,False,,,,,,,,,,,,
D12_I405_S,MD,HC,,,,,,,,,unavailable,False,,,,,,,,,,,,
D12_I405_S,PM,CO2,,,,,,,,,unavailable,False,,,,,,,,,,,,
D12_I405_S,PM,NOx,,,,,,,,,unavailable,False,,,,,,,,,,,,
D12_I405_S,PM,CO,,,,,,,,,unavailable,False,,,,,,,,,,,,
D12_I405_S,PM,HC,,,,,,,,,unavailable,False,,,,,,,,,,,,
D12_I405_S,NT,CO2,,,,,,,,,unavailable,False,,,,,,,,,,,,
D12_I405_S,NT,NOx,,,,,,,,,unavailable,False,,,,,,,,,,,,
D12_I405_S,NT,CO,,,,,,,,,unavailable,False,,,,,,,,,,,,
D12_I405_S,NT,HC,,,,,,,,,unavailable,False,,,,,,,,,,,,
D12_I5_N,AM,CO2,3.8800944147964844,1212.1337142857142,69.79447675150786,0.2846,0.34258198783497923,0.2570037656070742,0.4895691865452518,1.0,corridor_all_periods,True,24.761978017752728,-30.87292845662023,-35.29788874299101,-34.95530675515603,-0.09305160945306391,3.2526475524928258,-57.74148953656481,24.64489344462306,-57.32901286571889,24.945321679064808,-1.1455729042471474,14.778252053303094
D12_I5_N,AM,NOx,3.8800944147964844,1212.1337142857142,69.79447675150786,0.2846,0.34258198783497923,0.2570037656070742,0.4895691865452518,1.0,corridor_all_periods,True,24.761978017752728,-9.138432758583004,-0.22877842073304572,0.11380356710193351,-0.027543414848370418,-0.0031345388599129153,-1.0130222276848249,0.06372687973797588,-0.6570028544974107,0.4676425263238598,-0.013170967293319982,0.01757933829405657
D12_I5_N,AM,CO,3.8800944147964844,1212.1337142857142,69.79447675150786,0.2846,0.34258198783497923,0.2570037656070742,0.4895691865452518,1.0,corridor_all_periods,True,24.761978017752728,38.73448302668938,0.0653057052987551,0.4078876931337343,0.1167464884981763,0.04761945587498518,-0.019646411397940197,0.3043937340793051,0.28154918511140725,0.6854665435285272,0.0319131400802855,0.08330919089927961
D12_I5_N,AM,HC,3.8800944147964844,1212.1337142857142,69.79447675150786,0.2846,0.34258198783497923,0.2570037656070742,0.4895691865452518,1.0,corridor_all_periods,True,24.761978017752728,1.6067623092632224,0.08235295643704627,0.4249349442720255,0.004842812987292235,0.002057880466874867,-0.024057507727081213,0.35938532321143063,0.29011526927967923,0.7456715424626135,0.0013340948995856263,0.0037182256443750146
D12_I5_N,MD,CO2,3.8800944147964844,1212.1337142857142,69.79447675150786,0.2846,0.34258198783497923,0.2516525110647864,0.49770518517185364,1.0,corridor_all_periods,True,24.761978017752728,-30.87292845662023,-35.29788874299101,-34.95530675515603,-0.09305160945306391,3.2526475524928258,-27.624841103824455,34.75179337176325,-27.23963103982182,35.082262174935316,-0.8015007030440957,14.822223538911196
D12_I5_N,MD,NOx,3.8800944147964844,1212.1337142857142,69.79447675150786,0.2846,0.34258198783497923,0.2516525110647864,0.49770518517185364,1.0,corridor_all_periods,True,24.761978017752728,-9.138432758583004,-0.22877842073304572,0.11380356710193351,-0.027543414848370418,-0.0031345388599129153,-0.9512250816656465,0.04921184658205977,-0.545050139927643,0.4557504049963422,-0.012664825983072317,0.016429379399448697
D12_I5_N,MD,CO,3.8800944147964844,1212.1337142857142,69.79447675150786,0.2846,0.34258198783497923,0.2516525110647864,0.49770518517185364,1.0,corridor_all_periods,True,24.761978017752728,38.73448302668938,0.0653057052987551,0.4078876931337343,0.1167464884981763,0.04761945587498518,-0.012460033658819621,0.2851102188445425,0.2986524648699305,0.7032975671311757,0.03294292219903008,0.08640627997977791
D12_I5_N,MD,HC,3.8800944147964844,1212.1337142857142,69.79447675150786,0.2846,0.34258198783497923,0.2516525110647864,0.49770518517185364,1.0,corridor_all_periods,True,24.761978017752728,1.6067623092632224,0.08235295643704627,0.4249349442720255,0.004842812987292235,0.002057880466874867,-0.01691864746630976,0.35987930063471957,0.3025363872312462,0.7370338758338126,0.0013956210673765727,0.0039341388262718446
D12_I5_N,PM,CO2,4.322126764549134,1212.1337142857142,69.79447675150786,0.2846,0.33272175322388164,0.2292176317955279,0.5562053795590841,1.0,corridor_period,True,22.25876791278081,662.4309847738093,0.3223705343313192,0.6550922875552008,2.0983724888916186,1.374627633890911,-7.8717836065847075,5.450241713976425,-7.36156671930127,5.76009009881124,-3.490669483660763,4.8810487754094005
D12_I5_N,PM,NOx,4.322126764549134,1212.1337142857142,69.79447675150786,0.2846,0.33272175322388164,0.2292176317955279,0.5562053795590841,1.0,corridor_period,True,22.25876791278081,-7.8122616281064365,-0.05214202603207925,0.2805797271918024,-0.024746781556481214,-0.006943445217992626,-0.3017052978953568,0.34563129050092783,-0.006137082946344648,0.7808431361754978,-0.018158769940678977,0.00015964913068106736
D12_I5_N,PM,CO,4.322126764549134,1212.1337142857142,69.79447675150786,0.2846,0.33272175322388164,0.2292176317955279,0.5562053795590841,1.0,corridor_period,True,22.25876791278081,40.33299872654407,0.01213012547597774,0.3448518786998594,0.12776222258259765,0.044059042484478395,-0.08164575364910255,0.06642342732636379,0.23408643967634818,0.5859739281053956,0.028410123953818874,0.07824107362826321
D12_I5_N,PM,HC,4.322126764549134,1212.1337142857142,69.79447675150786,0.2846,0.33272175322388164,0.2292176317955279,0.5562053795590841,1.0,corridor_period,True,22.25876791278081,1.6936298897569895,0.01625584223031524,0.3489775954541969,0.005364885472928322,0.0018722248322296776,-0.1068016507806127,0.08925473902257501,0.23225079146785654,0.5946638952256645,0.0011715048367650675,0.0033200514410058964
D12_I5_N,NT,CO2,3.8800944147964844,1212.1337142857142,69.79447675150786,0.2846,0.34258198783497923,0.24795959250691005,0.4933828478354646,1.0,corridor_all_periods,True,24.761978017752728,-30.87292845662023,-35.29788874299101,-34.95530675515603,-0.09305160945306391,3.2526475524928258,-34.98327969438015,45.57767082102073,-34.555308673237214,45.97323814074546,-1.0196000441443969,16.623910199320303
D12_I5_N,NT,NOx,3.8800944147964844,1212.1337142857142,69.79447675150786,0.2846,0.34258198783497923,0.24795959250691005,0.4933828478354646,1.0,corridor_all_periods,True,24.761978017752728,-9.138432758583004,-0.22877842073304572,0.11380356710193351,-0.027543414848370418,-0.0031345388599129153,-1.0790874500391956,0.06978686738800444,-0.6985117058850637,0.46552841801604894,-0.013945474910130866,0.020808454873221412
D12_I5_N,NT,CO,3.8800944147964844,1212.1337142857142,69.79447675150786,0.2846,0.34258198783497923,0.24795959250691005,0.4933828478354646,1.0,corridor_all_periods,True,24.761978017752728,38.73448302668938,0.0653057052987551,0.4078876931337343,0.1167464884981763,0.04761945587498518,-0.02076591695190379,0.3528021760645037,0.3070309585340602,0.7123109100071893,0.03390914506618046,0.09110088156822989
D12_I5_N,NT,HC,3.8800944147964844,1212.1337142857142,69.79447675150786,0.2846,0.34258198783497923,0.24795959250691005,0.4933828478354646,1.0,corridor_all_periods,True,24.761978017752728,1.6067623092632224,0.08235295643704627,0.4249349442720255,0.004842812987292235,0.002057880466874867,-0.025536734854141246,0.4183949580539348,0.30877708226332096,0.7809121448427064,0.0014048221610980073,0.004163962069379928
D12_I5_S,AM,CO2,2.012165146373347,1222.8738207978772,69.67847826086955,0.2389,0.9144667422923207,0.4735581719241772,1.3546537959071425,1.0,corridor_period,True,24.85133232395367,-50.380514673030575,-20.79942328502112,-19.8849565427288,-0.13626460703613086,2.709615789225479,-61.94332746151456,55.68428916307359,-60.664588553299616,56.662775195406724,-5.150889263330628,8.898475666555184
D12_I5_S,AM,NOx,2.012165146373347,1222.8738207978772,69.67847826086955,0.2389,0.9144667422923207,0.4735581719241772,1.3546537959071425,1.0,corridor_period,True,24.85133232395367,-9.174697783894295,-0.21913693130686934,0.6953298109854513,-0.024814883220453877,-0.017254528059304244,-0.6841389352754039,0.461566830707968,0.08914140605506456,1.3194292558260154,-0.03292495060889066,-0.00208384966379516
D12_I5_S,AM,CO,2.012165146373347,1222.8738207978772,69.67847826086955,0.2389,0.9144667422923207,0.4735581719241772,1.3546537959071425,1.0,corridor_period,True,24.85133232395367,38.692396321807735,0.06287619220337724,0.977342934495698,0.10465165380495331,0.10228055442956095,-0.12027519859253936,0.20118083769072095,0.5032921606605393,1.5332111827979322,0.03947786480728091,0.19132660211403646
D12_I5_S,AM,HC,2.012165146373347,1222.8738207978772,69.67847826086955,0.2389,0.9144667422923207,0.4735581719241772,1.3546537959071425,1.0,corridor_period,True,24.85133232395367,1.6036008431743396,0.07927987750799952,0.9937466198003202,0.004337272855510014,0.004310150239314759,-0.1476995229068491,0.2466890184048921,0.4744601979639824,1.591884786417114,0.0016210036589948483,0.00825584389710457
D12_I5_S,MD,CO2,1.945299290361924,1222.8738207978772,69.67847826086955,0.2389,0.6512456193167093,0.34708861607570785,0.9050078748096435,1.0,corridor_all_periods,True,28.582567317811122,-998.0650890248244,-1.413683230304175,-0.7624376109874658,-2.469445845070741,1.882798390578659,-7.23864570723527,0.0847610263871593,-6.377097760735216,0.7705084350764927,-1.8262227636706554,5.8460042076202425
D12_I5_S,MD,NOx,1.945299290361924,1222.8738207978772,69.67847826086955,0.2389,0.6512456193167093,0.34708861607570785,0.9050078748096435,1.0,corridor_all_periods,True,28.582567317811122,-11.001682351842513,-0.24855319820966956,0.40269242110703973,-0.027220728458792785,-0.010961581047368565,-0.4854108024928397,0.04720858470833029,0.09166338601837988,0.7447635890203773,-0.021488161521771174,-0.0023184723524659777
D12_I5_S,MD,CO,1.945299290361924,1222.8738207978772,69.67847826086955,0.2389,0.6512456193167093,0.34708861607570785,0.9050078748096435,1.0,corridor_all_periods,True,28.582567317811122,36.46818333467874,0.09189407238227174,0.7431396916989811,0.09023079236354346,0.06705408321879847,-0.016910985875084692,0.18724434751438382,0.40430804833244316,1.0568416455115648,0.030135492208576753,0.1216881153876453
D12_I5_S,MD,HC,1.945299290361924,1222.8738207978772,69.67847826086955,0.2389,0.6512456193167093,0.34708861607570785,0.9050078748096435,1.0,corridor_all_periods,True,28.582567317811122,1.49458256426691,0.10200565480465604,0.7532512741213654,0.0036979458995507405,0.0027854824604684734,-0.019159004470619245,0.1954706051851689,0.410315702555797,1.07559122046657,0.001236447429306911,0.005136793000288107
D12_I5_S,PM,CO2,1.291051429288909,1222.8738207978772,69.67847826086955,0.2389,0.2945502729885238,0.10990058267175963,0.6199087606007521,0.03,corridor_period,False,46.415964220063024,,,,,,,,,,,
D12_I5_S,PM,NOx,1.291051429288909,1222.8738207978772,69.67847826086955,0.2389,0.2945502729885238,0.10990058267175963,0.6199087606007521,0.03,corridor_period,False,46.415964220063024,,,,,,,,,,,
D12_I5_S,PM,CO,1.291051429288909,1222.8738207978772,69.67847826086955,0.2389,0.2945502729885238,0.10990058267175963,0.6199087606007521,0.03,corridor_period,False,46.415964220063024,,,,,,,,,,,
D12_I5_S,PM,HC,1.291051429288909,1222.8738207978772,69.67847826086955,0.2389,0.2945502729885238,0.10990058267175963,0.6199087606007521,0.03,corridor_period,False,46.415964220063024,,,,,,,,,,,
D12_I5_S,NT,CO2,1.945299290361924,1222.8738207978772,69.67847826086955,0.2389,0.6512456193167093,0.33609543490146676,0.9288337671101786,1.0,corridor_all_periods,True,28.582567317811122,-998.0650890248244,-1.413683230304175,-0.7624376109874658,-2.469445845070741,1.882798390578659,-4.6922336256477335,0.9273139582144333,-3.849125232133331,1.545470412414031,-2.841713600938422,5.56027697362365
D12_I5_S,NT,NOx,1.945299290361924,1222.8738207978772,69.67847826086955,0.2389,0.6512456193167093,0.33609543490146676,0.9288337671101786,1.0,corridor_all_periods,True,28.582567317811122,-11.001682351842513,-0.24855319820966956,0.40269242110703973,-0.027220728458792785,-0.010961581047368565,-0.5105351588238464,0.11290686446070053,0.0804230235695435,0.8053586953326692,-0.024449017393492964,-0.001772791951253043
D12_I5_S,NT,CO,1.945299290361924,1222.8738207978772,69.67847826086955,0.2389,0.6512456193167093,0.33609543490146676,0.9288337671101786,1.0,corridor_all_periods,True,28.582567317811122,36.46818333467874,0.09189407238227174,0.7431396916989811,0.09023079236354346,0.06705408321879847,-0.04030738057368112,0.19347064461674493,0.3799954698533049,1.0637320807669242,0.02762406257864478,0.1191756106775942
D12_I5_S,NT,HC,1.945299290361924,1222.8738207978772,69.67847826086955,0.2389,0.6512456193167093,0.33609543490146676,0.9288337671101786,1.0,corridor_all_periods,True,28.582567317811122,1.49458256426691,0.10200565480465604,0.7532512741213654,0.0036979458995507405,0.0027854824604684734,-0.04521197568267001,0.20804733797645725,0.38180954564743963,1.085942872063499,0.0011295002394915846,0.004940034347105036
D7_I10_E,AM,CO2,5.8671983793886175,1401.3513538974096,69.23391831613097,0.17054999999999998,0.5964646498548676,0.4562884422731481,0.8431828342808209,0.0,corridor_all_periods,False,34.795445643508714,,,,,,,,,,,
D7_I10_E,AM,NOx,5.8671983793886175,1401.3513538974096,69.23391831613097,0.17054999999999998,0.5964646498548676,0.4562884422731481,0.8431828342808209,0.0,corridor_all_periods,False,34.795445643508714,,,,,,,,,,,
D7_I10_E,AM,CO,5.8671983793886175,1401.3513538974096,69.23391831613097,0.17054999999999998,0.5964646498548676,0.4562884422731481,0.8431828342808209,0.0,corridor_all_periods,False,34.795445643508714,,,,,,,,,,,
D7_I10_E,AM,HC,5.8671983793886175,1401.3513538974096,69.23391831613097,0.17054999999999998,0.5964646498548676,0.4562884422731481,0.8431828342808209,0.0,corridor_all_periods,False,34.795445643508714,,,,,,,,,,,
D7_I10_E,MD,CO2,5.8671983793886175,1401.3513538974096,69.23391831613097,0.17054999999999998,0.5964646498548676,0.44291893819380723,0.798653212164153,0.0,corridor_all_periods,False,34.795445643508714,,,,,,,,,,,
D7_I10_E,MD,NOx,5.8671983793886175,1401.3513538974096,69.23391831613097,0.17054999999999998,0.5964646498548676,0.44291893819380723,0.798653212164153,0.0,corridor_all_periods,False,34.795445643508714,,,,,,,,,,,
D7_I10_E,MD,CO,5.8671983793886175,1401.3513538974096,69.23391831613097,0.17054999999999998,0.5964646498548676,0.44291893819380723,0.798653212164153,0.0,corridor_all_periods,False,34.795445643508714,,,,,,,,,,,
D7_I10_E,MD,HC,5.8671983793886175,1401.3513538974096,69.23391831613097,0.17054999999999998,0.5964646498548676,0.44291893819380723,0.798653212164153,0.0,corridor_all_periods,False,34.795445643508714,,,,,,,,,,,
D7_I10_E,PM,CO2,6.317299895693677,1401.3513538974096,69.23391831613097,0.17054999999999998,1.1175753123820218,0.294975206681602,2.581067486014467,0.0,corridor_period,False,34.44391558578502,,,,,,,,,,,
D7_I10_E,PM,NOx,6.317299895693677,1401.3513538974096,69.23391831613097,0.17054999999999998,1.1175753123820218,0.294975206681602,2.581067486014467,0.0,corridor_period,False,34.44391558578502,,,,,,,,,,,
D7_I10_E,PM,CO,6.317299895693677,1401.3513538974096,69.23391831613097,0.17054999999999998,1.1175753123820218,0.294975206681602,2.581067486014467,0.0,corridor_period,False,34.44391558578502,,,,,,,,,,,
D7_I10_E,PM,HC,6.317299895693677,1401.3513538974096,69.23391831613097,0.17054999999999998,1.1175753123820218,0.294975206681602,2.581067486014467,0.0,corridor_period,False,34.44391558578502,,,,,,,,,,,
D7_I10_E,NT,CO2,5.8671983793886175,1401.3513538974096,69.23391831613097,0.17054999999999998,0.5964646498548676,0.4609614512936695,0.8219306183029723,0.0,corridor_all_periods,False,34.795445643508714,,,,,,,,,,,
D7_I10_E,NT,NOx,5.8671983793886175,1401.3513538974096,69.23391831613097,0.17054999999999998,0.5964646498548676,0.4609614512936695,0.8219306183029723,0.0,corridor_all_periods,False,34.795445643508714,,,,,,,,,,,
D7_I10_E,NT,CO,5.8671983793886175,1401.3513538974096,69.23391831613097,0.17054999999999998,0.5964646498548676,0.4609614512936695,0.8219306183029723,0.0,corridor_all_periods,False,34.795445643508714,,,,,,,,,,,
D7_I10_E,NT,HC,5.8671983793886175,1401.3513538974096,69.23391831613097,0.17054999999999998,0.5964646498548676,0.4609614512936695,0.8219306183029723,0.0,corridor_all_periods,False,34.795445643508714,,,,,,,,,,,
D7_I10_W,AM,CO2,3.4058874036957385,1423.9920141637904,67.92813036719309,0.1752,0.5423019272339623,0.37036507403040597,0.9743419085026386,0.0075,corridor_period,False,39.12074051978887,,,,,,,,,,,
D7_I10_W,AM,NOx,3.4058874036957385,1423.9920141637904,67.92813036719309,0.1752,0.5423019272339623,0.37036507403040597,0.9743419085026386,0.0075,corridor_period,False,39.12074051978887,,,,,,,,,,,
D7_I10_W,AM,CO,3.4058874036957385,1423.9920141637904,67.92813036719309,0.1752,0.5423019272339623,0.37036507403040597,0.9743419085026386,0.0075,corridor_period,False,39.12074051978887,,,,,,,,,,,
D7_I10_W,AM,HC,3.4058874036957385,1423.9920141637904,67.92813036719309,0.1752,0.5423019272339623,0.37036507403040597,0.9743419085026386,0.0075,corridor_period,False,39.12074051978887,,,,,,,,,,,
D7_I10_W,MD,CO2,3.0601137442496182,1423.9920141637904,67.92813036719309,0.1752,0.4074955401942313,0.31666825223060374,0.5775279323638401,0.0,corridor_all_periods,False,39.69222817256639,,,,,,,,,,,
D7_I10_W,MD,NOx,3.0601137442496182,1423.9920141637904,67.92813036719309,0.1752,0.4074955401942313,0.31666825223060374,0.5775279323638401,0.0,corridor_all_periods,False,39.69222817256639,,,,,,,,,,,
D7_I10_W,MD,CO,3.0601137442496182,1423.9920141637904,67.92813036719309,0.1752,0.4074955401942313,0.31666825223060374,0.5775279323638401,0.0,corridor_all_periods,False,39.69222817256639,,,,,,,,,,,
D7_I10_W,MD,HC,3.0601137442496182,1423.9920141637904,67.92813036719309,0.1752,0.4074955401942313,0.31666825223060374,0.5775279323638401,0.0,corridor_all_periods,False,39.69222817256639,,,,,,,,,,,
D7_I10_W,PM,CO2,3.0601137442496182,1423.9920141637904,67.92813036719309,0.1752,0.4074955401942313,0.3283006195781002,0.5934143175067342,0.0025,corridor_all_periods,False,39.69222817256639,,,,,,,,,,,
D7_I10_W,PM,NOx,3.0601137442496182,1423.9920141637904,67.92813036719309,0.1752,0.4074955401942313,0.3283006195781002,0.5934143175067342,0.0025,corridor_all_periods,False,39.69222817256639,,,,,,,,,,,
D7_I10_W,PM,CO,3.0601137442496182,1423.9920141637904,67.92813036719309,0.1752,0.4074955401942313,0.3283006195781002,0.5934143175067342,0.0025,corridor_all_periods,False,39.69222817256639,,,,,,,,,,,
D7_I10_W,PM,HC,3.0601137442496182,1423.9920141637904,67.92813036719309,0.1752,0.4074955401942313,0.3283006195781002,0.5934143175067342,0.0025,corridor_all_periods,False,39.69222817256639,,,,,,,,,,,
D7_I10_W,NT,CO2,3.0601137442496182,1423.9920141637904,67.92813036719309,0.1752,0.4074955401942313,0.33085219415747436,0.566816548283889,0.0075,corridor_all_periods,False,39.69222817256639,,,,,,,,,,,
D7_I10_W,NT,NOx,3.0601137442496182,1423.9920141637904,67.92813036719309,0.1752,0.4074955401942313,0.33085219415747436,0.566816548283889,0.0075,corridor_all_periods,False,39.69222817256639,,,,,,,,,,,
D7_I10_W,NT,CO,3.0601137442496182,1423.9920141637904,67.92813036719309,0.1752,0.4074955401942313,0.33085219415747436,0.566816548283889,0.0075,corridor_all_periods,False,39.69222817256639,,,,,,,,,,,
D7_I10_W,NT,HC,3.0601137442496182,1423.9920141637904,67.92813036719309,0.1752,0.4074955401942313,0.33085219415747436,0.566816548283889,0.0075,corridor_all_periods,False,39.69222817256639,,,,,,,,,,,
D7_I210_E,AM,CO2,5.00578450825784,1335.2750129852889,67.27065217391305,0.2753,0.6168283810258854,0.32214572213256976,1.2875140177357776,0.035,corridor_all_periods,False,30.44757603824997,,,,,,,,,,,
D7_I210_E,AM,NOx,5.00578450825784,1335.2750129852889,67.27065217391305,0.2753,0.6168283810258854,0.32214572213256976,1.2875140177357776,0.035,corridor_all_periods,False,30.44757603824997,,,,,,,,,,,
D7_I210_E,AM,CO,5.00578450825784,1335.2750129852889,67.27065217391305,0.2753,0.6168283810258854,0.32214572213256976,1.2875140177357776,0.035,corridor_all_periods,False,30.44757603824997,,,,,,,,,,,
D7_I210_E,AM,HC,5.00578450825784,1335.2750129852889,67.27065217391305,0.2753,0.6168283810258854,0.32214572213256976,1.2875140177357776,0.035,corridor_all_periods,False,30.44757603824997,,,,,,,,,,,
D7_I210_E,MD,CO2,5.126435934559256,1335.2750129852889,67.27065217391305,0.2753,0.9553068059472082,0.04278296979240565,1.4698227216642987,0.0825,corridor_period,False,36.19141548000751,,,,,,,,,,,
D7_I210_E,MD,NOx,5.126435934559256,1335.2750129852889,67.27065217391305,0.2753,0.9553068059472082,0.04278296979240565,1.4698227216642987,0.0825,corridor_period,False,36.19141548000751,,,,,,,,,,,
D7_I210_E,MD,CO,5.126435934559256,1335.2750129852889,67.27065217391305,0.2753,0.9553068059472082,0.04278296979240565,1.4698227216642987,0.0825,corridor_period,False,36.19141548000751,,,,,,,,,,,
D7_I210_E,MD,HC,5.126435934559256,1335.2750129852889,67.27065217391305,0.2753,0.9553068059472082,0.04278296979240565,1.4698227216642987,0.0825,corridor_period,False,36.19141548000751,,,,,,,,,,,
D7_I210_E,PM,CO2,5.546054726745283,1335.2750129852889,67.27065217391305,0.2753,3.3577025465415167,0.37630037940713834,7.648096829353268,0.02,corridor_period,False,26.18616628096767,,,,,,,,,,,
D7_I210_E,PM,NOx,5.546054726745283,1335.2750129852889,67.27065217391305,0.2753,3.3577025465415167,0.37630037940713834,7.648096829353268,0.02,corridor_period,False,26.18616628096767,,,,,,,,,,,
D7_I210_E,PM,CO,5.546054726745283,1335.2750129852889,67.27065217391305,0.2753,3.3577025465415167,0.37630037940713834,7.648096829353268,0.02,corridor_period,False,26.18616628096767,,,,,,,,,,,
D7_I210_E,PM,HC,5.546054726745283,1335.2750129852889,67.27065217391305,0.2753,3.3577025465415167,0.37630037940713834,7.648096829353268,0.02,corridor_period,False,26.18616628096767,,,,,,,,,,,
D7_I210_E,NT,CO2,5.00578450825784,1335.2750129852889,67.27065217391305,0.2753,0.6168283810258854,0.3180782722240476,1.250986654705199,0.055,corridor_all_periods,False,30.44757603824997,,,,,,,,,,,
D7_I210_E,NT,NOx,5.00578450825784,1335.2750129852889,67.27065217391305,0.2753,0.6168283810258854,0.3180782722240476,1.250986654705199,0.055,corridor_all_periods,False,30.44757603824997,,,,,,,,,,,
D7_I210_E,NT,CO,5.00578450825784,1335.2750129852889,67.27065217391305,0.2753,0.6168283810258854,0.3180782722240476,1.250986654705199,0.055,corridor_all_periods,False,30.44757603824997,,,,,,,,,,,
D7_I210_E,NT,HC,5.00578450825784,1335.2750129852889,67.27065217391305,0.2753,0.6168283810258854,0.3180782722240476,1.250986654705199,0.055,corridor_all_periods,False,30.44757603824997,,,,,,,,,,,
D7_I210_W,AM,CO2,4.712319777738765,1332.0001161591722,68.14259732499153,0.2352,0.7606007307550935,0.47630226803425496,1.1295856159790019,0.0,corridor_period,False,30.36202199724153,,,,,,,,,,,
D7_I210_W,AM,NOx,4.712319777738765,1332.0001161591722,68.14259732499153,0.2352,0.7606007307550935,0.47630226803425496,1.1295856159790019,0.0,corridor_period,False,30.36202199724153,,,,,,,,,,,
D7_I210_W,AM,CO,4.712319777738765,1332.0001161591722,68.14259732499153,0.2352,0.7606007307550935,0.47630226803425496,1.1295856159790019,0.0,corridor_period,False,30.36202199724153,,,,,,,,,,,
D7_I210_W,AM,HC,4.712319777738765,1332.0001161591722,68.14259732499153,0.2352,0.7606007307550935,0.47630226803425496,1.1295856159790019,0.0,corridor_period,False,30.36202199724153,,,,,,,,,,,
D7_I210_W,MD,CO2,4.010356118605395,1332.0001161591722,68.14259732499153,0.2352,0.831745754068311,0.6160138709284706,1.3273691889871078,0.0,corridor_all_periods,False,33.45250668442762,,,,,,,,,,,
D7_I210_W,MD,NOx,4.010356118605395,1332.0001161591722,68.14259732499153,0.2352,0.831745754068311,0.6160138709284706,1.3273691889871078,0.0,corridor_all_periods,False,33.45250668442762,,,,,,,,,,,
D7_I210_W,MD,CO,4.010356118605395,1332.0001161591722,68.14259732499153,0.2352,0.831745754068311,0.6160138709284706,1.3273691889871078,0.0,corridor_all_periods,False,33.45250668442762,,,,,,,,,,,
D7_I210_W,MD,HC,4.010356118605395,1332.0001161591722,68.14259732499153,0.2352,0.831745754068311,0.6160138709284706,1.3273691889871078,0.0,corridor_all_periods,False,33.45250668442762,,,,,,,,,,,
D7_I210_W,PM,CO2,2.6495580143366486,1332.0001161591722,68.14259732499153,0.2352,0.393618927670808,0.2584175036018721,1.4712255282257674,0.0,corridor_period,False,46.08333890036734,,,,,,,,,,,
D7_I210_W,PM,NOx,2.6495580143366486,1332.0001161591722,68.14259732499153,0.2352,0.393618927670808,0.2584175036018721,1.4712255282257674,0.0,corridor_period,False,46.08333890036734,,,,,,,,,,,
D7_I210_W,PM,CO,2.6495580143366486,1332.0001161591722,68.14259732499153,0.2352,0.393618927670808,0.2584175036018721,1.4712255282257674,0.0,corridor_period,False,46.08333890036734,,,,,,,,,,,
D7_I210_W,PM,HC,2.6495580143366486,1332.0001161591722,68.14259732499153,0.2352,0.393618927670808,0.2584175036018721,1.4712255282257674,0.0,corridor_period,False,46.08333890036734,,,,,,,,,,,
D7_I210_W,NT,CO2,4.010356118605395,1332.0001161591722,68.14259732499153,0.2352,0.831745754068311,0.6169686236285935,1.3651772540818794,0.0,corridor_all_periods,False,33.45250668442762,,,,,,,,,,,
D7_I210_W,NT,NOx,4.010356118605395,1332.0001161591722,68.14259732499153,0.2352,0.831745754068311,0.6169686236285935,1.3651772540818794,0.0,corridor_all_periods,False,33.45250668442762,,,,,,,,,,,
D7_I210_W,NT,CO,4.010356118605395,1332.0001161591722,68.14259732499153,0.2352,0.831745754068311,0.6169686236285935,1.3651772540818794,0.0,corridor_all_periods,False,33.45250668442762,,,,,,,,,,,
D7_I210_W,NT,HC,4.010356118605395,1332.0001161591722,68.14259732499153,0.2352,0.831745754068311,0.6169686236285935,1.3651772540818794,0.0,corridor_all_periods,False,33.45250668442762,,,,,,,,,,,
D7_I405_N,AM,CO2,4.570712067223893,1365.0352844325575,68.30466277344011,0.1442,0.6822620832116029,0.3141489392098944,1.2356033932705837,0.0125,corridor_all_periods,False,29.935760282070067,,,,,,,,,,,
D7_I405_N,AM,NOx,4.570712067223893,1365.0352844325575,68.30466277344011,0.1442,0.6822620832116029,0.3141489392098944,1.2356033932705837,0.0125,corridor_all_periods,False,29.935760282070067,,,,,,,,,,,
D7_I405_N,AM,CO,4.570712067223893,1365.0352844325575,68.30466277344011,0.1442,0.6822620832116029,0.3141489392098944,1.2356033932705837,0.0125,corridor_all_periods,False,29.935760282070067,,,,,,,,,,,
D7_I405_N,AM,HC,4.570712067223893,1365.0352844325575,68.30466277344011,0.1442,0.6822620832116029,0.3141489392098944,1.2356033932705837,0.0125,corridor_all_periods,False,29.935760282070067,,,,,,,,,,,
D7_I405_N,MD,CO2,4.570712067223893,1365.0352844325575,68.30466277344011,0.1442,0.6822620832116029,0.32811398399120517,1.2500750335971547,0.005,corridor_all_periods,False,29.935760282070067,,,,,,,,,,,
D7_I405_N,MD,NOx,4.570712067223893,1365.0352844325575,68.30466277344011,0.1442,0.6822620832116029,0.32811398399120517,1.2500750335971547,0.005,corridor_all_periods,False,29.935760282070067,,,,,,,,,,,
D7_I405_N,MD,CO,4.570712067223893,1365.0352844325575,68.30466277344011,0.1442,0.6822620832116029,0.32811398399120517,1.2500750335971547,0.005,corridor_all_periods,False,29.935760282070067,,,,,,,,,,,
D7_I405_N,MD,HC,4.570712067223893,1365.0352844325575,68.30466277344011,0.1442,0.6822620832116029,0.32811398399120517,1.2500750335971547,0.005,corridor_all_periods,False,29.935760282070067,,,,,,,,,,,
D7_I405_N,PM,CO2,4.570712067223893,1365.0352844325575,68.30466277344011,0.1442,0.6822620832116029,0.32486824059817815,1.1692192480074526,0.01,corridor_all_periods,False,29.935760282070067,,,,,,,,,,,
D7_I405_N,PM,NOx,4.570712067223893,1365.0352844325575,68.30466277344011,0.1442,0.6822620832116029,0.32486824059817815,1.1692192480074526,0.01,corridor_all_periods,False,29.935760282070067,,,,,,,,,,,
D7_I405_N,PM,CO,4.570712067223893,1365.0352844325575,68.30466277344011,0.1442,0.6822620832116029,0.32486824059817815,1.1692192480074526,0.01,corridor_all_periods,False,29.935760282070067,,,,,,,,,,,
D7_I405_N,PM,HC,4.570712067223893,1365.0352844325575,68.30466277344011,0.1442,0.6822620832116029,0.32486824059817815,1.1692192480074526,0.01,corridor_all_periods,False,29.935760282070067,,,,,,,,,,,
D7_I405_N,NT,CO2,4.570712067223893,1365.0352844325575,68.30466277344011,0.1442,0.6822620832116029,0.2776758260021526,1.1850341990212523,0.005,corridor_all_periods,False,29.935760282070067,,,,,,,,,,,
D7_I405_N,NT,NOx,4.570712067223893,1365.0352844325575,68.30466277344011,0.1442,0.6822620832116029,0.2776758260021526,1.1850341990212523,0.005,corridor_all_periods,False,29.935760282070067,,,,,,,,,,,
D7_I405_N,NT,CO,4.570712067223893,1365.0352844325575,68.30466277344011,0.1442,0.6822620832116029,0.2776758260021526,1.1850341990212523,0.005,corridor_all_periods,False,29.935760282070067,,,,,,,,,,,
D7_I405_N,NT,HC,4.570712067223893,1365.0352844325575,68.30466277344011,0.1442,0.6822620832116029,0.2776758260021526,1.1850341990212523,0.005,corridor_all_periods,False,29.935760282070067,,,,,,,,,,,
D7_I405_S,AM,CO2,4.554588285193421,1390.6566140712982,68.75625000000001,0.2355,0.5318324114594147,0.31069879227510533,0.8051913088360801,0.84,corridor_all_periods,True,26.983244998158973,-567.3728727851799,-3.541889108967965,-3.0100566975085505,-1.8742435141706082,5.6415792425912015,-29.066607366281747,28.48849380978351,-28.446522242004715,29.115910776379227,0.7155934985975962,11.348247735281833
D7_I405_S,AM,NOx,4.554588285193421,1390.6566140712982,68.75625000000001,0.2355,0.5318324114594147,0.31069879227510533,0.8051913088360801,0.84,corridor_all_periods,True,26.983244998158973,-10.159169373560523,-0.3811445974091647,0.15068781405025006,-0.03355951301352708,-0.005057009656599317,-0.5989271541715255,-0.14660801772858995,-0.12982080235819793,0.4524866258291556,-0.014960734589625414,0.004071311244285029
D7_I405_S,AM,CO,4.554588285193421,1390.6566140712982,68.75625000000001,0.2355,0.5318324114594147,0.31069879227510533,0.8051913088360801,0.84,corridor_all_periods,True,26.983244998158973,37.512638260148336,0.12558148109244516,0.6574138925518599,0.12391818913261887,0.08146553907565256,0.05826515440286847,0.18772494512633017,0.44997985925637757,0.9191308649116621,0.04162206507864081,0.1446070175242331
D7_I405_S,AM,HC,4.554588285193421,1390.6566140712982,68.75625000000001,0.2355,0.5318324114594147,0.31069879227510533,0.8051913088360801,0.84,corridor_all_periods,True,26.983244998158973,1.5357861745820833,0.1514241599905918,0.6832565714500065,0.005073272648255779,0.0034663468756783392,0.06253494546956839,0.21171572319713822,0.44997947126175486,0.955355939553099,0.0016906937062844472,0.00624734716323521
D7_I405_S,MD,CO2,4.554588285193421,1390.6566140712982,68.75625000000001,0.2355,0.5318324114594147,0.3053172876127988,0.8384354279500233,0.795,corridor_all_periods,True,26.983244998158973,-567.3728727851799,-3.541889108967965,-3.0100566975085505,-1.8742435141706082,5.6415792425912015,-24.494137145622837,20.478341255735184,-24.026430267479018,21.13666633765074,0.5860193346871627,10.932525633895194
D7_I405_S,MD,NOx,4.554588285193421,1390.6566140712982,68.75625000000001,0.2355,0.5318324114594147,0.3053172876127988,0.8384354279500233,0.795,corridor_all_periods,True,26.983244998158973,-10.159169373560523,-0.3811445974091647,0.15068781405025006,-0.03355951301352708,-0.005057009656599317,-0.6083060098538906,-0.15456955029790653,-0.11526429815243834,0.5220309725223206,-0.01523071802135115,0.003569608919515847
D7_I405_S,MD,CO,4.554588285193421,1390.6566140712982,68.75625000000001,0.2355,0.5318324114594147,0.3053172876127988,0.8384354279500233,0.795,corridor_all_periods,True,26.983244998158973,37.512638260148336,0.12558148109244516,0.6574138925518599,0.12391818913261887,0.08146553907565256,0.05627776040315963,0.18067890270628495,0.4486415702822023,0.9172562446490524,0.04325142040424704,0.14394100452300257
D7_I405_S,MD,HC,4.554588285193421,1390.6566140712982,68.75625000000001,0.2355,0.5318324114594147,0.3053172876127988,0.8384354279500233,0.795,corridor_all_periods,True,26.983244998158973,1.5357861745820833,0.1514241599905918,0.6832565714500065,0.005073272648255779,0.0034663468756783392,0.0658658542650728,0.20864093253042143,0.4493615411030192,0.9596904261006326,0.0017456990083777634,0.00619127923625749
D7_I405_S,PM,CO2,4.554588285193421,1390.6566140712982,68.75625000000001,0.2355,0.5318324114594147,0.2944014154458546,0.833764664111862,0.815,corridor_all_periods,True,26.983244998158973,-567.3728727851799,-3.541889108967965,-3.0100566975085505,-1.8742435141706082,5.6415792425912015,-19.70745570754312,28.196735040685972,-19.174419017595547,28.74692738314612,-0.4273261917741627,11.508784860151277
D7_I405_S,PM,NOx,4.554588285193421,1390.6566140712982,68.75625000000001,0.2355,0.5318324114594147,0.2944014154458546,0.833764664111862,0.815,corridor_all_periods,True,26.983244998158973,-10.159169373560523,-0.3811445974091647,0.15068781405025006,-0.03355951301352708,-0.005057009656599317,-0.626988421254283,-0.10259193397926665,-0.1277918613852273,0.4590789797649856,-0.01554994574166591,0.0037969034041243034
D7_I405_S,PM,CO,4.554588285193421,1390.6566140712982,68.75625000000001,0.2355,0.5318324114594147,0.2944014154458546,0.833764664111862,0.815,corridor_all_periods,True,26.983244998158973,37.512638260148336,0.12558148109244516,0.6574138925518599,0.12391818913261887,0.08146553907565256,0.037595420117722045,0.18595600015238647,0.43236531502489167,0.9204696116850428,0.04204293150597602,0.14400125785739853
D7_I405_S,PM,HC,4.554588285193421,1390.6566140712982,68.75625000000001,0.2355,0.5318324114594147,0.2944014154458546,0.833764664111862,0.815,corridor_all_periods,True,26.983244998158973,1.5357861745820833,0.1514241599905918,0.6832565714500065,0.005073272648255779,0.0034663468756783392,0.04316353495350842,0.21491498858431213,0.42866660367522275,0.9617405408299101,0.0016985329756696484,0.006199180078737263
D7_I405_S,NT,CO2,4.554588285193421,1390.6566140712982,68.75625000000001,0.2355,0.5318324114594147,0.30451848230909007,0.8420518781834223,0.815,corridor_all_periods,True,26.983244998158973,-567.3728727851799,-3.541889108967965,-3.0100566975085505,-1.8742435141706082,5.6415792425912015,-25.89211639630285,62.10394261326951,-25.29800974966679,62.76234721961685,-0.18514625297669446,12.01588237588975
D7_I405_S,NT,NOx,4.554588285193421,1390.6566140712982,68.75625000000001,0.2355,0.5318324114594147,0.30451848230909007,0.8420518781834223,0.815,corridor_all_periods,True,26.983244998158973,-10.159169373560523,-0.3811445974091647,0.15068781405025006,-0.03355951301352708,-0.005057009656599317,-0.6208687570925078,-0.10947490294408935,-0.12755952466223874,0.5039649264920303,-0.01639673856137004,0.003944280011265255
D7_I405_S,NT,CO,4.554588285193421,1390.6566140712982,68.75625000000001,0.2355,0.5318324114594147,0.30451848230909007,0.8420518781834223,0.815,corridor_all_periods,True,26.983244998158973,37.512638260148336,0.12558148109244516,0.6574138925518599,0.12391818913261887,0.08146553907565256,0.042898465999044934,0.177319285352943,0.44573514247381,0.9199999698374619,0.042954760030444225,0.14803145935308937
D7_I405_S,NT,HC,4.554588285193421,1390.6566140712982,68.75625000000001,0.2355,0.5318324114594147,0.30451848230909007,0.8420518781834223,0.815,corridor_all_periods,True,26.983244998158973,1.5357861745820833,0.1514241599905918,0.6832565714500065,0.005073272648255779,0.0034663468756783392,0.045817910529329486,0.20780692943688941,0.44276915175625475,0.945756792524816,0.001739014349277521,0.006553021798798633
