corridor,period,N_train,N_source,calibration_scope,fd,n,fp,s,theta,alpha,beta,x_min_h,x_max_h,x_median_h,lower_branch_share,fd_unit,fp_unit,alpha_unit,bootstrap_unit,fd_lo,fd_hi,n_lo,n_hi,fp_lo,fp_hi,s_lo,s_hi,theta_lo,theta_hi,alpha_lo,alpha_hi,beta_lo,beta_hi,analysis_track,paper_corridor,bootstrap_replicates,parameter_CI_scope
AZ_I10_W,AM,0,43,corridor_all_periods,1.2373036267126496,1.07538813292762,0.963141822305749,0.9517332475469742,0.4581401484691591,0.5403825914601623,1.023482640124681,0.4681022684444174,5.885911238721851,3.498151933696963,0.0,h^(1-n),h^(-s),h^(-beta),sensor-month average-weekday profile,1.1816141410321859,1.477795319131654,0.9319937526374065,1.1134268391939839,0.5586609932591786,1.1554929069738502,0.8571745835022582,1.2423786561086252,0.4029257464916249,0.4892416721794185,0.3678627698118327,0.6574287419117126,0.9111463364075169,1.1927273235272857,average_weekday,AZ_I10,400,"conditional on preprocessed input, FD, episode detection and QC; no refit of those stages"
AZ_I10_W,MD,5,43,corridor_all_periods,1.2373036267126496,1.07538813292762,0.963141822305749,0.9517332475469742,0.4581401484691591,0.5403825914601623,1.023482640124681,0.4681022684444174,5.885911238721851,3.498151933696963,0.0,h^(1-n),h^(-s),h^(-beta),sensor-month average-weekday profile,1.1755191636619267,1.449110903468676,0.9510589385541744,1.113152786341349,0.5336472195098194,1.1517194185359387,0.868706761740488,1.3146320360064236,0.4029257464916249,0.4897825391454458,0.36114551119369515,0.644295693979842,0.9147180781477268,1.2542110066046697,average_weekday,AZ_I10,400,"conditional on preprocessed input, FD, episode detection and QC; no refit of those stages"
AZ_I10_W,PM,38,38,corridor_period,1.6931765723791028,0.8330311856451446,0.30807047291159995,1.6350981000172307,0.4348293681532922,0.3168980445386109,1.3620877089034769,1.5471114266555968,5.885911238721851,3.7907526292014317,0.0,h^(1-n),h^(-s),h^(-beta),sensor-month average-weekday profile,1.5637588259166384,1.915610818269302,0.7373710291817807,0.8975472326568867,0.12139003164593432,0.7816555101322777,1.1007381011240494,2.2399285444630217,0.40110646520556537,0.48015207375034386,0.2048351726959041,0.5956990722909477,0.9037519678102239,1.7239204100388328,average_weekday,AZ_I10,400,"conditional on preprocessed input, FD, episode detection and QC; no refit of those stages"
AZ_I10_W,NT,0,43,corridor_all_periods,1.2373036267126496,1.07538813292762,0.963141822305749,0.9517332475469742,0.4581401484691591,0.5403825914601623,1.023482640124681,0.4681022684444174,5.885911238721851,3.498151933696963,0.0,h^(1-n),h^(-s),h^(-beta),sensor-month average-weekday profile,1.180295227199333,1.4745617129053856,0.9300489276143609,1.1101610352500482,0.5383890641752251,1.1424324333307405,0.866513862710273,1.2805873916906771,0.4029257464916249,0.4907939884990806,0.35989468942908515,0.6465089325842961,0.9158383394888108,1.2422383899435567,average_weekday,AZ_I10,400,"conditional on preprocessed input, FD, episode detection and QC; no refit of those stages"
D12_I405_N,AM,1,15,corridor_all_periods,1.0922327945724595,0.9767746759318446,0.4561731688367127,0.5058138555090778,0.812737110501748,0.38766821376084454,0.49406616479671633,0.5617575031607657,4.683450868526896,3.1904977231544374,0.0,h^(1-n),h^(-s),h^(-beta),released link profile,1.0362052798633439,1.267371621291491,0.8519328493428605,1.0156277480270641,0.339099561634684,0.5469385800927054,0.35112307868707854,0.7891088599480893,0.7578510480897449,0.8618880514795816,0.28486317745558876,0.45466507262543115,0.3396320789335777,0.7668311959233317,average_weekday,D12_I405,400,"conditional on preprocessed input, FD, episode detection and QC; no refit of those stages"
D12_I405_N,MD,0,15,corridor_all_periods,1.0922327945724595,0.9767746759318446,0.4561731688367127,0.5058138555090778,0.812737110501748,0.38766821376084454,0.49406616479671633,0.5617575031607657,4.683450868526896,3.1904977231544374,0.0,h^(1-n),h^(-s),h^(-beta),released link profile,1.039299633062117,1.2714461931578638,0.8559159150904916,1.0172689175025789,0.34156989312015884,0.5534433665538148,0.34860018330475434,0.7918793140901548,0.736393000692302,0.8618880514795816,0.2918916617881478,0.4659437270297034,0.34777189501863676,0.7519488764107585,average_weekday,D12_I405,400,"conditional on preprocessed input, FD, episode detection and QC; no refit of those stages"
D12_I405_N,PM,14,14,corridor_period,1.056527818742748,1.0002210390968347,0.46724437736048935,0.5039590405280147,0.7938530206665482,0.38134600364984783,0.5040704351791746,0.5617575031607657,4.683450868526896,3.198032374834847,0.0,h^(1-n),h^(-s),h^(-beta),released link profile,1.023218946955843,1.1410321750423837,0.9412087386151674,1.0311228915978128,0.3232554759576229,0.5533413170065888,0.36195950991694026,0.8401383752576261,0.736393000692302,0.8778814766194545,0.2645426470213683,0.45678121274761446,0.364726562305565,0.814158202135411,average_weekday,D12_I405,400,"conditional on preprocessed input, FD, episode detection and QC; no refit of those stages"
D12_I405_N,NT,0,15,corridor_all_periods,1.0922327945724595,0.9767746759318446,0.4561731688367127,0.5058138555090778,0.812737110501748,0.38766821376084454,0.49406616479671633,0.5617575031607657,4.683450868526896,3.1904977231544374,0.0,h^(1-n),h^(-s),h^(-beta),released link profile,1.037544834198539,1.2709049316495067,0.8549591146020228,1.0146486639587093,0.34914756549240233,0.5472396736965904,0.3771101257929428,0.7588375502579285,0.736393000692302,0.8618880514795816,0.2907229723754084,0.45661368616386316,0.3630678557562152,0.7457222624399605,average_weekday,D12_I405,400,"conditional on preprocessed input, FD, episode detection and QC; no refit of those stages"
D12_I405_S,AM,6,7,unavailable,,,,,,,,,,,,,,,released link profile,,,,,,,,,,,,,,,average_weekday,D12_I405,400,"conditional on preprocessed input, FD, episode detection and QC; no refit of those stages"
D12_I405_S,MD,0,7,unavailable,,,,,,,,,,,,,,,released link profile,,,,,,,,,,,,,,,average_weekday,D12_I405,400,"conditional on preprocessed input, FD, episode detection and QC; no refit of those stages"
D12_I405_S,PM,1,7,unavailable,,,,,,,,,,,,,,,released link profile,,,,,,,,,,,,,,,average_weekday,D12_I405,400,"conditional on preprocessed input, FD, episode detection and QC; no refit of those stages"
D12_I405_S,NT,0,7,unavailable,,,,,,,,,,,,,,,released link profile,,,,,,,,,,,,,,,average_weekday,D12_I405,400,"conditional on preprocessed input, FD, episode detection and QC; no refit of those stages"
D12_I5_N,AM,7,37,corridor_all_periods,1.0950814475203023,1.0319513382002132,0.5711776848269564,0.33197494412136075,0.7891126472686983,0.46452111441495186,0.34258198783497923,0.4326947176145229,7.440247361926498,3.8800944147964844,0.0,h^(1-n),h^(-s),h^(-beta),released link profile,0.9457512710651951,1.1603489024186788,0.9910313363710741,1.1401415490305273,0.48744427485159963,0.6542715764052136,0.2465335715844557,0.45990311759978514,0.7457484108404653,0.833586745423369,0.4038996753669954,0.5335454693242314,0.2570037656070742,0.4895691865452518,average_weekday,D12_I5,400,"conditional on preprocessed input, FD, episode detection and QC; no refit of those stages"
D12_I5_N,MD,6,37,corridor_all_periods,1.0950814475203023,1.0319513382002132,0.5711776848269564,0.33197494412136075,0.7891126472686983,0.46452111441495186,0.34258198783497923,0.4326947176145229,7.440247361926498,3.8800944147964844,0.0,h^(1-n),h^(-s),h^(-beta),released link profile,0.9463100209687255,1.1623234345183382,0.993243122783862,1.132854656005065,0.48324706208756785,0.6847827967520219,0.24070489832325215,0.47986569584742017,0.7535048223517146,0.8287990170907956,0.4079660250653362,0.5413771691974083,0.2516525110647864,0.49770518517185364,average_weekday,D12_I5,400,"conditional on preprocessed input, FD, episode detection and QC; no refit of those stages"
D12_I5_N,PM,23,23,corridor_period,1.1564936787796356,1.007107174601273,0.578937023705007,0.330373729445042,0.7858244175018997,0.47732888807052615,0.33272175322388164,0.4326947176145229,7.440247361926498,4.322126764549134,0.0,h^(1-n),h^(-s),h^(-beta),released link profile,1.0990548812631205,1.2541637959909016,0.9527588722712942,1.0403590323231915,0.4094517016661863,0.6841279191082423,0.2275217493294656,0.5622449339000379,0.7217793617806599,0.8287990170907956,0.34891374399994085,0.5596248440152615,0.2292176317955279,0.5562053795590841,average_weekday,D12_I5,400,"conditional on preprocessed input, FD, episode detection and QC; no refit of those stages"
D12_I5_N,NT,1,37,corridor_all_periods,1.0950814475203023,1.0319513382002132,0.5711776848269564,0.33197494412136075,0.7891126472686983,0.46452111441495186,0.34258198783497923,0.4326947176145229,7.440247361926498,3.8800944147964844,0.0,h^(1-n),h^(-s),h^(-beta),released link profile,0.9172816594090653,1.1630442410853459,0.9902425814639264,1.1512652352070945,0.47735996316925056,0.6575757822748475,0.23820280921907466,0.4783974705349853,0.7531170017761522,0.8287990170907956,0.39553158278249667,0.5340146568802911,0.24795959250691005,0.4933828478354646,average_weekday,D12_I5,400,"conditional on preprocessed input, FD, episode detection and QC; no refit of those stages"
D12_I5_S,AM,42,42,corridor_period,1.1194930392880404,1.0308417618895644,0.4819823587442288,0.8871068054286773,0.7812577427578122,0.4162101745548738,0.9144667422923207,0.5721829080408543,3.577676363220585,2.012165146373347,0.0,h^(1-n),h^(-s),h^(-beta),released link profile,1.061984564157092,1.2162768492433012,0.9381727705874049,1.096475825698533,0.37092755497329466,0.5979811214136476,0.4815875446734251,1.31093709791234,0.693762055215096,0.8093122710977614,0.31613306703811156,0.4929554993605503,0.4735581719241772,1.3546537959071425,average_weekday,D12_I5,400,"conditional on preprocessed input, FD, episode detection and QC; no refit of those stages"
D12_I5_S,MD,0,59,corridor_all_periods,1.0884668732713347,1.0357878232411757,0.5647231368289346,0.6287442318822004,0.7854871194024728,0.46786655783457515,0.6512456193167093,0.49510431271333444,3.577676363220585,1.945299290361924,0.0,h^(1-n),h^(-s),h^(-beta),released link profile,1.0548628846960122,1.1288485460903945,0.9932209011427889,1.0702457633361282,0.4967875421696846,0.6745583325912604,0.33934072193245546,0.8612032137246703,0.716216592181152,0.8191214138966529,0.4143333610381901,0.555122331728381,0.34708861607570785,0.9050078748096435,average_weekday,D12_I5,400,"conditional on preprocessed input, FD, episode detection and QC; no refit of those stages"
D12_I5_S,PM,17,17,corridor_period,1.0469665074095273,0.9737926137278072,0.6837686791053256,0.30247741545393975,0.787935820366546,0.5462975669925602,0.2945502729885238,0.49510431271333444,2.8517041796795146,1.291051429288909,0.0,h^(1-n),h^(-s),h^(-beta),released link profile,0.9789396123876489,1.0740153623519044,0.7696270841335682,1.031059854675821,0.571628627513629,0.7784035600271892,0.12096644091704123,0.6159872187688943,0.7050387249721358,0.8719826231434376,0.45558410524684073,0.6282112016979519,0.10990058267175963,0.6199087606007521,average_weekday,D12_I5,400,"conditional on preprocessed input, FD, episode detection and QC; no refit of those stages"
D12_I5_S,NT,0,59,corridor_all_periods,1.0884668732713347,1.0357878232411757,0.5647231368289346,0.6287442318822004,0.7854871194024728,0.46786655783457515,0.6512456193167093,0.49510431271333444,3.577676363220585,1.945299290361924,0.0,h^(1-n),h^(-s),h^(-beta),released link profile,1.053990606624162,1.1370175048362334,0.9838667234806809,1.0738864845726237,0.5066185465673794,0.6769855997373433,0.3288315709054899,0.8962452553210231,0.7165032041608703,0.8152641746057032,0.422844804125444,0.5415758975763766,0.33609543490146676,0.9288337671101786,average_weekday,D12_I5,400,"conditional on preprocessed input, FD, episode detection and QC; no refit of those stages"
D7_I10_E,AM,5,23,corridor_all_periods,1.0595126839963975,1.016582383397227,0.5583298400842733,0.5867351821124374,0.6576863444889413,0.3798746663815558,0.5964646498548676,0.6197546917514648,8.760340890209694,5.8671983793886175,0.0,h^(1-n),h^(-s),h^(-beta),released link profile,0.9983751023527064,1.1569118685833752,0.9680808084814314,1.057765148260004,0.42027549884800897,0.8352410335562099,0.45637342103903267,0.8242931178718326,0.598212457864852,0.7736631044940447,0.2913864086622247,0.5617679939231272,0.4562884422731481,0.8431828342808209,average_weekday,D7_I10,400,"conditional on preprocessed input, FD, episode detection and QC; no refit of those stages"
D7_I10_E,MD,3,23,corridor_all_periods,1.0595126839963975,1.016582383397227,0.5583298400842733,0.5867351821124374,0.6576863444889413,0.3798746663815558,0.5964646498548676,0.6197546917514648,8.760340890209694,5.8671983793886175,0.0,h^(1-n),h^(-s),h^(-beta),released link profile,0.998856885032774,1.162470157617844,0.9708862339425004,1.0486320862238958,0.4562941067951433,0.8363697175434422,0.4385484195036412,0.7927636631853081,0.6107688685013569,0.7736631044940447,0.3034724038184693,0.570303867260807,0.44291893819380723,0.798653212164153,average_weekday,D7_I10,400,"conditional on preprocessed input, FD, episode detection and QC; no refit of those stages"
D7_I10_E,PM,15,15,corridor_period,1.1496493415609208,0.9725510182682273,0.2159925759172105,1.1491174153228814,0.6233252791378618,0.15803392047185888,1.1175753123820218,1.6080873470089874,8.760340890209694,6.317299895693677,0.0,h^(1-n),h^(-s),h^(-beta),released link profile,0.8708026626579914,1.5707202977796273,0.8084595814827054,1.1265647059854718,0.021733602801036898,1.0453497158665828,0.3653957556822185,2.386226984489244,0.5527101965407377,0.6576863444889413,0.010921371544018604,0.6997676598917215,0.294975206681602,2.581067486014467,average_weekday,D7_I10,400,"conditional on preprocessed input, FD, episode detection and QC; no refit of those stages"
D7_I10_E,NT,0,23,corridor_all_periods,1.0595126839963975,1.016582383397227,0.5583298400842733,0.5867351821124374,0.6576863444889413,0.3798746663815558,0.5964646498548676,0.6197546917514648,8.760340890209694,5.8671983793886175,0.0,h^(1-n),h^(-s),h^(-beta),released link profile,0.99866293805642,1.1709495544871724,0.9651031170699067,1.0494982830575406,0.40957188162252556,0.8382390067743765,0.46116046179290154,0.8050702605041524,0.598212457864852,0.7736631044940447,0.2823184667602557,0.5759144540474467,0.4609614512936695,0.8219306183029723,average_weekday,D7_I10,400,"conditional on preprocessed input, FD, episode detection and QC; no refit of those stages"
D7_I10_W,AM,26,26,corridor_period,1.0661326851232302,1.0030818253761506,0.4945362210794696,0.5406357821612428,0.7421465046958853,0.3799474319957134,0.5423019272339623,0.7615971219376251,7.221374829402467,3.4058874036957385,0.0,h^(1-n),h^(-s),h^(-beta),released link profile,1.026980410092318,1.108821692613521,0.9694136967699457,1.035104405712064,0.28239800957283223,0.5617652474545072,0.3758570769782056,0.9489350680228714,0.7047585930451504,0.768573560198743,0.2199922673151474,0.43597874313274215,0.37036507403040597,0.9743419085026386,average_weekday,D7_I10,400,"conditional on preprocessed input, FD, episode detection and QC; no refit of those stages"
D7_I10_W,MD,1,30,corridor_all_periods,1.0471059671714955,1.017484835632129,0.570513881260172,0.40049298615941337,0.7556973297196432,0.4391574071831521,0.4074955401942313,0.5464997413178933,7.221374829402467,3.0601137442496182,0.0,h^(1-n),h^(-s),h^(-beta),released link profile,1.0241530510503254,1.0885254692203117,0.9801525812642861,1.0377034774254446,0.4724392362356673,0.6555214920568349,0.31046169220956693,0.5619190868954277,0.7175809870763452,0.7811932826289596,0.35854218070996446,0.5074355367850633,0.31666825223060374,0.5775279323638401,average_weekday,D7_I10,400,"conditional on preprocessed input, FD, episode detection and QC; no refit of those stages"
D7_I10_W,PM,3,30,corridor_all_periods,1.0471059671714955,1.017484835632129,0.570513881260172,0.40049298615941337,0.7556973297196432,0.4391574071831521,0.4074955401942313,0.5464997413178933,7.221374829402467,3.0601137442496182,0.0,h^(1-n),h^(-s),h^(-beta),released link profile,1.0211373565693056,1.0883359760211662,0.9803071087806268,1.0404170401855342,0.46718234106394513,0.64508320711075,0.32401408203008053,0.5937988969767978,0.7263870882489928,0.781233014190563,0.35593366320117975,0.49787208058104143,0.3283006195781002,0.5934143175067342,average_weekday,D7_I10,400,"conditional on preprocessed input, FD, episode detection and QC; no refit of those stages"
D7_I10_W,NT,0,30,corridor_all_periods,1.0471059671714955,1.017484835632129,0.570513881260172,0.40049298615941337,0.7556973297196432,0.4391574071831521,0.4074955401942313,0.5464997413178933,7.221374829402467,3.0601137442496182,0.0,h^(1-n),h^(-s),h^(-beta),released link profile,1.025651492220572,1.0870932475154098,0.9798064395275977,1.039647795584641,0.4838524896878772,0.65128022411245,0.32864090823950853,0.5514765264679156,0.7263870882489928,0.7827825450930993,0.374566676293835,0.5052147465200727,0.33085219415747436,0.566816548283889,average_weekday,D7_I10,400,"conditional on preprocessed input, FD, episode detection and QC; no refit of those stages"
D7_I210_E,AM,4,20,corridor_all_periods,1.0870095154357462,1.0125005024368583,0.498084344462563,0.6092129135159142,0.7212380421318988,0.37796826697379987,0.6168283810258854,0.7120711900425016,6.955811639634703,5.00578450825784,0.0,h^(1-n),h^(-s),h^(-beta),released link profile,1.0263743905408924,1.157732531747784,0.9689054940357483,1.0483306618827082,0.17073436089402888,0.7341427706620809,0.3327938267270709,1.2446339765955867,0.650879880913232,0.7918468888547282,0.1211743117210096,0.5533969082155582,0.32214572213256976,1.2875140177357776,average_weekday,D7_I210,400,"conditional on preprocessed input, FD, episode detection and QC; no refit of those stages"
D7_I210_E,MD,8,8,corridor_period,1.2050928023458418,0.9315153760202035,0.18794378576228113,1.025540565984698,0.73768409081611,0.1678758365386286,0.9553068059472082,2.4764848536208617,6.955811639634703,5.126435934559256,0.0,h^(1-n),h^(-s),h^(-beta),released link profile,0.9647311998720639,1.4004362855610761,0.8393350192209303,1.0566346691374087,0.10762898429943778,0.9990453126957115,0.05,1.3946481877206134,0.6886576523245657,0.8298210060490115,0.07964928505518169,0.7313441420499588,0.04278296979240565,1.4698227216642987,average_weekday,D7_I210,400,"conditional on preprocessed input, FD, episode detection and QC; no refit of those stages"
D7_I210_E,PM,8,8,corridor_period,0.98239491031959,1.087651227810984,0.00684891142952002,3.0871132773869587,0.6416577808454678,0.004160172543660879,3.3577025465415167,4.365760819500726,6.344698214791453,5.546054726745283,0.0,h^(1-n),h^(-s),h^(-beta),released link profile,0.36992671675102684,1.7871759938007437,0.7225687864443723,1.63278218189232,0.00012110164029689071,0.9174532362967249,0.4246381206824657,5.294429990023738,0.5664962794432378,0.7321616526646918,1.7740133164096763e-06,0.6398064959022909,0.37630037940713834,7.648096829353268,average_weekday,D7_I210,400,"conditional on preprocessed input, FD, episode detection and QC; no refit of those stages"
D7_I210_E,NT,0,20,corridor_all_periods,1.0870095154357462,1.0125005024368583,0.498084344462563,0.6092129135159142,0.7212380421318988,0.37796826697379987,0.6168283810258854,0.7120711900425016,6.955811639634703,5.00578450825784,0.0,h^(1-n),h^(-s),h^(-beta),released link profile,1.0293377745162764,1.162593703357932,0.9680114153111046,1.0484974304025116,0.17720567378600155,0.738671685965226,0.32143097051700587,1.1999174069880958,0.644485279651492,0.7900034227373093,0.13757526875119852,0.5417910041623021,0.3180782722240476,1.250986654705199,average_weekday,D7_I210,400,"conditional on preprocessed input, FD, episode detection and QC; no refit of those stages"
D7_I210_W,AM,22,22,corridor_period,1.135069666363396,0.985918407638151,0.6309753587002819,0.771464174786203,0.5274075565658645,0.3669497941439255,0.7606007307550935,0.8906470615160893,5.940498467987643,4.712319777738765,0.0,h^(1-n),h^(-s),h^(-beta),released link profile,0.9990342871502259,1.2851754686823047,0.9022432449569336,1.071655920644641,0.37262039103920536,0.9173383038770497,0.4884578809784296,1.1243355318388601,0.4681587597357334,0.585110683018216,0.19628737611831296,0.525572674810147,0.47630226803425496,1.1295856159790019,average_weekday,D7_I210,400,"conditional on preprocessed input, FD, episode detection and QC; no refit of those stages"
D7_I210_W,MD,0,33,corridor_all_periods,1.0652085630941721,1.017976211358848,0.5575744731385895,0.8170581441761328,0.608950738847266,0.3575203343883863,0.831745754068311,0.6588584315487581,5.940498467987643,4.010356118605395,0.0,h^(1-n),h^(-s),h^(-beta),released link profile,0.9431069187189152,1.119977950082614,0.979181097492402,1.104141755058336,0.27514323623736453,0.6256920782717343,0.6124919818380363,1.2174371414395466,0.5461987280560929,0.7282016230186595,0.15314486114936862,0.454894365500515,0.6160138709284706,1.3273691889871078,average_weekday,D7_I210,400,"conditional on preprocessed input, FD, episode detection and QC; no refit of those stages"
D7_I210_W,PM,11,11,corridor_period,1.0390021491339378,1.003480148216952,0.4909133222521189,0.3922538262169067,0.8161548147919869,0.40671971964423315,0.393618927670808,0.6588584315487581,5.377355235201476,2.6495580143366486,0.0,h^(1-n),h^(-s),h^(-beta),released link profile,0.9555459422777628,1.0858517376942016,0.9554965967291176,1.0758380025537966,0.19618198384115726,0.5993804192050763,0.265236361066685,1.382308294448909,0.7383710351713888,0.872696999607091,0.14878624209035368,0.4921990332951718,0.2584175036018721,1.4712255282257674,average_weekday,D7_I210,400,"conditional on preprocessed input, FD, episode detection and QC; no refit of those stages"
D7_I210_W,NT,0,33,corridor_all_periods,1.0652085630941721,1.017976211358848,0.5575744731385895,0.8170581441761328,0.608950738847266,0.3575203343883863,0.831745754068311,0.6588584315487581,5.940498467987643,4.010356118605395,0.0,h^(1-n),h^(-s),h^(-beta),released link profile,0.9469531144829845,1.1263094054611238,0.9805697353298503,1.1034428380057766,0.2695607481685014,0.62949641207879,0.6115373177956741,1.2658373502900715,0.5274075565658645,0.7282016230186595,0.1423840254878672,0.4461622816806725,0.6169686236285935,1.3651772540818794,average_weekday,D7_I210,400,"conditional on preprocessed input, FD, episode detection and QC; no refit of those stages"
D7_I405_N,AM,6,15,corridor_all_periods,1.0406362711123256,1.046261768797571,0.6423927798647298,0.6520950144204359,0.6113885541347807,0.4030867476511732,0.6822620832116029,0.5525206873470863,12.47038304128513,4.570712067223893,0.0,h^(1-n),h^(-s),h^(-beta),released link profile,0.7511807002265862,1.1165588728792202,0.9972733589449947,1.2779263928499838,0.5638083697123089,1.1579691450636072,0.3146683897536446,1.0172664484729819,0.4920210396278882,0.7388406893002759,0.2596984051669682,0.696452096638084,0.3141489392098944,1.2356033932705837,average_weekday,D7_I405,400,"conditional on preprocessed input, FD, episode detection and QC; no refit of those stages"
D7_I405_N,MD,2,15,corridor_all_periods,1.0406362711123256,1.046261768797571,0.6423927798647298,0.6520950144204359,0.6113885541347807,0.4030867476511732,0.6822620832116029,0.5525206873470863,12.47038304128513,4.570712067223893,0.0,h^(1-n),h^(-s),h^(-beta),released link profile,0.7127600594993658,1.1160755437466023,0.9980489292829744,1.302320617300349,0.5648043238946938,1.1793136388299952,0.3284101233859651,1.0725783882379067,0.47943855160931503,0.7391015509210871,0.25257320404288586,0.7417941904839689,0.32811398399120517,1.2500750335971547,average_weekday,D7_I405,400,"conditional on preprocessed input, FD, episode detection and QC; no refit of those stages"
D7_I405_N,PM,7,15,corridor_all_periods,1.0406362711123256,1.046261768797571,0.6423927798647298,0.6520950144204359,0.6113885541347807,0.4030867476511732,0.6822620832116029,0.5525206873470863,12.47038304128513,4.570712067223893,0.0,h^(1-n),h^(-s),h^(-beta),released link profile,0.8371065654947467,1.1321618148231998,0.997112577674763,1.2137856875361768,0.5667254203114105,1.041300498974631,0.325344956525076,0.9882786569411911,0.4922100080425459,0.7391080724616074,0.29090157090811375,0.6503055980412417,0.32486824059817815,1.1692192480074526,average_weekday,D7_I405,400,"conditional on preprocessed input, FD, episode detection and QC; no refit of those stages"
D7_I405_N,NT,0,15,corridor_all_periods,1.0406362711123256,1.046261768797571,0.6423927798647298,0.6520950144204359,0.6113885541347807,0.4030867476511732,0.6822620832116029,0.5525206873470863,12.47038304128513,4.570712067223893,0.0,h^(1-n),h^(-s),h^(-beta),released link profile,0.7380594618004367,1.1212076696751703,0.9981141741086624,1.270476051564624,0.5591854733182329,1.2930267150625774,0.27915437233313256,0.985261070982805,0.48465127145623677,0.7388406893002759,0.27035086256591956,0.709358235616213,0.2776758260021526,1.1850341990212523,average_weekday,D7_I405,400,"conditional on preprocessed input, FD, episode detection and QC; no refit of those stages"
D7_I405_S,AM,3,11,corridor_all_periods,1.0420387341457247,1.0606067942740236,0.5737011351294166,0.5014416410781618,0.7352596129135058,0.43061993778729435,0.5318324114594147,1.1059571674441326,7.441206615098297,4.554588285193421,0.0,h^(1-n),h^(-s),h^(-beta),released link profile,0.7328211978506516,1.0917323772299992,1.0141437994710654,1.2324989893369425,0.42815976254735716,1.2545558300220874,0.2934837805669936,0.7487865733763187,0.5408578458330238,0.7968558373951492,0.301634843975954,0.6837297386622269,0.31069879227510533,0.8051913088360801,average_weekday,D7_I405,400,"conditional on preprocessed input, FD, episode detection and QC; no refit of those stages"
D7_I405_S,MD,1,11,corridor_all_periods,1.0420387341457247,1.0606067942740236,0.5737011351294166,0.5014416410781618,0.7352596129135058,0.43061993778729435,0.5318324114594147,1.1059571674441326,7.441206615098297,4.554588285193421,0.0,h^(1-n),h^(-s),h^(-beta),released link profile,0.8286723849782197,1.1046815293868706,1.0110169094489332,1.1836234542055935,0.43059640668799715,1.1700087879660483,0.28922270707068587,0.794723653266071,0.5266567072549243,0.800916764759157,0.27678486553520065,0.6528515768511021,0.3053172876127988,0.8384354279500233,average_weekday,D7_I405,400,"conditional on preprocessed input, FD, episode detection and QC; no refit of those stages"
D7_I405_S,PM,7,11,corridor_all_periods,1.0420387341457247,1.0606067942740236,0.5737011351294166,0.5014416410781618,0.7352596129135058,0.43061993778729435,0.5318324114594147,1.1059571674441326,7.441206615098297,4.554588285193421,0.0,h^(1-n),h^(-s),h^(-beta),released link profile,0.6515896151622008,1.096810882871701,1.0102542032136983,1.3013500244364167,0.44049229822866653,1.157306397266614,0.27755585121081405,0.7420378285988487,0.533847157167886,0.8008599028297227,0.2767320104678679,0.6501166031466987,0.2944014154458546,0.833764664111862,average_weekday,D7_I405,400,"conditional on preprocessed input, FD, episode detection and QC; no refit of those stages"
D7_I405_S,NT,0,11,corridor_all_periods,1.0420387341457247,1.0606067942740236,0.5737011351294166,0.5014416410781618,0.7352596129135058,0.43061993778729435,0.5318324114594147,1.1059571674441326,7.441206615098297,4.554588285193421,0.0,h^(1-n),h^(-s),h^(-beta),released link profile,0.6804697640657474,1.1024839743014074,1.0076180444638958,1.2820370173908928,0.4185652674488562,1.1703150380993195,0.29184392604757897,0.7409362987305759,0.533847157167886,0.7966450971091192,0.2580680693619197,0.6349434344248975,0.30451848230909007,0.8420518781834223,average_weekday,D7_I405,400,"conditional on preprocessed input, FD, episode detection and QC; no refit of those stages"
