corridor,detected,hard_qc_failed,outlier_failed_after_hard_qc,eligible,fitted,physical,observed_physical,matched,closed,lower_branch,legacy_eligible
AZ_I10_W,44,1,0,43,43,20,16,20,20,0,43
D12_I405_N,19,4,0,15,15,4,4,4,4,0,15
D12_I405_S,11,4,0,7,0,0,2,0,0,0,7
D12_I5_N,37,0,0,37,37,37,23,37,37,0,37
D12_I5_S,61,1,1,59,59,42,31,42,42,0,59
D7_I10_E,34,11,0,23,23,7,4,7,7,0,23
D7_I10_W,35,5,0,30,30,8,8,8,8,0,30
D7_I210_E,20,0,0,20,20,8,5,8,8,0,20
D7_I210_W,33,0,0,33,33,5,6,5,5,0,32
D7_I405_N,15,0,0,15,15,0,1,0,0,0,15
D7_I405_S,16,5,0,11,11,6,4,6,6,0,11
