corridor,period,beta,beta_lo,beta_hi,PoA,PoA_lo,PoA_hi,optimal_variable_link_share,share_lo,share_hi
AZ_I10_W,AM,1.023482640124681,0.9111463364075169,1.1927273235272857,1.3405570960504258,1.3058074056475928,1.3920291262490896,0.5022542497520851,0.4912184607363219,0.5177420753616686
AZ_I10_W,MD,1.023482640124681,0.9147180781477268,1.2542110066046697,1.3405570960504258,1.306919923888607,1.4104845025150965,0.5022542497520851,0.49157940366436836,0.5230610409226084
AZ_I10_W,PM,1.3620877089034769,0.9037519678102239,1.7239204100388328,1.4425734076875443,1.3035024759153977,1.5477433881913545,0.5320327161987937,0.49046890433372053,0.5591848380698693
AZ_I10_W,NT,1.023482640124681,0.9158383394888108,1.2422383899435567,1.3405570960504258,1.3072687514481107,1.4069005292484764,0.5022542497520851,0.4916924675329715,0.5220374966561543
D12_I405_N,AM,0.49406616479671633,0.3396320789335777,0.7668311959233317,1.1719472577155285,1.1200521449432808,1.2604097647023695,0.4436820964862089,0.4227742440729397,0.47603709404518363
D12_I405_N,MD,0.49406616479671633,0.34777189501863676,0.7519488764107585,1.1719472577155285,1.1228244195035566,1.2556764102207094,0.4436820964862089,0.42393062324142694,0.47440150500089956
D12_I405_N,PM,0.5040704351791746,0.364726562305565,0.814158202135411,1.1752603687916132,1.128585083967948,1.2753960095832357,0.44496574471644984,0.42631885835879324,0.48114828741978594
D12_I405_N,NT,0.49406616479671633,0.3630678557562152,0.7457222624399605,1.1719472577155285,1.1280223024473366,1.253693290348814,0.4436820964862089,0.4260863884538941,0.4737134562800091
D12_I405_S,AM,,,,,,,,,
D12_I405_S,MD,,,,,,,,,
D12_I405_S,PM,,,,,,,,,
D12_I405_S,NT,,,,,,,,,
D12_I5_N,AM,0.34258198783497923,0.2570037656070742,0.4895691865452518,1.1210573333249545,1.0916582635308427,1.170456154660243,0.42319406691001765,0.4106596292799085,0.44310244005591093
D12_I5_N,MD,0.34258198783497923,0.2516525110647864,0.49770518517185364,1.1210573333249545,1.0898030248200492,1.173152982108074,0.42319406691001765,0.40985049401963,0.44414986987603633
D12_I5_N,PM,0.33272175322388164,0.2292176317955279,0.5562053795590841,1.1176952086740573,1.0820024922530163,1.1924362626296006,0.4217874803811234,0.4064241924041946,0.4515267318116101
D12_I5_N,NT,0.34258198783497923,0.24795959250691005,0.4933828478354646,1.1210573333249545,1.0885215184678523,1.1717207516459005,0.42319406691001765,0.40929029643101994,0.4435941146585111
D12_I5_S,AM,0.9144667422923207,0.4735581719241772,1.3546537959071425,1.3068416553491484,1.1651378879320688,1.4403732527404054,0.49155402739399945,0.4410251446702405,0.531428072532698
D12_I5_S,MD,0.6512456193167093,0.34708861607570785,0.9050078748096435,1.2233776484755186,1.1225918647622182,1.3038942076239928,0.4629627368139388,0.4238337874176037,0.4905965424520414
D12_I5_S,PM,0.2945502729885238,0.10990058267175963,0.6199087606007521,1.1046184741761285,1.039870274493668,1.2132266226615693,0.41625126893996134,0.3872167597612578,0.4592638656372377
D12_I5_S,NT,0.6512456193167093,0.33609543490146676,0.9288337671101786,1.2233776484755186,1.1188461840350306,1.3113116086839756,0.4629627368139388,0.4222696701151413,0.49299919931286024
D7_I10_E,AM,0.5964646498548676,0.4562884422731481,0.8431828342808209,1.2055998593997161,1.1593849108623557,1.284538463232127,0.4564510614604931,0.4387605200917401,0.4842175536335233
D7_I10_E,MD,0.5964646498548676,0.44291893819380723,0.798653212164153,1.2055998593997161,1.154919315327149,1.2704971251121957,0.4564510614604931,0.43699010978549085,0.4794884673449304
D7_I10_E,PM,1.1175753123820218,0.294975206681602,2.581067486014467,1.369298231643988,1.104761804590287,1.7847115973020504,0.5110239404078656,0.41630952586555825,0.6100353966768476
D7_I10_E,NT,0.5964646498548676,0.4609614512936695,0.8219306183029723,1.2055998593997161,1.1609433556482491,1.2778478217076286,0.4564510614604931,0.4393758380134014,0.48197502533926656
D7_I10_W,AM,0.5423019272339623,0.37036507403040597,0.9743419085026386,1.1878702564002417,1.1304967895235392,1.3254163676702109,0.44979774470532596,0.4271070630344332,0.4975056806869715
D7_I10_W,MD,0.4074955401942313,0.31666825223060374,0.5775279323638401,1.1430357040975883,1.1122075502926025,1.1994186812854093,0.432223951293129,0.41947694473410135,0.4541497848050142
D7_I10_W,PM,0.4074955401942313,0.3283006195781002,0.5934143175067342,1.1430357040975883,1.116185618712887,1.2046054588554382,0.432223951293129,0.42115370495062354,0.4560821595283661
D7_I10_W,NT,0.4074955401942313,0.33085219415747436,0.566816548283889,1.1430357040975883,1.1170570080742432,1.1959140931841499,0.432223951293129,0.42151971111693665,0.4528363947096897
D7_I210_E,AM,0.6168283810258854,0.32214572213256976,1.2875140177357776,1.212226124923442,1.114081849162251,1.4204289688415332,0.45889653765699123,0.4202681368939317,0.525877581574027
D7_I210_E,MD,0.9553068059472082,0.04278296979240565,1.4698227216642987,1.3195265456651233,1.0156516725050377,1.474267860447838,0.495633728382718,0.37561157579166554,0.5405651939890828
D7_I210_E,PM,3.3577025465415167,0.37630037940713834,7.648096829353268,1.9882653555964243,1.132491320355367,3.0030435315308006,0.6450815014509113,0.42791031904492594,0.754214629137291
D7_I210_E,NT,0.6168283810258854,0.3180782722240476,1.250986654705199,1.212226124923442,1.1126902278014534,1.4095197114534606,0.45889653765699123,0.4196809011614554,0.5227858988506938
D7_I210_W,AM,0.7606007307550935,0.47630226803425496,1.1295856159790019,1.2584294726475487,1.1660503996537128,1.3729438960098566,0.47535416096892363,0.44138264770905555,0.512113981736956
D7_I210_W,MD,0.831745754068311,0.6160138709284706,1.3273691889871078,1.2809402398254215,1.2119614934451917,1.4322856666783454,0.483013957825306,0.45879929526346697,0.5291937884959215
D7_I210_W,PM,0.393618927670808,0.2584175036018721,1.4712255282257674,1.138359643671998,1.0921480503973793,1.4746783999493718,0.4303264156250191,0.41087287267302164,0.5406737209568603
D7_I210_W,NT,0.831745754068311,0.6169686236285935,1.3651772540818794,1.2809402398254215,1.2122716491017054,1.4434871144717472,0.483013957825306,0.45891322443025434,0.5322831812143611
D7_I405_N,AM,0.6822620832116029,0.3141489392098944,1.2356033932705837,1.2333771573767613,1.1113447487759263,1.4049122902780742,0.4665571670011651,0.4191119480823895,0.5214677005780312
D7_I405_N,MD,0.6822620832116029,0.32811398399120517,1.2500750335971547,1.2333771573767613,1.1161218422096928,1.4092466267924286,0.4665571670011651,0.4211268760614384,0.5227077253611605
D7_I405_N,PM,0.6822620832116029,0.32486824059817815,1.1692192480074526,1.2333771573767613,1.1150127404510999,1.3849395552815948,0.4665571670011651,0.42066033443263096,0.5156668502434855
D7_I405_N,NT,0.6822620832116029,0.2776758260021526,1.1850341990212523,1.2333771573767613,1.0988059973619997,1.3897110913152457,0.4665571670011651,0.41375656069258865,0.5170655348722786
D7_I405_S,AM,0.5318324114594147,0.31069879227510533,0.8051913088360801,1.1844250803996221,1.110162592199698,1.2725641808488337,0.4484859474777013,0.4186112459871046,0.48019014674346466
D7_I405_S,MD,0.5318324114594147,0.3053172876127988,0.8384354279500233,1.1844250803996221,1.1083169670019473,1.2830455463437935,0.4484859474777013,0.4178277048165006,0.48371884991808534
D7_I405_S,PM,0.5318324114594147,0.2944014154458546,0.833764664111862,1.1844250803996221,1.1045669517261645,1.2815757323420136,0.4484859474777013,0.41622889047839223,0.48322685435005286
D7_I405_S,NT,0.5318324114594147,0.30451848230909007,0.8420518781834223,1.1844250803996221,1.108042859929515,1.2841828806500182,0.4484859474777013,0.41771117395182344,0.48409884237583684
