analysis_track,sample,paper_corridor,target,prediction,bootstrap_unit,bootstrap_replicates,metric_CI_scope,pair_support,N,R2,RMSE,bias_pct,WAPE_pct,MAE,N_blocks,N_dates,R2_lo,R2_hi,RMSE_lo,RMSE_hi,MAE_lo,MAE_hi,bias_pct_lo,bias_pct_hi,WAPE_pct_lo,WAPE_pct_hi
average_weekday,All average-weekday profiles,All,P_h,P_hat_h,sensor-profile,400,"fixed predictions, paired block resampling; no calibration refit",all eligible finite observed/predicted pairs; no emission admission filter,286,0.9842881067720566,0.2765980564350359,-0.0582422581260289,4.798299020968754,0.18284427329903657,231,10,0.9799267063883679,0.9882028536516281,0.23116031216027208,0.3230414310310311,0.15795261074467967,0.2078320478720942,-0.977699192760621,0.791834279795393,4.276609183179312,5.34789781221831
average_weekday,All average-weekday profiles,All,vt2_obs_mph,vt2_hat_mph,sensor-profile,400,"fixed predictions, paired block resampling; no calibration refit",all eligible finite observed/predicted pairs; no emission admission filter,286,0.6795586951244623,6.654359268661564,0.6067870603255976,15.620944365697273,4.897374046705952,231,10,0.6084507949315008,0.7461995780507659,5.990162618942707,7.263513824220044,4.354805826834786,5.383036382569415,-1.8967617691221008,3.228455560812236,13.88993968720921,17.590359520183558
average_weekday,All average-weekday profiles,All,wt2_h,wt2_hat_h,sensor-profile,400,"fixed predictions, paired block resampling; no calibration refit",all eligible finite observed/predicted pairs; no emission admission filter,286,0.8272522487028315,0.011273704907759502,-5.299779592149012,31.707777256270205,0.004484411302786832,231,10,0.7571612040229998,0.8897404900737867,0.008223242293276187,0.013498337297718493,0.00335091781366123,0.00543094464553177,-14.184962359943357,4.0529610994818555,26.57776719085447,37.17243638806537
average_weekday,All average-weekday profiles,All,wt2_h,wt2_conditional_hat_h,sensor-profile,400,"fixed predictions, paired block resampling; no calibration refit",all eligible finite observed/predicted pairs; no emission admission filter,286,0.8463297031359048,0.010632990518319856,-5.698805493490855,29.88851573825924,0.004227114272845062,231,10,0.7868585336870457,0.8979955018286502,0.007818152388508918,0.013582406597577517,0.0033167362049664898,0.005484806197035724,-12.833491513119913,3.1248683325479627,25.423802826203694,34.61000075844358
average_weekday,All average-weekday profiles,All,vq_mph,vq_hat_mph,sensor-profile,400,"fixed predictions, paired block resampling; no calibration refit",both queue-state speeds strictly between zero and vf; geometric failures retained,272,0.44855251129625473,10.78315680688526,-6.351566297287725,25.126531696282328,8.000527887275416,231,10,0.341591258249411,0.5443549510609967,9.754861388739121,11.814972852974664,7.202997559257876,8.852153625207343,-10.04697781393737,-2.353458079051423,22.7778562497976,27.204898860490626
average_weekday,All average-weekday profiles,All,mu_vphpl,mu_hat_vphpl,sensor-profile,400,"fixed predictions, paired block resampling; no calibration refit",all eligible finite observed/predicted pairs; no emission admission filter,286,0.8810706049193667,76.10295376569717,-0.30862226707920604,4.928239880404013,57.088052315869334,231,10,0.8443638565745835,0.9108021013185295,68.74923167512655,83.71246867058059,51.76531846710893,62.78366016711075,-1.1448200667947999,0.397841804873633,4.456975390800237,5.405910473718046
average_weekday,All average-weekday profiles,All,wt2_normalized,wt2_hat_normalized,sensor-profile,400,"fixed predictions, paired block resampling; no calibration refit",all eligible finite observed/predicted pairs; no emission admission filter,286,0.5947690346212573,1.0417195038580809,-9.78858980928614,34.50186785722355,0.6045521642506019,231,10,0.4833438231115472,0.6866429493760703,0.8656852858493843,1.2073752340407806,0.511425358283103,0.7089585637467747,-15.5409436077648,-3.3411796014475232,30.20393109601029,38.46220790758898
average_weekday,AZ_I10,AZ_I10,P_h,P_hat_h,sensor-profile,400,"fixed predictions, paired block resampling; no calibration refit",all eligible finite observed/predicted pairs; no emission admission filter,43,0.9765008132182745,0.24755313852694866,0.13941310791587558,3.9390159967534544,0.17672135721868693,39,9,0.928805878428293,0.9903000633735108,0.16936941806075484,0.33149363326670767,0.13141668379908927,0.2458949767166138,-1.2798097206778787,1.9656191528989628,3.023448055666108,5.36325869101494
average_weekday,AZ_I10,AZ_I10,vt2_obs_mph,vt2_hat_mph,sensor-profile,400,"fixed predictions, paired block resampling; no calibration refit",all eligible finite observed/predicted pairs; no emission admission filter,43,0.8059836140366589,4.608888960596921,-4.0998633944511305,20.044514100276952,3.5154015461823542,39,9,0.6025267410574233,0.9004266695027021,3.4011887797454787,5.984444983656981,2.7401085159602574,4.526060747600807,-12.596112508218859,3.0502067585578003,15.651146678372175,26.25136989814889
average_weekday,AZ_I10,AZ_I10,wt2_h,wt2_hat_h,sensor-profile,400,"fixed predictions, paired block resampling; no calibration refit",all eligible finite observed/predicted pairs; no emission admission filter,43,0.41184058136000723,0.027661922762950316,-4.253354381252961,29.85033943643133,0.020369399464140445,39,9,0.07280977281064255,0.6588849676762031,0.02012673357910325,0.03428447185872715,0.01513274266992945,0.026522956468797224,-14.314569329361863,6.759476601629758,23.767990959410298,36.41138702559425
average_weekday,AZ_I10,AZ_I10,wt2_h,wt2_conditional_hat_h,sensor-profile,400,"fixed predictions, paired block resampling; no calibration refit",all eligible finite observed/predicted pairs; no emission admission filter,43,0.4768002947011647,0.026089669746321507,-4.6501160549216936,28.276902778107765,0.01929571117683745,39,9,0.12012288799149776,0.663939645865433,0.019760623356779777,0.03351764174419275,0.014536535955548748,0.025860338375732483,-14.39650935000913,5.925369955450588,22.510874152648892,35.83382981684418
average_weekday,AZ_I10,AZ_I10,vq_mph,vq_hat_mph,sensor-profile,400,"fixed predictions, paired block resampling; no calibration refit",both queue-state speeds strictly between zero and vf; geometric failures retained,43,0.543976612611885,6.0853300682738505,-11.196497913841242,19.158798869677497,3.077454247679357,39,9,0.3873174377251062,0.6928980197770449,2.989294235503435,8.341916787489941,1.6989974394241916,4.488423676440679,-17.978298313195094,-2.10058314633176,11.92161317241346,25.322047243752596
average_weekday,AZ_I10,AZ_I10,mu_vphpl,mu_hat_vphpl,sensor-profile,400,"fixed predictions, paired block resampling; no calibration refit",all eligible finite observed/predicted pairs; no emission admission filter,43,0.9417505915132987,61.020819513719815,-0.9598816903431784,4.390194999804153,44.095829657885226,39,9,0.908601354013276,0.9679989774887614,41.9476338587132,77.4032206957217,31.432199844385764,57.84240475465809,-2.49069162601077,0.6165619210869633,3.283135244894561,5.554667878695018
average_weekday,AZ_I10,AZ_I10,wt2_normalized,wt2_hat_normalized,sensor-profile,400,"fixed predictions, paired block resampling; no calibration refit",all eligible finite observed/predicted pairs; no emission admission filter,43,0.40567390410877757,1.6920961765196139,-4.631020257155094,30.138511792772306,1.2381698511053563,39,9,0.019800101054302785,0.6417353695714679,1.219426856801944,2.1302341063242816,0.8969817945972253,1.6320478250452963,-14.435998465123163,5.809888924802569,23.28254463583945,37.50591364511557
average_weekday,D12_I405,D12_I405,P_h,P_hat_h,sensor-profile,400,"fixed predictions, paired block resampling; no calibration refit",all eligible finite observed/predicted pairs; no emission admission filter,15,0.9869372800755539,0.14568907713261395,-0.7099384409740894,3.6189548514086995,0.11118233515716724,15,1,0.9628969036361561,0.9967265762484921,0.0801490640406687,0.2007261760115549,0.06615051324606203,0.16220977145031995,-3.1328434364705062,1.5400227677455227,2.232842694431195,5.300833433691344
average_weekday,D12_I405,D12_I405,vt2_obs_mph,vt2_hat_mph,sensor-profile,400,"fixed predictions, paired block resampling; no calibration refit",all eligible finite observed/predicted pairs; no emission admission filter,15,0.7590139376789472,2.9077525653574434,-0.44899311842787615,6.20283055320279,2.4564552139523714,15,1,0.49516309313887935,0.885862339994281,1.9950372812952106,3.744895934492728,1.7853925069525765,3.225042578039687,-3.6637666427252484,2.940572873277146,4.56074186628433,7.979937914775544
average_weekday,D12_I405,D12_I405,wt2_h,wt2_hat_h,sensor-profile,400,"fixed predictions, paired block resampling; no calibration refit",all eligible finite observed/predicted pairs; no emission admission filter,15,0.9557675352382967,0.0006842689533829217,-0.1820149907491131,12.306830980496432,0.0005837089728772734,15,1,0.8335800479927534,0.9839742646799912,0.0004923452681087331,0.0008584944387337487,0.0004192345403697516,0.0007686170273602446,-7.085463101631137,7.0185226217897245,8.60179296973199,17.93510844238311
average_weekday,D12_I405,D12_I405,wt2_h,wt2_conditional_hat_h,sensor-profile,400,"fixed predictions, paired block resampling; no calibration refit",all eligible finite observed/predicted pairs; no emission admission filter,15,0.9560460881835177,0.0006821109664291009,-0.1487371769689716,12.022241383395334,0.0005702109812595531,15,1,0.8258933951216041,0.9839422338786888,0.00047581958641149526,0.0008373462798787482,0.00036642563961242664,0.0007519255856611757,-7.25244661041186,7.7280480754021115,8.094628694998656,17.458390247626568
average_weekday,D12_I405,D12_I405,vq_mph,vq_hat_mph,sensor-profile,400,"fixed predictions, paired block resampling; no calibration refit",both queue-state speeds strictly between zero and vf; geometric failures retained,15,0.08655328790476924,11.521611857062503,-1.8968522222083894,23.306493041829153,9.943948921613002,15,1,-0.4427728848196678,0.1837466605701868,8.99626575252456,14.237004016950383,7.388802083317375,13.016990206786796,-13.343273808519342,13.04739160445133,16.44168711072546,33.16885081325213
average_weekday,D12_I405,D12_I405,mu_vphpl,mu_hat_vphpl,sensor-profile,400,"fixed predictions, paired block resampling; no calibration refit",all eligible finite observed/predicted pairs; no emission admission filter,15,0.7181278866970162,92.07486486659019,1.5385552501386623,4.4196529463335485,55.90312274742607,15,1,0.2464845936203177,0.9638112237829705,31.73254592293883,146.7673509333634,27.552818620090058,96.58269186018458,-1.4027423749518113,5.3599792221624485,2.183534035256187,7.667613280895033
average_weekday,D12_I405,D12_I405,wt2_normalized,wt2_hat_normalized,sensor-profile,400,"fixed predictions, paired block resampling; no calibration refit",all eligible finite observed/predicted pairs; no emission admission filter,15,0.7068193376370158,0.13932577400679236,-0.5119247634976842,14.447950419595372,0.1155014654119595,15,1,0.3916050441846292,0.8465746398332389,0.0930734580341619,0.17841446195528377,0.0804365130487484,0.15206457704700513,-8.506053507760504,9.235609921898606,10.323228274810502,19.281642366759886
average_weekday,D12_I5,D12_I5,P_h,P_hat_h,sensor-profile,400,"fixed predictions, paired block resampling; no calibration refit",all eligible finite observed/predicted pairs; no emission admission filter,96,0.9816388802786958,0.23940671538180233,0.02403304493063807,5.99113514672963,0.17068494402401602,73,1,0.9748333672569162,0.9873648721117887,0.19948444723259004,0.28008089492564964,0.14023096062985582,0.20053881562236955,-1.6723919337449331,1.817276844985668,5.062763483986412,6.845135588229578
average_weekday,D12_I5,D12_I5,vt2_obs_mph,vt2_hat_mph,sensor-profile,400,"fixed predictions, paired block resampling; no calibration refit",all eligible finite observed/predicted pairs; no emission admission filter,96,0.34226451172704353,7.754760244053993,1.8657063521700046,15.834179724399752,5.776989580946527,73,1,0.16168347676366496,0.4785727843945127,6.476350093783898,9.048499015638116,4.715098524181012,6.711832369642945,-2.923473585138187,7.114793297476738,12.537629125320056,19.150545285846665
average_weekday,D12_I5,D12_I5,wt2_h,wt2_hat_h,sensor-profile,400,"fixed predictions, paired block resampling; no calibration refit",all eligible finite observed/predicted pairs; no emission admission filter,96,0.4412020317191102,0.00465312100901309,-21.89886212347638,42.40084138328049,0.0018336541323945282,73,1,0.2634017596649467,0.5789231121625925,0.001983873645004637,0.007048644233531451,0.001087697305770782,0.002817417449335714,-34.6885241091176,-2.6574331230272232,33.14425188771766,49.455014425170845
average_weekday,D12_I5,D12_I5,wt2_h,wt2_conditional_hat_h,sensor-profile,400,"fixed predictions, paired block resampling; no calibration refit",all eligible finite observed/predicted pairs; no emission admission filter,96,0.47830109699236,0.0044960061797130555,-21.923878813512776,40.429698944835906,0.0017484106947674302,73,1,0.3244801181246641,0.6322664858750204,0.001877375424584397,0.006565204425643463,0.0010250804790202862,0.0026814202519744547,-34.67157864278646,-4.5080127505515755,31.276243066794514,47.8258997245747
average_weekday,D12_I5,D12_I5,vq_mph,vq_hat_mph,sensor-profile,400,"fixed predictions, paired block resampling; no calibration refit",both queue-state speeds strictly between zero and vf; geometric failures retained,91,0.30973481291886873,11.70835558066754,-9.300815344949942,28.83941117383115,9.108298681093387,73,1,0.08781863801852977,0.48533413170618384,9.946891268809733,13.362334590083693,7.577107330853319,10.567190555902384,-15.97182700669473,-1.6338771671969696,24.389348904859837,33.311085163375914
average_weekday,D12_I5,D12_I5,mu_vphpl,mu_hat_vphpl,sensor-profile,400,"fixed predictions, paired block resampling; no calibration refit",all eligible finite observed/predicted pairs; no emission admission filter,96,0.8470452808482574,87.39330460211141,-0.58407344342849,6.050611373613324,67.15173269448665,73,1,0.7471133867821754,0.9007361996740302,72.01951535368883,102.44839660527866,55.42371621468946,77.85903102274159,-2.200939572054215,1.097556851700244,4.918674401484405,7.166489256699879
average_weekday,D12_I5,D12_I5,wt2_normalized,wt2_hat_normalized,sensor-profile,400,"fixed predictions, paired block resampling; no calibration refit",all eligible finite observed/predicted pairs; no emission admission filter,96,0.16444611016500676,0.9448326193997306,-20.005716593314705,41.93039210632917,0.4881564703160121,73,1,0.07503429425629321,0.288381375402821,0.6415182937581034,1.2080911377863044,0.34817815968562865,0.6481582314215459,-31.417673628919296,-5.541778749570562,34.065283209251184,49.09430243611264
average_weekday,D7_I10,D7_I10,P_h,P_hat_h,sensor-profile,400,"fixed predictions, paired block resampling; no calibration refit",all eligible finite observed/predicted pairs; no emission admission filter,53,0.9925809513606049,0.21085792588649327,-0.03146356554841745,3.6051731767309807,0.14568074000312295,42,1,0.9881685596900238,0.9953927335447808,0.16034760099709358,0.2538688102640056,0.11003036558290713,0.1858514946441989,-1.5110563379321484,1.454666390939345,2.757703985727444,4.38618809379678
average_weekday,D7_I10,D7_I10,vt2_obs_mph,vt2_hat_mph,sensor-profile,400,"fixed predictions, paired block resampling; no calibration refit",all eligible finite observed/predicted pairs; no emission admission filter,53,0.633408382240393,5.782239635822671,1.5146602476656001,13.536638725330022,4.508220076270655,42,1,0.426233328423279,0.7561870937217744,4.791581151367081,6.700871942657458,3.6823355146044237,5.337985749858111,-3.7375571032970027,6.2283159947915445,10.724430244255693,16.722072702640414
average_weekday,D7_I10,D7_I10,wt2_h,wt2_hat_h,sensor-profile,400,"fixed predictions, paired block resampling; no calibration refit",all eligible finite observed/predicted pairs; no emission admission filter,53,0.7056996057458083,0.002161236848074397,-6.567199849898286,33.07846569513864,0.001265138545020207,42,1,0.41982446727227385,0.8372923694629382,0.0014045103078591354,0.0028057636981315133,0.000836538923238919,0.001721840718167449,-20.399696638065087,9.903459776062219,25.948415594308646,40.85983996789865
average_weekday,D7_I10,D7_I10,wt2_h,wt2_conditional_hat_h,sensor-profile,400,"fixed predictions, paired block resampling; no calibration refit",all eligible finite observed/predicted pairs; no emission admission filter,53,0.7443220995487925,0.0020144362925198825,-7.073926326081037,31.09563396037877,0.0011893019908385941,42,1,0.4357125165369767,0.8563284022099433,0.0013817160913893907,0.002665315789675466,0.0008271025057595002,0.001629973007049899,-18.844597438843824,8.867613057450809,24.206356784061413,37.18625734597954
average_weekday,D7_I10,D7_I10,vq_mph,vq_hat_mph,sensor-profile,400,"fixed predictions, paired block resampling; no calibration refit",both queue-state speeds strictly between zero and vf; geometric failures retained,49,0.06585920273818335,11.526200260331327,-4.639966786148808,22.96962311535175,8.842112152072662,42,1,-0.21311169034358388,0.23106361624011623,9.292841299176168,13.826604144464008,7.048439550788511,10.867432044258843,-12.520842975586097,3.3292911292198917,18.93042898862715,27.110251488880515
average_weekday,D7_I10,D7_I10,mu_vphpl,mu_hat_vphpl,sensor-profile,400,"fixed predictions, paired block resampling; no calibration refit",all eligible finite observed/predicted pairs; no emission admission filter,53,0.8954365060314564,61.45296023242097,-0.4725834747620561,3.8721498193869333,48.09123549584792,42,1,0.7919177021507188,0.9439332378220481,49.8568803036597,71.1760108894722,37.66478729741917,57.58003630738939,-1.740282157308982,0.8253917468495056,3.0695558761713055,4.592300376822098
average_weekday,D7_I10,D7_I10,wt2_normalized,wt2_hat_normalized,sensor-profile,400,"fixed predictions, paired block resampling; no calibration refit",all eligible finite observed/predicted pairs; no emission admission filter,53,0.4851829906414059,0.6341871750254798,-9.321691076677341,32.45858909985572,0.42004747297778916,42,1,0.2925164987604316,0.5982053601042443,0.4891937539952197,0.7439943141872105,0.3078709151755612,0.5186469100410479,-19.503855088034936,3.9660439605394804,26.55513107517052,38.078372788030826
average_weekday,D7_I210,D7_I210,P_h,P_hat_h,sensor-profile,400,"fixed predictions, paired block resampling; no calibration refit",all eligible finite observed/predicted pairs; no emission admission filter,53,0.9856718684247047,0.23039896773839838,-0.11886299124652666,3.933003609126992,0.17426421651760793,44,1,0.9766245634075704,0.9921234946626554,0.17632055391473084,0.27292677595922576,0.13546299354161384,0.21344915279657875,-1.3954275043481243,0.9996812172460138,3.057754678034755,4.786517931731703
average_weekday,D7_I210,D7_I210,vt2_obs_mph,vt2_hat_mph,sensor-profile,400,"fixed predictions, paired block resampling; no calibration refit",all eligible finite observed/predicted pairs; no emission admission filter,53,0.5417633142644402,6.658081251697644,-0.8495985996400224,15.994497049439474,4.7832219278718755,44,1,0.23705606963803208,0.7493768701139595,5.062509394622972,8.303351657175005,3.6086555132072022,6.25092247692266,-5.504598477612408,5.014524462251395,11.876475657420421,20.897238219372575
average_weekday,D7_I210,D7_I210,wt2_h,wt2_hat_h,sensor-profile,400,"fixed predictions, paired block resampling; no calibration refit",all eligible finite observed/predicted pairs; no emission admission filter,53,0.37121708573533085,0.00288278330638902,5.578331786658097,31.681400567739615,0.0016738118135489568,44,1,-0.41944960241540563,0.8011382272488772,0.0016476098637403164,0.003992206755688092,0.0011470696516864293,0.0022214463486674263,-7.248599906260032,19.012514741727056,21.720139422296313,43.34915668569202
average_weekday,D7_I210,D7_I210,wt2_h,wt2_conditional_hat_h,sensor-profile,400,"fixed predictions, paired block resampling; no calibration refit",all eligible finite observed/predicted pairs; no emission admission filter,53,0.4945943714258554,0.0025845305467175443,4.932078012636287,28.378377223572127,0.001499304392954515,44,1,-0.18924745935383538,0.8388615666937023,0.0015094904692310761,0.0036511698680770305,0.00099933659214242,0.0020255612511874722,-6.614797275546309,18.47266679349813,19.81819976487729,38.85104594982561
average_weekday,D7_I210,D7_I210,vq_mph,vq_hat_mph,sensor-profile,400,"fixed predictions, paired block resampling; no calibration refit",both queue-state speeds strictly between zero and vf; geometric failures retained,52,0.3426569315542217,10.244291582527133,-5.637803434737842,22.26887170891546,7.995809649139677,44,1,0.07268319364085242,0.5404267673349101,8.235273387589286,12.218974610517634,6.315232249073246,9.656067696324444,-12.052423683576473,1.7173616219805021,18.151367924819695,26.02633000596626
average_weekday,D7_I210,D7_I210,mu_vphpl,mu_hat_vphpl,sensor-profile,400,"fixed predictions, paired block resampling; no calibration refit",all eligible finite observed/predicted pairs; no emission admission filter,53,0.8621220508227841,60.311652030348625,-0.14787711629471456,3.9685241287592574,48.31280788547402,44,1,0.7554017206910182,0.9127464087783702,49.37166876508228,70.85797416468498,38.909587604043836,58.70531282197107,-1.4536924472950803,1.1350005449174505,3.214159841384865,4.762207549231041
average_weekday,D7_I210,D7_I210,wt2_normalized,wt2_hat_normalized,sensor-profile,400,"fixed predictions, paired block resampling; no calibration refit",all eligible finite observed/predicted pairs; no emission admission filter,53,0.4986987977691121,0.6892504210859666,-3.0541748194127694,29.854800472230018,0.470109141881477,44,1,0.21450554593657095,0.7014584264148951,0.5049719177986556,0.8519781391582743,0.33978019594221104,0.6142399007314355,-12.972643686225464,8.375802249409059,21.852659687096722,38.83326131757185
average_weekday,D7_I405,D7_I405,P_h,P_hat_h,sensor-profile,400,"fixed predictions, paired block resampling; no calibration refit",all eligible finite observed/predicted pairs; no emission admission filter,26,0.9693974887812784,0.563476782035243,-0.2304524801357677,7.545873860149984,0.372456594379198,18,1,0.9441192893185099,0.9840649922320476,0.37453753747670604,0.7620362557318996,0.23429186053563855,0.5504406567838713,-4.627147055741685,4.057501959264016,5.336441756579801,9.560238120489458
average_weekday,D7_I405,D7_I405,vt2_obs_mph,vt2_hat_mph,sensor-profile,400,"fixed predictions, paired block resampling; no calibration refit",all eligible finite observed/predicted pairs; no emission admission filter,26,0.4893765219457519,8.155699932087547,1.2246464258873546,21.626687668108808,6.369325256629029,18,1,0.05401463338153336,0.7159955709616026,5.9478934944389295,10.441975722797526,4.481826355840632,8.806724754053269,-8.304313380830706,20.398332760502612,13.959263920306725,36.132582839084925
average_weekday,D7_I405,D7_I405,wt2_h,wt2_hat_h,sensor-profile,400,"fixed predictions, paired block resampling; no calibration refit",all eligible finite observed/predicted pairs; no emission admission filter,26,0.23232027455319604,0.005088327292828059,-0.585398516832758,46.68378520143458,0.002542563666607504,18,1,-1.8887948644555448,0.8636642440213755,0.0019683593069004515,0.008202431967862443,0.001240629917367077,0.004468692498384843,-28.359505540853323,41.21291115502134,24.30008419600113,80.91412117150341
average_weekday,D7_I405,D7_I405,wt2_h,wt2_conditional_hat_h,sensor-profile,400,"fixed predictions, paired block resampling; no calibration refit",all eligible finite observed/predicted pairs; no emission admission filter,26,0.37298466752325043,0.004598583569510622,-1.7020138829612397,42.6131121525587,0.0023208604489260002,18,1,-1.1771331118101418,0.8933320967440813,0.001641893744524135,0.007857649395311882,0.001078787611549419,0.004584444428212548,-27.160954648087365,39.0719331298857,21.356715725271336,72.60976793453874
average_weekday,D7_I405,D7_I405,vq_mph,vq_hat_mph,sensor-profile,400,"fixed predictions, paired block resampling; no calibration refit",both queue-state speeds strictly between zero and vf; geometric failures retained,22,-0.26784891477966055,12.79537727976064,-0.07470684599832911,30.847310477946866,9.852410985371979,18,1,-1.0997726493455642,0.15882570171333982,8.041696900942709,17.56366675433416,6.474889252557751,13.762952250172422,-14.271925473922618,14.869106883132094,21.584396406654946,40.507830746979444
average_weekday,D7_I405,D7_I405,mu_vphpl,mu_hat_vphpl,sensor-profile,400,"fixed predictions, paired block resampling; no calibration refit",all eligible finite observed/predicted pairs; no emission admission filter,26,0.49077281072018686,96.67294363317039,0.40002372069327663,6.315939124000221,78.328261844515,18,1,-0.4325558407849072,0.7692085720569569,73.23207288137638,121.59316242866798,57.95312338992794,102.02999471687993,-2.772434336695682,3.8385661900976,4.731704705672714,8.353494699649767
average_weekday,D7_I405,D7_I405,wt2_normalized,wt2_hat_normalized,sensor-profile,400,"fixed predictions, paired block resampling; no calibration refit",all eligible finite observed/predicted pairs; no emission admission filter,26,0.15588940634563075,1.4512360019398336,-19.535333263804,49.06578146907645,0.9187219868878524,18,1,-0.2657442876157673,0.3690937408856719,0.8446434176403264,1.9657767691601506,0.519390379248743,1.3617185060414108,-40.26693564190893,14.863360604936474,34.702414647694894,61.602261946040194
average_weekday,I10 monthly average weekday,AZ_I10,P_h,P_hat_h,sensor-profile,400,"fixed predictions, paired block resampling; no calibration refit",all eligible finite observed/predicted pairs; no emission admission filter,43,0.9765008132182745,0.24755313852694866,0.13941310791587558,3.9390159967534544,0.17672135721868693,39,9,0.9422555119525676,0.9895051881749789,0.16808862683071613,0.32305964713613394,0.13244424233480762,0.22959396557974404,-1.4773029109578377,1.9211972624778992,2.917612117685237,5.094843765486919
average_weekday,I10 monthly average weekday,AZ_I10,vt2_obs_mph,vt2_hat_mph,sensor-profile,400,"fixed predictions, paired block resampling; no calibration refit",all eligible finite observed/predicted pairs; no emission admission filter,43,0.8059836140366589,4.608888960596921,-4.0998633944511305,20.044514100276952,3.5154015461823542,39,9,0.6097942441801053,0.9040658314850628,3.4448713328769793,6.124739008650573,2.7762659996547367,4.488890044873966,-11.79245434607883,2.7934921082310096,15.582024129890945,26.390615116536264
average_weekday,I10 monthly average weekday,AZ_I10,wt2_h,wt2_hat_h,sensor-profile,400,"fixed predictions, paired block resampling; no calibration refit",all eligible finite observed/predicted pairs; no emission admission filter,43,0.41184058136000723,0.027661922762950316,-4.253354381252961,29.85033943643133,0.020369399464140445,39,9,0.036003466759626374,0.6658425948156496,0.01974876347976386,0.03524726126889342,0.015107122627685661,0.027069193964837396,-14.537786112033402,7.46569348764574,23.596953385812956,36.9194755025272
average_weekday,I10 monthly average weekday,AZ_I10,wt2_h,wt2_conditional_hat_h,sensor-profile,400,"fixed predictions, paired block resampling; no calibration refit",all eligible finite observed/predicted pairs; no emission admission filter,43,0.4768002947011647,0.026089669746321507,-4.6501160549216936,28.276902778107765,0.01929571117683745,39,9,0.1147552122288333,0.7072646929943562,0.01904730184776835,0.03267245628139504,0.014173899728623127,0.02501084917256434,-14.717357429863211,6.759874371824321,21.31628267647544,34.89011627163882
average_weekday,I10 monthly average weekday,AZ_I10,vq_mph,vq_hat_mph,sensor-profile,400,"fixed predictions, paired block resampling; no calibration refit",both queue-state speeds strictly between zero and vf; geometric failures retained,43,0.543976612611885,6.0853300682738505,-11.196497913841242,19.158798869677497,3.077454247679357,39,9,0.38268051392688485,0.6926865422012544,2.9167097226543865,8.54522226850098,1.6673451628360234,4.456879765560768,-18.00805068560779,-3.1840653145899176,11.931346309134947,24.805930479624575
average_weekday,I10 monthly average weekday,AZ_I10,mu_vphpl,mu_hat_vphpl,sensor-profile,400,"fixed predictions, paired block resampling; no calibration refit",all eligible finite observed/predicted pairs; no emission admission filter,43,0.9417505915132987,61.020819513719815,-0.9598816903431784,4.390194999804153,44.095829657885226,39,9,0.9065383587113753,0.9689782222198131,39.98708162828164,78.6201936782809,31.11309310835258,57.26627614785026,-2.405585646020441,0.6005474366578664,3.1318797322627008,5.473553573882772
average_weekday,I10 monthly average weekday,AZ_I10,wt2_normalized,wt2_hat_normalized,sensor-profile,400,"fixed predictions, paired block resampling; no calibration refit",all eligible finite observed/predicted pairs; no emission admission filter,43,0.40567390410877757,1.6920961765196139,-4.631020257155094,30.138511792772306,1.2381698511053563,39,9,0.009602128801099782,0.6561594180790307,1.2062935186221881,2.0788427689044187,0.9059218166654399,1.6186731617485082,-16.00179609584114,7.202319231429298,23.517871334241793,36.570313904798645
average_weekday,PeMS released profiles,PeMS pooled,P_h,P_hat_h,sensor-profile,400,"fixed predictions, paired block resampling; no calibration refit",all eligible finite observed/predicted pairs; no emission admission filter,243,0.9846937646966942,0.28142571134593564,-0.10075569976750742,4.983121115278743,0.1839277522762178,192,1,0.9798226112296584,0.9887694426827083,0.23014646651118306,0.32927621519407746,0.15652619012669441,0.21358412586008885,-1.0650945061329011,0.8540675627473653,4.4114446896653,5.572496835152587
average_weekday,PeMS released profiles,PeMS pooled,vt2_obs_mph,vt2_hat_mph,sensor-profile,400,"fixed predictions, paired block resampling; no calibration refit",all eligible finite observed/predicted pairs; no emission admission filter,243,0.5328946724969644,6.9539408700470435,1.0389947272951394,15.21473175802009,5.141920620872679,192,1,0.432494970027799,0.6266224103337429,6.164527365370573,7.682294798605609,4.5034574462680945,5.796892796440809,-1.7952275735975884,4.152633149276166,13.260516210235824,17.532486431419162
average_weekday,PeMS released profiles,PeMS pooled,wt2_h,wt2_hat_h,sensor-profile,400,"fixed predictions, paired block resampling; no calibration refit",all eligible finite observed/predicted pairs; no emission admission filter,243,0.4597244092198549,0.003766187034219327,-8.06440861569737,36.61508114449136,0.0016734874717654097,192,1,0.2333614019332908,0.6442042207352572,0.0024950417672356577,0.004982342713243802,0.0012898669617986255,0.0021676083122805783,-17.17322303384219,2.4235444851319703,30.88231949625207,42.79042329663957
average_weekday,PeMS released profiles,PeMS pooled,wt2_h,wt2_conditional_hat_h,sensor-profile,400,"fixed predictions, paired block resampling; no calibration refit",all eligible finite observed/predicted pairs; no emission admission filter,243,0.5193361193587678,0.0035523435053989925,-8.46941654946326,34.146356545196724,0.0015606547383937343,192,1,0.37096644793851186,0.6892415216866079,0.00229318387075625,0.00465534633331167,0.0011954895017971573,0.001973146094424234,-17.03789230922114,1.0594604011736928,28.609645665778597,39.08137540733934
average_weekday,PeMS released profiles,PeMS pooled,vq_mph,vq_hat_mph,sensor-profile,400,"fixed predictions, paired block resampling; no calibration refit",both queue-state speeds strictly between zero and vf; geometric failures retained,229,0.2700496646935687,11.45236129208098,-5.931692151113699,25.643710662566214,8.924947828334936,192,1,0.14354480629964297,0.3790225603094742,10.407218954673114,12.489093840653666,8.03802066615297,9.87544411144196,-9.93429277194098,-2.2536195660434934,23.077294146892456,28.07135270552742
average_weekday,PeMS released profiles,PeMS pooled,mu_vphpl,mu_hat_vphpl,sensor-profile,400,"fixed predictions, paired block resampling; no calibration refit",all eligible finite observed/predicted pairs; no emission admission filter,243,0.8500578977711098,78.47052340988142,-0.21099300379870956,5.008897331841013,59.38708760102701,192,1,0.7983854951163455,0.889744144298014,69.88947934223954,87.33529766394696,53.32275269460265,65.2251651230892,-1.0058834079362666,0.6201825600841686,4.480221158614539,5.498904279611479
average_weekday,PeMS released profiles,PeMS pooled,wt2_normalized,wt2_hat_normalized,sensor-profile,400,"fixed predictions, paired block resampling; no calibration refit",all eligible finite observed/predicted pairs; no emission admission filter,243,0.3259932830921811,0.8778110561764224,-12.596483979055506,36.877374756386594,0.4924305159594313,192,1,0.21743517844417706,0.4370792276174354,0.7093191210100334,1.0394128705990577,0.41112401709349444,0.5931840540672799,-19.565872776942555,-5.774630557247776,32.44657429194087,41.165279063579575
