corridor,sensor,qvdfe_episodes,repository_episodes,matched_episodes,qvdfe_only,repository_only,intersection_bins,union_bins,missing_bins
D12_I405_N,L405N-001,1,1,1,0,0,41,42,0
D12_I405_N,L405N-002,1,1,1,0,0,13,16,0
D12_I405_N,L405N-016,1,1,1,0,0,58,58,0
D12_I405_N,L405N-017,0,0,0,0,0,0,0,0
D12_I405_N,L405N-027,1,1,1,0,0,47,49,0
D12_I405_N,L405N-063,1,1,1,0,0,50,52,0
D12_I405_N,L405N-065,1,1,1,0,0,22,23,0
D12_I405_N,L405N-071,1,1,1,0,0,56,56,0
D12_I405_N,L405N-074,1,1,1,0,0,37,39,0
D12_I405_N,L405N-076,1,1,1,0,0,18,20,0
D12_I405_N,L405N-080,1,0,0,1,0,0,7,0
D12_I405_N,L405N-086,1,1,1,0,0,31,32,0
D12_I405_N,L405N-087,1,1,1,0,0,25,26,0
D12_I405_N,L405N-091,1,1,1,0,0,52,53,0
D12_I405_N,L405N-095,1,1,1,0,0,37,38,0
D12_I405_N,L405N-100,1,1,1,0,0,44,45,0
D12_I405_N,L405N-110,1,1,1,0,0,62,64,0
D12_I405_N,L405N-116,1,1,1,0,0,57,59,0
D12_I405_N,L405N-126,1,1,1,0,0,9,11,0
D12_I405_N,L405N-134,1,1,1,0,0,12,15,0
D12_I405_S,L405S-001,0,0,0,0,0,0,0,0
D12_I405_S,L405S-004,1,1,1,0,0,31,33,0
D12_I405_S,L405S-005,1,1,1,0,0,28,28,0
D12_I405_S,L405S-020,2,1,1,1,0,24,33,0
D12_I405_S,L405S-024,1,1,1,0,0,9,11,0
D12_I405_S,L405S-041,0,0,0,0,0,0,0,0
D12_I405_S,L405S-108,1,1,1,0,0,19,22,0
D12_I405_S,L405S-110,0,0,0,0,0,0,0,0
D12_I405_S,L405S-112,1,1,1,0,0,12,20,0
D12_I405_S,L405S-114,1,1,1,0,0,38,39,0
D12_I405_S,L405S-115,1,1,1,0,0,40,42,0
D12_I405_S,L405S-117,1,1,1,0,0,31,33,0
D12_I405_S,L405S-132,1,1,1,0,0,38,40,0
D12_I5_N,L5N-006,0,0,0,0,0,0,0,0
D12_I5_N,L5N-007,0,0,0,0,0,0,0,0
D12_I5_N,L5N-010,1,1,1,0,0,30,30,0
D12_I5_N,L5N-018,0,0,0,0,0,0,0,0
D12_I5_N,L5N-021,0,0,0,0,0,0,0,0
D12_I5_N,L5N-025,0,0,0,0,0,0,0,0
D12_I5_N,L5N-028,2,2,2,0,0,88,90,0
D12_I5_N,L5N-034,0,0,0,0,0,0,0,0
D12_I5_N,L5N-035,1,1,1,0,0,59,60,0
D12_I5_N,L5N-038,1,1,1,0,0,79,82,0
D12_I5_N,L5N-042,2,1,1,1,0,12,28,0
D12_I5_N,L5N-043,1,1,1,0,0,57,59,0
D12_I5_N,L5N-045,1,1,1,0,0,60,62,0
D12_I5_N,L5N-050,0,0,0,0,0,0,0,0
D12_I5_N,L5N-051,0,0,0,0,0,0,0,0
D12_I5_N,L5N-056,0,0,0,0,0,0,0,0
D12_I5_N,L5N-057,0,0,0,0,0,0,0,0
D12_I5_N,L5N-061,0,0,0,0,0,0,0,0
D12_I5_N,L5N-062,0,0,0,0,0,0,0,0
D12_I5_N,L5N-070,0,0,0,0,0,0,0,0
D12_I5_N,L5N-072,1,1,1,0,0,16,22,0
D12_I5_N,L5N-073,0,0,0,0,0,0,0,0
D12_I5_N,L5N-074,0,0,0,0,0,0,0,0
D12_I5_N,L5N-079,0,0,0,0,0,0,0,0
D12_I5_N,L5N-080,0,0,0,0,0,0,0,0
D12_I5_N,L5N-086,0,0,0,0,0,0,0,0
D12_I5_N,L5N-090,0,0,0,0,0,0,0,0
D12_I5_N,L5N-095,0,0,0,0,0,0,0,0
D12_I5_N,L5N-101,0,0,0,0,0,0,0,0
D12_I5_N,L5N-106,0,0,0,0,0,0,0,0
D12_I5_N,L5N-114,0,0,0,0,0,0,0,0
D12_I5_N,L5N-115,0,0,0,0,0,0,0,0
D12_I5_N,L5N-116,0,0,0,0,0,0,0,0
D12_I5_N,L5N-117,0,0,0,0,0,0,0,0
D12_I5_N,L5N-119,0,0,0,0,0,0,0,0
D12_I5_N,L5N-122,0,0,0,0,0,0,0,0
D12_I5_N,L5N-125,0,0,0,0,0,0,0,0
D12_I5_N,L5N-128,1,1,1,0,0,58,60,0
D12_I5_N,L5N-129,0,0,0,0,0,0,0,0
D12_I5_N,L5N-130,0,0,0,0,0,0,0,0
D12_I5_N,L5N-131,1,1,1,0,0,70,72,0
D12_I5_N,L5N-132,1,1,1,0,0,74,76,0
D12_I5_N,L5N-133,2,2,2,0,0,63,64,0
D12_I5_N,L5N-134,1,1,1,0,0,68,70,0
D12_I5_N,L5N-135,1,1,1,0,0,62,64,0
D12_I5_N,L5N-138,1,1,1,0,0,39,40,0
D12_I5_N,L5N-140,1,0,0,1,0,0,6,0
D12_I5_N,L5N-142,0,0,0,0,0,0,0,0
D12_I5_N,L5N-144,0,0,0,0,0,0,0,0
D12_I5_N,L5N-145,0,0,0,0,0,0,0,0
D12_I5_N,L5N-146,1,1,1,0,0,58,60,0
D12_I5_N,L5N-147,0,0,0,0,0,0,0,0
D12_I5_N,L5N-148,0,0,0,0,0,0,0,0
D12_I5_N,L5N-152,0,0,0,0,0,0,0,0
D12_I5_N,L5N-157,1,1,1,0,0,52,57,0
D12_I5_N,L5N-159,1,1,1,0,0,34,34,0
D12_I5_N,L5N-161,2,2,2,0,0,106,110,0
D12_I5_N,L5N-162,1,2,1,0,1,55,63,0
D12_I5_N,L5N-163,2,2,2,0,0,80,84,0
D12_I5_N,L5N-165,2,2,2,0,0,52,56,0
D12_I5_N,L5N-166,1,0,0,1,0,0,7,0
D12_I5_N,L5N-167,0,0,0,0,0,0,0,0
D12_I5_N,L5N-171,0,0,0,0,0,0,0,0
D12_I5_N,L5N-173,0,0,0,0,0,0,0,0
D12_I5_N,L5N-174,0,0,0,0,0,0,0,0
D12_I5_N,L5N-178,2,2,2,0,0,79,83,0
D12_I5_N,L5N-182,0,0,0,0,0,0,0,0
D12_I5_N,L5N-185,0,0,0,0,0,0,0,0
D12_I5_N,L5N-186,0,0,0,0,0,0,0,0
D12_I5_N,L5N-187,0,0,0,0,0,0,0,0
D12_I5_N,L5N-188,0,0,0,0,0,0,0,0
D12_I5_N,L5N-190,0,0,0,0,0,0,0,0
D12_I5_N,L5N-191,0,0,0,0,0,0,0,0
D12_I5_N,L5N-192,0,0,0,0,0,0,0,0
D12_I5_N,L5N-209,0,0,0,0,0,0,0,0
D12_I5_N,L5N-225,0,0,0,0,0,0,0,0
D12_I5_N,L5N-230,2,1,1,1,0,89,106,0
D12_I5_N,L5N-233,1,1,1,0,0,48,49,47
D12_I5_N,L5N-235,0,0,0,0,0,0,0,0
D12_I5_N,L5N-238,0,0,0,0,0,0,0,0
D12_I5_N,L5N-242,1,1,1,0,0,56,58,0
D12_I5_N,L5N-248,1,1,1,0,0,64,64,0
D12_I5_N,L5N-252,0,0,0,0,0,0,0,0
D12_I5_S,L5S-002,0,0,0,0,0,0,0,0
D12_I5_S,L5S-005,0,0,0,0,0,0,0,0
D12_I5_S,L5S-009,0,0,0,0,0,0,0,0
D12_I5_S,L5S-010,0,0,0,0,0,0,0,0
D12_I5_S,L5S-013,0,0,0,0,0,0,0,0
D12_I5_S,L5S-017,0,0,0,0,0,0,0,0
D12_I5_S,L5S-022,0,0,0,0,0,0,0,0
D12_I5_S,L5S-028,2,2,2,0,0,31,35,0
D12_I5_S,L5S-033,2,2,2,0,0,45,48,0
D12_I5_S,L5S-035,1,2,0,1,2,14,31,0
D12_I5_S,L5S-036,2,2,2,0,0,56,60,0
D12_I5_S,L5S-041,1,1,1,0,0,8,10,0
D12_I5_S,L5S-045,0,0,0,0,0,0,0,0
D12_I5_S,L5S-048,0,0,0,0,0,0,0,0
D12_I5_S,L5S-049,1,1,1,0,0,10,12,0
D12_I5_S,L5S-051,0,0,0,0,0,0,0,0
D12_I5_S,L5S-052,0,0,0,0,0,0,0,0
D12_I5_S,L5S-053,0,0,0,0,0,0,0,0
D12_I5_S,L5S-054,0,0,0,0,0,0,0,0
D12_I5_S,L5S-055,0,0,0,0,0,0,0,0
D12_I5_S,L5S-058,0,0,0,0,0,0,0,0
D12_I5_S,L5S-061,2,2,2,0,0,49,55,0
D12_I5_S,L5S-062,1,1,1,0,0,23,24,0
D12_I5_S,L5S-063,0,0,0,0,0,0,0,0
D12_I5_S,L5S-065,0,0,0,0,0,0,0,0
D12_I5_S,L5S-066,1,1,1,0,0,40,42,0
D12_I5_S,L5S-067,1,1,1,0,0,10,16,0
D12_I5_S,L5S-068,1,1,1,0,0,29,30,0
D12_I5_S,L5S-069,0,0,0,0,0,0,0,0
D12_I5_S,L5S-071,0,0,0,0,0,0,0,0
D12_I5_S,L5S-077,0,0,0,0,0,0,0,0
D12_I5_S,L5S-079,0,0,0,0,0,0,0,0
D12_I5_S,L5S-083,1,1,1,0,0,13,15,0
D12_I5_S,L5S-084,1,1,1,0,0,23,24,0
D12_I5_S,L5S-085,0,0,0,0,0,0,0,0
D12_I5_S,L5S-086,2,2,2,0,0,72,81,0
D12_I5_S,L5S-091,1,1,1,0,0,32,33,0
D12_I5_S,L5S-093,1,1,1,0,0,22,24,0
D12_I5_S,L5S-095,0,0,0,0,0,0,0,0
D12_I5_S,L5S-096,1,0,0,1,0,0,10,0
D12_I5_S,L5S-101,0,0,0,0,0,0,0,0
D12_I5_S,L5S-107,2,2,2,0,0,77,80,0
D12_I5_S,L5S-121,0,0,0,0,0,0,0,0
D12_I5_S,L5S-122,0,0,0,0,0,0,0,0
D12_I5_S,L5S-123,0,0,0,0,0,0,0,0
D12_I5_S,L5S-125,0,0,0,0,0,0,0,0
D12_I5_S,L5S-130,0,0,0,0,0,0,0,0
D12_I5_S,L5S-132,0,0,0,0,0,0,0,0
D12_I5_S,L5S-135,1,1,1,0,0,9,11,0
D12_I5_S,L5S-136,1,1,1,0,0,34,35,0
D12_I5_S,L5S-137,2,2,2,0,0,54,57,0
D12_I5_S,L5S-142,2,2,2,0,0,70,71,0
D12_I5_S,L5S-146,0,0,0,0,0,0,0,0
D12_I5_S,L5S-147,0,0,0,0,0,0,0,0
D12_I5_S,L5S-149,1,1,1,0,0,11,12,0
D12_I5_S,L5S-152,0,0,0,0,0,0,0,0
D12_I5_S,L5S-154,0,0,0,0,0,0,0,0
D12_I5_S,L5S-156,1,0,0,1,0,0,14,0
D12_I5_S,L5S-158,1,1,1,0,0,26,28,0
D12_I5_S,L5S-161,1,1,1,0,0,18,23,0
D12_I5_S,L5S-165,0,0,0,0,0,0,0,0
D12_I5_S,L5S-173,2,2,2,0,0,25,28,0
D12_I5_S,L5S-174,2,2,2,0,0,53,61,0
D12_I5_S,L5S-178,0,0,0,0,0,0,0,0
D12_I5_S,L5S-179,0,0,0,0,0,0,0,0
D12_I5_S,L5S-181,2,1,1,1,0,38,47,0
D12_I5_S,L5S-185,2,2,2,0,0,81,85,0
D12_I5_S,L5S-187,3,3,2,1,1,71,100,1
D12_I5_S,L5S-190,0,0,0,0,0,0,0,0
D12_I5_S,L5S-196,1,1,1,0,0,19,21,0
D12_I5_S,L5S-197,1,1,1,0,0,26,32,0
D12_I5_S,L5S-199,0,0,0,0,0,0,0,0
D12_I5_S,L5S-205,0,0,0,0,0,0,0,7
D12_I5_S,L5S-220,1,1,1,0,0,16,18,0
D12_I5_S,L5S-223,1,1,0,1,1,6,20,0
D12_I5_S,L5S-226,0,0,0,0,0,0,0,0
D12_I5_S,L5S-239,0,0,0,0,0,0,0,0
D12_I5_S,L5S-240,1,1,1,0,0,26,26,0
D12_I5_S,L5S-249,0,0,0,0,0,0,0,0
D12_I5_S,L5S-252,1,1,1,0,0,23,35,0
D12_I5_S,L5S-260,1,1,1,0,0,43,44,0
D12_I5_S,L5S-262,2,3,2,0,1,70,73,0
D12_I5_S,L5S-264,2,2,2,0,0,58,62,0
D12_I5_S,L5S-267,1,1,1,0,0,32,34,0
D12_I5_S,L5S-272,2,2,2,0,0,78,80,0
D12_I5_S,L5S-277,1,1,1,0,0,13,15,0
D12_I5_S,L5S-278,0,0,0,0,0,0,0,0
D12_I5_S,L5S-280,1,1,1,0,0,8,10,0
D7_I10_E,L10E-002,2,2,2,0,0,80,84,0
D7_I10_E,L10E-028,1,1,1,0,0,75,77,0
D7_I10_E,L10E-069,1,1,1,0,0,82,84,0
D7_I10_E,L10E-073,2,2,2,0,0,97,101,0
D7_I10_E,L10E-100,1,1,1,0,0,13,22,0
D7_I10_E,L10E-106,1,1,1,0,0,63,63,0
D7_I10_E,L10E-169,1,1,1,0,0,87,89,0
D7_I10_E,L10E-178,2,1,1,1,0,73,81,0
D7_I10_E,L10E-187,1,1,1,0,0,81,83,0
D7_I10_E,L10E-214,1,1,1,0,0,78,80,0
D7_I10_E,L10E-216,1,1,1,0,0,81,83,0
D7_I10_E,L10E-217,1,1,1,0,0,88,90,0
D7_I10_E,L10E-221,2,2,2,0,0,105,110,0
D7_I10_E,L10E-222,1,1,1,0,0,85,88,0
D7_I10_E,L10E-233,1,1,1,0,0,103,108,0
D7_I10_E,L10E-258,0,0,0,0,0,0,0,0
D7_I10_E,L10E-303,2,2,2,0,0,96,100,0
D7_I10_E,L10E-304,2,2,2,0,0,84,86,0
D7_I10_E,L10E-308,2,2,2,0,0,98,102,0
D7_I10_E,L10E-311,2,1,1,1,0,17,28,0
D7_I10_E,L10E-326,1,1,1,0,0,51,52,0
D7_I10_E,L10E-331,1,1,1,0,0,57,65,0
D7_I10_E,L10E-333,1,1,1,0,0,50,52,0
D7_I10_E,L10E-337,1,1,1,0,0,57,59,0
D7_I10_E,L10E-349,1,1,1,0,0,84,86,0
D7_I10_E,L10E-351,2,2,2,0,0,84,88,0
D7_I10_W,L10W-001,1,2,1,0,1,21,28,0
D7_I10_W,L10W-068,1,1,1,0,0,31,33,0
D7_I10_W,L10W-071,1,1,1,0,0,51,52,0
D7_I10_W,L10W-084,1,1,1,0,0,66,68,0
D7_I10_W,L10W-086,1,1,1,0,0,39,39,0
D7_I10_W,L10W-099,1,1,1,0,0,43,45,0
D7_I10_W,L10W-107,1,1,1,0,0,55,61,0
D7_I10_W,L10W-109,1,1,1,0,0,57,61,0
D7_I10_W,L10W-116,0,0,0,0,0,0,0,0
D7_I10_W,L10W-124,1,1,1,0,0,16,18,0
D7_I10_W,L10W-147,2,2,2,0,0,42,44,0
D7_I10_W,L10W-169,1,1,1,0,0,46,47,0
D7_I10_W,L10W-190,0,0,0,0,0,0,0,0
D7_I10_W,L10W-221,1,1,1,0,0,49,50,0
D7_I10_W,L10W-232,1,1,1,0,0,42,43,0
D7_I10_W,L10W-248,1,1,1,0,0,44,47,0
D7_I10_W,L10W-262,1,1,1,0,0,54,67,0
D7_I10_W,L10W-291,1,2,1,0,1,29,32,0
D7_I10_W,L10W-292,1,2,1,0,1,29,32,0
D7_I10_W,L10W-296,4,4,4,0,0,120,122,0
D7_I10_W,L10W-297,0,0,0,0,0,0,0,0
D7_I10_W,L10W-301,1,1,1,0,0,51,53,0
D7_I10_W,L10W-302,2,2,2,0,0,18,23,0
D7_I10_W,L10W-312,1,1,1,0,0,46,48,0
D7_I10_W,L10W-315,1,1,1,0,0,47,50,0
D7_I10_W,L10W-371,2,2,2,0,0,34,36,0
D7_I10_W,L10W-377,2,1,1,1,0,33,41,0
D7_I10_W,L10W-383,1,1,1,0,0,47,48,0
D7_I10_W,L10W-385,1,1,1,0,0,8,10,0
D7_I10_W,L10W-388,1,1,1,0,0,40,42,0
D7_I10_W,L10W-395,1,1,1,0,0,42,44,0
D7_I210_E,L210E-008,1,1,1,0,0,90,91,0
D7_I210_E,L210E-009,1,1,1,0,0,88,90,0
D7_I210_E,L210E-035,0,0,0,0,0,0,0,0
D7_I210_E,L210E-042,2,2,2,0,0,47,51,0
D7_I210_E,L210E-046,1,1,1,0,0,7,9,0
D7_I210_E,L210E-051,0,0,0,0,0,0,0,0
D7_I210_E,L210E-052,0,0,0,0,0,0,0,0
D7_I210_E,L210E-065,1,1,1,0,0,29,30,0
D7_I210_E,L210E-070,1,1,1,0,0,27,29,0
D7_I210_E,L210E-128,1,1,1,0,0,60,61,0
D7_I210_E,L210E-136,0,0,0,0,0,0,0,0
D7_I210_E,L210E-139,1,1,1,0,0,78,80,0
D7_I210_E,L210E-141,1,1,1,0,0,83,88,0
D7_I210_E,L210E-145,1,1,1,0,0,58,59,0
D7_I210_E,L210E-168,0,0,0,0,0,0,0,0
D7_I210_E,L210E-170,1,1,1,0,0,70,71,0
D7_I210_E,L210E-172,0,0,0,0,0,0,0,0
D7_I210_E,L210E-173,0,0,0,0,0,0,0,0
D7_I210_E,L210E-203,0,0,0,0,0,0,0,0
D7_I210_E,L210E-206,0,0,0,0,0,0,0,0
D7_I210_E,L210E-220,1,2,0,1,2,58,61,0
D7_I210_E,L210E-224,1,3,0,1,3,58,80,0
D7_I210_E,L210E-231,1,1,1,0,0,84,86,0
D7_I210_E,L210E-237,1,1,1,0,0,64,66,0
D7_I210_E,L210E-243,0,0,0,0,0,0,0,0
D7_I210_E,L210E-245,1,1,1,0,0,76,78,0
D7_I210_E,L210E-260,0,0,0,0,0,0,0,0
D7_I210_E,L210E-304,1,2,1,0,1,34,36,0
D7_I210_E,L210E-314,1,1,1,0,0,69,71,0
D7_I210_E,L210E-319,1,1,1,0,0,72,74,0
D7_I210_W,L210W-001,2,2,2,0,0,60,62,0
D7_I210_W,L210W-004,0,0,0,0,0,0,0,0
D7_I210_W,L210W-022,1,1,1,0,0,9,11,0
D7_I210_W,L210W-028,1,1,1,0,0,9,12,0
D7_I210_W,L210W-038,0,0,0,0,0,0,0,0
D7_I210_W,L210W-052,0,0,0,0,0,0,0,0
D7_I210_W,L210W-053,0,0,0,0,0,0,0,0
D7_I210_W,L210W-054,0,0,0,0,0,0,0,0
D7_I210_W,L210W-106,0,0,0,0,0,0,0,0
D7_I210_W,L210W-108,1,1,1,0,0,59,62,0
D7_I210_W,L210W-112,1,1,1,0,0,68,72,0
D7_I210_W,L210W-113,1,1,1,0,0,67,68,0
D7_I210_W,L210W-129,2,2,2,0,0,110,112,0
D7_I210_W,L210W-132,1,1,1,0,0,53,53,0
D7_I210_W,L210W-141,1,1,1,0,0,22,24,0
D7_I210_W,L210W-143,2,2,2,0,0,47,56,0
D7_I210_W,L210W-150,2,2,2,0,0,137,141,0
D7_I210_W,L210W-154,1,1,1,0,0,55,56,0
D7_I210_W,L210W-155,2,2,2,0,0,104,105,0
D7_I210_W,L210W-167,0,0,0,0,0,0,0,0
D7_I210_W,L210W-182,1,2,1,0,1,70,72,0
D7_I210_W,L210W-202,0,0,0,0,0,0,0,0
D7_I210_W,L210W-211,2,2,2,0,0,74,76,0
D7_I210_W,L210W-221,1,1,1,0,0,35,37,0
D7_I210_W,L210W-222,1,2,1,0,1,62,71,0
D7_I210_W,L210W-233,1,1,1,0,0,71,73,0
D7_I210_W,L210W-234,1,1,1,0,0,63,64,0
D7_I210_W,L210W-238,0,0,0,0,0,0,0,0
D7_I210_W,L210W-251,1,1,1,0,0,51,54,0
D7_I210_W,L210W-256,1,1,1,0,0,32,33,0
D7_I210_W,L210W-291,1,1,1,0,0,73,74,0
D7_I210_W,L210W-299,1,2,1,0,1,59,62,0
D7_I210_W,L210W-301,2,2,2,0,0,94,102,0
D7_I210_W,L210W-305,2,2,2,0,0,80,84,0
D7_I405_N,L405N-069,2,2,2,0,0,69,73,0
D7_I405_N,L405N-076,3,4,3,0,1,121,126,0
D7_I405_N,L405N-098,1,1,1,0,0,155,157,0
D7_I405_N,L405N-115,1,1,1,0,0,62,64,0
D7_I405_N,L405N-122,1,1,1,0,0,89,91,0
D7_I405_N,L405N-129,2,2,2,0,0,84,87,0
D7_I405_N,L405N-135,1,1,1,0,0,106,108,0
D7_I405_N,L405N-215,2,2,2,0,0,67,73,0
D7_I405_N,L405N-217,0,0,0,0,0,0,0,0
D7_I405_N,L405N-241,1,1,1,0,0,83,83,0
D7_I405_N,L405N-273,1,1,1,0,0,67,70,0
D7_I405_S,L405S-001,2,1,1,1,0,52,53,14
D7_I405_S,L405S-061,1,1,1,0,0,61,61,0
D7_I405_S,L405S-073,2,2,2,0,0,108,110,0
D7_I405_S,L405S-084,1,1,1,0,0,103,104,0
D7_I405_S,L405S-087,1,1,1,0,0,112,113,0
D7_I405_S,L405S-231,1,1,1,0,0,13,15,0
D7_I405_S,L405S-234,1,1,1,0,0,49,55,0
D7_I405_S,L405S-336,2,2,2,0,0,46,47,0
D7_I405_S,L405S-392,2,2,2,0,0,126,129,0
D7_I405_S,L405S-417,1,1,1,0,0,85,87,0
D7_I405_S,L405S-425,2,2,2,0,0,107,112,0
