corridor,qvdfe_episodes,repository_episodes,matched_episodes,qvdfe_only,repository_only,intersection_bins,union_bins,missing_bins,bin_iou
D12_I405_N,19,18,18,1,0,671,705,0,0.9517730496453901
D12_I405_S,11,10,10,1,0,270,301,0,0.8970099667774086
D12_I5_N,37,34,33,4,1,1608,1716,47,0.9370629370629371
D12_I5_S,61,60,55,6,5,1462,1672,8,0.8744019138755981
D7_I10_E,34,32,32,2,0,1869,1961,0,0.9530851606323304
D7_I10_W,35,37,34,1,3,1200,1284,0,0.9345794392523364
D7_I210_E,20,24,18,2,6,1152,1211,0,0.9512799339388934
D7_I210_W,33,36,33,0,3,1564,1636,0,0.9559902200488998
D7_I405_N,15,16,15,0,1,903,932,0,0.9688841201716738
D7_I405_S,16,15,15,1,0,862,886,14,0.9729119638826185
