corridor,sensor,episode_id,intersection_over_union,t0_difference_min,t2_difference_min,t3_difference_min,P_ours_h,P_repository_h,D_ours_vehpl,D_repository_whole_episode_vehpl
D12_I405_N,L405N-001,state_transition__PeMS::D12_I405_N::L405N-001__2025-10-01__1478,0.9761904761904762,-5.0,0.0,0.0,3.5,3.4166666666666665,4233.641304347826,4129.679347826086
D12_I405_N,L405N-002,state_transition__PeMS::D12_I405_N::L405N-002__2025-10-01__1479,0.8125,-5.0,0.0,10.0,1.3333333333333333,1.0833333333333333,1843.7434782608696,1492.6913043478262
D12_I405_N,L405N-016,state_transition__PeMS::D12_I405_N::L405N-016__2025-10-01__1480,1.0,0.0,0.0,0.0,4.833333333333333,4.833333333333333,5812.472822299651,5812.472822299651
D12_I405_N,L405N-027,state_transition__PeMS::D12_I405_N::L405N-027__2025-10-01__1481,0.9591836734693877,-5.0,0.0,-5.0,4.0,4.0,4174.755434782608,4167.451086956521
D12_I405_N,L405N-063,state_transition__PeMS::D12_I405_N::L405N-063__2025-10-01__1482,0.9615384615384616,-5.0,0.0,5.0,4.333333333333333,4.166666666666666,4284.913043478262,4107.608695652173
D12_I405_N,L405N-065,state_transition__PeMS::D12_I405_N::L405N-065__2025-10-01__1483,0.9565217391304348,5.0,0.0,0.0,1.8333333333333333,1.9166666666666663,1940.9333333333334,2036.2666666666667
D12_I405_N,L405N-071,state_transition__PeMS::D12_I405_N::L405N-071__2025-10-01__1484,1.0,0.0,0.0,0.0,4.666666666666667,4.666666666666666,5117.057971014492,5117.057971014492
D12_I405_N,L405N-074,state_transition__PeMS::D12_I405_N::L405N-074__2025-10-01__1485,0.9487179487179487,-5.0,0.0,5.0,3.25,3.083333333333333,4509.691304347826,4278.530434782609
D12_I405_N,L405N-076,state_transition__PeMS::D12_I405_N::L405N-076__2025-10-01__1486,0.9,-5.0,0.0,5.0,1.6666666666666667,1.5,2529.2347826086957,2258.939130434783
D12_I405_N,L405N-086,state_transition__PeMS::D12_I405_N::L405N-086__2025-10-01__1488,0.96875,5.0,0.0,0.0,2.5833333333333335,2.6666666666666665,3500.260869565216,3617.6666666666665
D12_I405_N,L405N-087,state_transition__PeMS::D12_I405_N::L405N-087__2025-10-01__1489,0.9615384615384616,0.0,0.0,5.0,2.1666666666666665,2.083333333333333,3095.913043478261,2977.528985507246
D12_I405_N,L405N-091,state_transition__PeMS::D12_I405_N::L405N-091__2025-10-01__1490,0.9811320754716981,-5.0,0.0,0.0,4.416666666666667,4.333333333333333,5853.282608695652,5737.880434782608
D12_I405_N,L405N-095,state_transition__PeMS::D12_I405_N::L405N-095__2025-10-01__1491,0.9736842105263158,0.0,0.0,5.0,3.1666666666666665,3.083333333333333,3971.0181818181823,3869.672727272726
D12_I405_N,L405N-100,state_transition__PeMS::D12_I405_N::L405N-100__2025-10-01__1492,0.9777777777777777,-5.0,0.0,0.0,3.75,3.6666666666666665,4273.434782608696,4170.949275362319
D12_I405_N,L405N-110,state_transition__PeMS::D12_I405_N::L405N-110__2025-10-01__1493,0.96875,-5.0,0.0,5.0,5.333333333333333,5.166666666666666,21608.826086956524,20942.217391304344
D12_I405_N,L405N-116,state_transition__PeMS::D12_I405_N::L405N-116__2025-10-01__1494,0.9661016949152542,-5.0,0.0,5.0,4.916666666666667,4.75,19745.97826086957,19026.782608695652
D12_I405_N,L405N-126,state_transition__PeMS::D12_I405_N::L405N-126__2025-10-01__1495,0.8181818181818182,-5.0,0.0,5.0,0.9166666666666666,0.75,5643.608695652175,4597.086956521739
D12_I405_N,L405N-134,state_transition__PeMS::D12_I405_N::L405N-134__2025-10-01__1496,0.8,-10.0,0.0,5.0,1.25,1.0,4964.363636363637,3958.7272727272725
D12_I405_S,L405S-004,state_transition__PeMS::D12_I405_S::L405S-004__2025-10-01__1497,0.9393939393939394,-5.0,0.0,5.0,2.75,2.583333333333333,3101.296442687747,2905.611660079051
D12_I405_S,L405S-005,state_transition__PeMS::D12_I405_S::L405S-005__2025-10-01__1498,1.0,0.0,0.0,0.0,2.3333333333333335,2.333333333333333,2690.6645962732914,2690.664596273292
D12_I405_S,L405S-020,state_transition__PeMS::D12_I405_S::L405S-020__2025-10-01__1499,0.9230769230769231,-5.0,0.0,5.0,2.1666666666666665,2.0,2896.962121212121,2676.113636363636
D12_I405_S,L405S-024,state_transition__PeMS::D12_I405_S::L405S-024__2025-10-01__1501,0.8181818181818182,-5.0,0.0,5.0,0.9166666666666666,0.75,1396.6916666666664,1137.175
D12_I405_S,L405S-108,state_transition__PeMS::D12_I405_S::L405S-108__2025-10-01__1502,0.8636363636363636,-5.0,0.0,10.0,1.8333333333333333,1.5833333333333333,5869.949685534592,5045.424528301886
D12_I405_S,L405S-112,state_transition__PeMS::D12_I405_S::L405S-112__2025-10-01__1503,0.6,-5.0,0.0,35.0,1.6666666666666667,1.0,4614.545454545454,2763.454545454545
D12_I405_S,L405S-114,state_transition__PeMS::D12_I405_S::L405S-114__2025-10-01__1504,0.9743589743589743,-5.0,0.0,0.0,3.25,3.1666666666666665,7297.385375494071,7043.211462450593
D12_I405_S,L405S-115,state_transition__PeMS::D12_I405_S::L405S-115__2025-10-01__1505,0.9523809523809523,-5.0,0.0,5.0,3.5,3.333333333333333,9320.404166666667,8742.216666666667
D12_I405_S,L405S-117,state_transition__PeMS::D12_I405_S::L405S-117__2025-10-01__1506,0.9393939393939394,-5.0,0.0,5.0,2.75,2.583333333333333,10251.014822134388,9594.75395256917
D12_I405_S,L405S-132,state_transition__PeMS::D12_I405_S::L405S-132__2025-10-01__1507,0.95,-5.0,0.0,5.0,3.3333333333333335,3.1666666666666665,10981.440711462452,10302.245059288536
D12_I5_N,L5N-010,state_transition__PeMS::D12_I5_N::L5N-010__2025-10-01__1508,1.0,0.0,0.0,0.0,2.5,2.5,2516.515873015873,2516.515873015873
D12_I5_N,L5N-028,state_transition__PeMS::D12_I5_N::L5N-028__2025-10-01__1509,0.9047619047619048,-5.0,0.0,-5.0,1.6666666666666667,1.6666666666666663,1881.3000000000002,1869.8438596491228
D12_I5_N,L5N-028,state_transition__PeMS::D12_I5_N::L5N-028__2025-10-01__1510,1.0,0.0,0.0,0.0,5.75,5.75,5106.81507936508,5106.815079365078
D12_I5_N,L5N-035,state_transition__PeMS::D12_I5_N::L5N-035__2025-10-01__1511,0.9833333333333333,0.0,0.0,5.0,5.0,4.916666666666666,4821.6351778656135,4739.417786561264
D12_I5_N,L5N-038,state_transition__PeMS::D12_I5_N::L5N-038__2025-10-01__1512,0.9634146341463414,-10.0,0.0,5.0,6.833333333333333,6.583333333333333,7682.787906537907,7379.930763680764
D12_I5_N,L5N-042,state_transition__PeMS::D12_I5_N::L5N-042__2025-10-01__1513,0.9230769230769231,0.0,0.0,5.0,1.0833333333333333,1.0,942.4293478260869,867.3315217391303
D12_I5_N,L5N-043,state_transition__PeMS::D12_I5_N::L5N-043__2025-10-01__1515,0.9661016949152542,-5.0,0.0,5.0,4.916666666666667,4.75,4372.434782608696,4192.627140974968
D12_I5_N,L5N-045,state_transition__PeMS::D12_I5_N::L5N-045__2025-10-01__1516,0.967741935483871,-5.0,0.0,5.0,5.166666666666667,5.0,4817.614522417155,4635.672514619883
D12_I5_N,L5N-072,state_transition__PeMS::D12_I5_N::L5N-072__2025-10-01__1517,0.7272727272727273,20.0,0.0,-10.0,1.3333333333333333,1.8333333333333333,1444.695652173913,2001.0652173913045
D12_I5_N,L5N-128,state_transition__PeMS::D12_I5_N::L5N-128__2025-10-01__1518,0.9666666666666667,-5.0,0.0,5.0,5.0,4.833333333333333,5504.781676413256,5318.228557504873
D12_I5_N,L5N-131,state_transition__PeMS::D12_I5_N::L5N-131__2025-10-01__1519,0.9722222222222222,-5.0,0.0,-5.0,5.916666666666667,5.916666666666666,7086.906565656565,7070.820707070707
D12_I5_N,L5N-132,state_transition__PeMS::D12_I5_N::L5N-132__2025-10-01__1520,0.9736842105263158,-5.0,0.0,5.0,6.333333333333333,6.166666666666666,6367.710317460316,6185.213529856386
D12_I5_N,L5N-133,state_transition__PeMS::D12_I5_N::L5N-133__2025-10-01__1521,0.9166666666666666,5.0,0.0,0.0,0.9166666666666666,1.0,981.4920634920634,1076.9325396825398
D12_I5_N,L5N-133,state_transition__PeMS::D12_I5_N::L5N-133__2025-10-01__1522,1.0,0.0,0.0,0.0,4.333333333333333,4.333333333333333,4256.325577200576,4256.325577200577
D12_I5_N,L5N-134,state_transition__PeMS::D12_I5_N::L5N-134__2025-10-01__1523,0.9714285714285714,-5.0,0.0,5.0,5.833333333333333,5.666666666666666,5426.674242424242,5257.964285714285
D12_I5_N,L5N-135,state_transition__PeMS::D12_I5_N::L5N-135__2025-10-01__1524,0.96875,-5.0,0.0,5.0,5.333333333333333,5.166666666666666,5014.931818181818,4840.622859025032
D12_I5_N,L5N-138,state_transition__PeMS::D12_I5_N::L5N-138__2025-10-01__1525,0.975,-5.0,0.0,0.0,3.3333333333333335,3.25,3140.045454545455,3058.0454545454545
D12_I5_N,L5N-146,state_transition__PeMS::D12_I5_N::L5N-146__2025-10-01__1527,0.9666666666666667,-5.0,0.0,5.0,5.0,4.833333333333333,5958.534782608695,5758.488142292489
D12_I5_N,L5N-157,state_transition__PeMS::D12_I5_N::L5N-157__2025-10-01__1528,0.9122807017543859,-20.0,0.0,5.0,4.75,4.333333333333333,4935.212400793652,4469.876289682539
D12_I5_N,L5N-159,state_transition__PeMS::D12_I5_N::L5N-159__2025-10-01__1529,1.0,0.0,0.0,0.0,2.8333333333333335,2.833333333333333,3883.4782608695655,3883.478260869566
D12_I5_N,L5N-161,state_transition__PeMS::D12_I5_N::L5N-161__2025-10-01__1530,0.9166666666666666,-5.0,0.0,5.0,2.0,1.8333333333333333,2196.37560296846,2010.6072047000616
D12_I5_N,L5N-161,state_transition__PeMS::D12_I5_N::L5N-161__2025-10-01__1531,0.9767441860465116,-5.0,0.0,5.0,7.166666666666667,7.0,6514.358379715523,6349.281385281385
D12_I5_N,L5N-162,state_transition__PeMS::D12_I5_N::L5N-162__2025-10-01__1532,0.7301587301587301,-80.0,0.0,5.0,5.25,3.833333333333333,4997.765151515151,3559.648268398267
D12_I5_N,L5N-163,state_transition__PeMS::D12_I5_N::L5N-163__2025-10-01__1533,0.9,-5.0,0.0,5.0,1.6666666666666667,1.5,2025.1922799422798,1813.6111111111109
D12_I5_N,L5N-163,state_transition__PeMS::D12_I5_N::L5N-163__2025-10-01__1534,0.96875,-5.0,0.0,5.0,5.333333333333333,5.166666666666666,5574.212121212121,5381.531024531025
D12_I5_N,L5N-165,state_transition__PeMS::D12_I5_N::L5N-165__2025-10-01__1535,0.8,10.0,0.0,0.0,0.6666666666666666,0.8333333333333333,615.5578231292517,783.952380952381
D12_I5_N,L5N-165,state_transition__PeMS::D12_I5_N::L5N-165__2025-10-01__1536,0.9565217391304348,-5.0,0.0,5.0,3.8333333333333335,3.6666666666666665,3672.9458874458874,3508.1168831168834
D12_I5_N,L5N-178,state_transition__PeMS::D12_I5_N::L5N-178__2025-10-01__1538,0.9,-5.0,0.0,5.0,1.6666666666666667,1.5,1799.6214285714284,1614.8163265306123
D12_I5_N,L5N-178,state_transition__PeMS::D12_I5_N::L5N-178__2025-10-01__1539,0.9682539682539683,-5.0,0.0,5.0,5.25,5.083333333333333,4661.670068027211,4502.970624613482
D12_I5_N,L5N-230,state_transition__PeMS::D12_I5_N::L5N-230__2025-10-01__1541,0.898989898989899,-45.0,0.0,5.0,8.25,7.416666666666666,8330.569169960476,7437.13749294184
D12_I5_N,L5N-233,state_transition__PeMS::D12_I5_N::L5N-233__2025-10-01__1542,0.9795918367346939,0.0,0.0,5.0,4.083333333333333,4.0,4930.48,4824.24
D12_I5_N,L5N-242,state_transition__PeMS::D12_I5_N::L5N-242__2025-10-01__1543,0.9655172413793104,-5.0,0.0,5.0,4.833333333333333,4.666666666666666,3385.1312817617168,3244.8162055335965
D12_I5_N,L5N-248,state_transition__PeMS::D12_I5_N::L5N-248__2025-10-01__1544,1.0,0.0,0.0,0.0,5.333333333333333,5.333333333333333,4026.797760210804,4026.797760210804
D12_I5_S,L5S-028,state_transition__PeMS::D12_I5_S::L5S-028__2025-10-01__1545,0.92,-5.0,0.0,5.0,2.0833333333333335,1.9166666666666663,2463.334199134199,2268.547763347763
D12_I5_S,L5S-028,state_transition__PeMS::D12_I5_S::L5S-028__2025-10-01__1546,0.8,-5.0,0.0,5.0,0.8333333333333334,0.6666666666666666,1058.0833333333335,848.0454545454546
D12_I5_S,L5S-033,state_transition__PeMS::D12_I5_S::L5S-033__2025-10-01__1547,0.9696969696969697,-5.0,0.0,0.0,2.75,2.6666666666666665,2898.1289381207025,2804.1346524064174
D12_I5_S,L5S-033,state_transition__PeMS::D12_I5_S::L5S-033__2025-10-01__1548,0.8666666666666667,-5.0,0.0,5.0,1.25,1.0833333333333333,1397.0905780494015,1210.08555640438
D12_I5_S,L5S-036,state_transition__PeMS::D12_I5_S::L5S-036__2025-10-01__1550,0.96,-5.0,0.0,5.0,4.166666666666667,4.0,5781.503846153847,5520.194871794871
D12_I5_S,L5S-036,state_transition__PeMS::D12_I5_S::L5S-036__2025-10-01__1551,0.8,-5.0,0.0,5.0,0.8333333333333334,0.6666666666666666,1257.7666666666667,999.25
D12_I5_S,L5S-041,state_transition__PeMS::D12_I5_S::L5S-041__2025-10-01__1552,0.8,-5.0,0.0,5.0,0.8333333333333334,0.6666666666666666,865.304347826087,686.9937888198757
D12_I5_S,L5S-049,state_transition__PeMS::D12_I5_S::L5S-049__2025-10-01__1553,0.8333333333333334,-5.0,0.0,5.0,1.0,0.8333333333333333,1066.3333333333333,885.5434782608696
D12_I5_S,L5S-061,state_transition__PeMS::D12_I5_S::L5S-061__2025-10-01__1554,0.8717948717948718,-5.0,0.0,20.0,3.25,2.833333333333333,4081.9591836734694,3562.6020408163267
D12_I5_S,L5S-061,state_transition__PeMS::D12_I5_S::L5S-061__2025-10-01__1555,0.9375,0.0,0.0,5.0,1.3333333333333333,1.25,1750.3979591836735,1643.5306122448976
D12_I5_S,L5S-062,state_transition__PeMS::D12_I5_S::L5S-062__2025-10-01__1556,0.9583333333333334,0.0,0.0,5.0,2.0,1.9166666666666663,1852.295652173913,1772.573913043478
D12_I5_S,L5S-066,state_transition__PeMS::D12_I5_S::L5S-066__2025-10-01__1557,0.9523809523809523,-5.0,0.0,5.0,3.5,3.333333333333333,3609.2982456140353,3409.9561403508765
D12_I5_S,L5S-067,state_transition__PeMS::D12_I5_S::L5S-067__2025-10-01__1558,0.625,-5.0,0.0,25.0,1.3333333333333333,0.8333333333333333,1410.7478260869566,847.1478260869565
D12_I5_S,L5S-068,state_transition__PeMS::D12_I5_S::L5S-068__2025-10-01__1559,0.9666666666666667,0.0,0.0,5.0,2.5,2.4166666666666665,1816.2086956521741,1746.869565217391
D12_I5_S,L5S-083,state_transition__PeMS::D12_I5_S::L5S-083__2025-10-01__1560,0.8666666666666667,-5.0,0.0,5.0,1.25,1.0833333333333333,1496.2173913043478,1295.0289855072465
D12_I5_S,L5S-084,state_transition__PeMS::D12_I5_S::L5S-084__2025-10-01__1561,0.9583333333333334,5.0,0.0,0.0,1.9166666666666667,2.0,2346.4682539682544,2456.7619047619046
D12_I5_S,L5S-086,state_transition__PeMS::D12_I5_S::L5S-086__2025-10-01__1562,0.96,-5.0,0.0,5.0,4.166666666666667,4.0,4985.951086956522,4744.326086956522
D12_I5_S,L5S-086,state_transition__PeMS::D12_I5_S::L5S-086__2025-10-01__1563,0.7741935483870968,-30.0,0.0,5.0,2.5833333333333335,2.0,3552.3749999999995,2705.983695652174
D12_I5_S,L5S-091,state_transition__PeMS::D12_I5_S::L5S-091__2025-10-01__1564,0.9696969696969697,-5.0,0.0,0.0,2.75,2.6666666666666665,2469.004807692308,2391.8221153846152
D12_I5_S,L5S-093,state_transition__PeMS::D12_I5_S::L5S-093__2025-10-01__1565,0.9166666666666666,-5.0,0.0,5.0,2.0,1.8333333333333333,2979.363952020202,2729.8336489898984
D12_I5_S,L5S-107,state_transition__PeMS::D12_I5_S::L5S-107__2025-10-01__1567,0.9555555555555556,-5.0,0.0,5.0,3.75,3.583333333333333,3134.812030075188,2973.834586466165
D12_I5_S,L5S-107,state_transition__PeMS::D12_I5_S::L5S-107__2025-10-01__1568,0.9714285714285714,0.0,0.0,5.0,2.9166666666666665,2.833333333333333,2957.8467000835426,2873.252715121136
D12_I5_S,L5S-135,state_transition__PeMS::D12_I5_S::L5S-135__2025-10-01__1569,0.8181818181818182,-5.0,0.0,5.0,0.9166666666666666,0.75,1213.8347826086956,989.7826086956521
D12_I5_S,L5S-136,state_transition__PeMS::D12_I5_S::L5S-136__2025-10-01__1570,0.9714285714285714,-5.0,0.0,0.0,2.9166666666666665,2.833333333333333,2478.166666666667,2390.5151515151515
D12_I5_S,L5S-137,state_transition__PeMS::D12_I5_S::L5S-137__2025-10-01__1571,0.9591836734693877,-5.0,0.0,5.0,4.083333333333333,3.9166666666666665,5050.42094017094,4826.43376068376
D12_I5_S,L5S-137,state_transition__PeMS::D12_I5_S::L5S-137__2025-10-01__1572,0.875,0.0,0.0,5.0,0.6666666666666666,0.5833333333333333,893.3472222222222,779.6527777777778
D12_I5_S,L5S-142,state_transition__PeMS::D12_I5_S::L5S-142__2025-10-01__1573,0.9787234042553191,-5.0,0.0,0.0,3.9166666666666665,3.833333333333333,5607.5130434782595,5470.669565217389
D12_I5_S,L5S-142,state_transition__PeMS::D12_I5_S::L5S-142__2025-10-01__1574,1.0,0.0,0.0,0.0,2.0,2.0,3126.4782608695655,3126.478260869565
D12_I5_S,L5S-149,state_transition__PeMS::D12_I5_S::L5S-149__2025-10-01__1575,0.9166666666666666,-5.0,0.0,0.0,1.0,0.9166666666666666,1237.7719298245613,1129.8947368421052
D12_I5_S,L5S-158,state_transition__PeMS::D12_I5_S::L5S-158__2025-10-01__1577,0.9285714285714286,-5.0,0.0,5.0,2.3333333333333335,2.1666666666666665,2576.2147660818714,2390.9722222222217
D12_I5_S,L5S-161,state_transition__PeMS::D12_I5_S::L5S-161__2025-10-01__1578,0.782608695652174,25.0,0.0,0.0,1.5,1.9166666666666663,1908.06,2466.5999999999995
D12_I5_S,L5S-173,state_transition__PeMS::D12_I5_S::L5S-173__2025-10-01__1579,0.9047619047619048,-5.0,0.0,5.0,1.75,1.5833333333333333,1900.8472789115647,1717.5343537414967
D12_I5_S,L5S-173,state_transition__PeMS::D12_I5_S::L5S-173__2025-10-01__1580,0.8571428571428571,-5.0,0.0,0.0,0.5833333333333334,0.5,592.0649350649351,506.7012987012987
D12_I5_S,L5S-174,state_transition__PeMS::D12_I5_S::L5S-174__2025-10-01__1581,0.8478260869565217,-5.0,0.0,30.0,3.8333333333333335,3.25,4325.475324675324,3665.0923207227543
D12_I5_S,L5S-174,state_transition__PeMS::D12_I5_S::L5S-174__2025-10-01__1582,0.9333333333333333,-5.0,0.0,0.0,1.25,1.1666666666666663,1605.3565217391308,1492.2782608695652
D12_I5_S,L5S-181,state_transition__PeMS::D12_I5_S::L5S-181__2025-10-01__1583,0.95,-5.0,0.0,5.0,3.3333333333333335,3.1666666666666665,2687.960526315789,2518.815789473684
D12_I5_S,L5S-185,state_transition__PeMS::D12_I5_S::L5S-185__2025-10-01__1585,0.9607843137254902,-5.0,0.0,5.0,4.25,4.083333333333333,4761.4,4551.31304347826
D12_I5_S,L5S-185,state_transition__PeMS::D12_I5_S::L5S-185__2025-10-01__1586,0.9411764705882353,-5.0,0.0,5.0,2.8333333333333335,2.6666666666666665,3941.8252964426874,3700.113043478261
D12_I5_S,L5S-187,state_transition__PeMS::D12_I5_S::L5S-187__2025-10-01__1588,0.9333333333333333,-5.0,0.0,5.0,2.5,2.333333333333333,2664.8,2483.64
D12_I5_S,L5S-187,state_transition__PeMS::D12_I5_S::L5S-187__2025-10-01__1589,0.5645161290322581,-5.0,0.0,130.0,5.166666666666667,2.9166666666666665,3289.38,2048.86
D12_I5_S,L5S-196,state_transition__PeMS::D12_I5_S::L5S-196__2025-10-01__1590,0.9047619047619048,-5.0,0.0,5.0,1.75,1.5833333333333333,2456.663157894737,2217.7684210526318
D12_I5_S,L5S-197,state_transition__PeMS::D12_I5_S::L5S-197__2025-10-01__1591,0.8125,5.0,0.0,-25.0,2.1666666666666665,2.6666666666666665,2385.876923076923,3002.7384615384617
D12_I5_S,L5S-220,state_transition__PeMS::D12_I5_S::L5S-220__2025-10-01__1592,0.8888888888888888,-5.0,0.0,5.0,1.5,1.3333333333333333,1427.4076086956522,1266.141304347826
D12_I5_S,L5S-240,state_transition__PeMS::D12_I5_S::L5S-240__2025-10-01__1594,1.0,0.0,0.0,0.0,2.1666666666666665,2.1666666666666665,1832.0797101449277,1832.0797101449273
D12_I5_S,L5S-252,state_transition__PeMS::D12_I5_S::L5S-252__2025-10-01__1595,0.6571428571428571,50.0,0.0,-10.0,1.9166666666666667,2.9166666666666665,2467.7559163059163,3750.413203463203
D12_I5_S,L5S-260,state_transition__PeMS::D12_I5_S::L5S-260__2025-10-01__1596,0.9772727272727273,5.0,0.0,0.0,3.5833333333333335,3.6666666666666665,4131.2425213675215,4237.537393162393
D12_I5_S,L5S-262,state_transition__PeMS::D12_I5_S::L5S-262__2025-10-01__1597,0.7391304347826086,-60.0,0.0,0.0,3.8333333333333335,2.833333333333333,5228.060869565218,3795.339130434783
D12_I5_S,L5S-262,state_transition__PeMS::D12_I5_S::L5S-262__2025-10-01__1598,0.9629629629629629,0.0,0.0,5.0,2.25,2.1666666666666665,3458.286956521739,3322.3043478260865
D12_I5_S,L5S-264,state_transition__PeMS::D12_I5_S::L5S-264__2025-10-01__1599,0.9565217391304348,-5.0,0.0,5.0,3.8333333333333335,3.6666666666666665,2557.3768115942034,2429.739130434783
D12_I5_S,L5S-264,state_transition__PeMS::D12_I5_S::L5S-264__2025-10-01__1600,0.875,-5.0,0.0,5.0,1.3333333333333333,1.1666666666666663,971.304347826087,848.7826086956521
D12_I5_S,L5S-267,state_transition__PeMS::D12_I5_S::L5S-267__2025-10-01__1601,0.9411764705882353,-5.0,0.0,5.0,2.8333333333333335,2.6666666666666665,2129.4695652173914,1983.8956521739128
D12_I5_S,L5S-272,state_transition__PeMS::D12_I5_S::L5S-272__2025-10-01__1602,0.9555555555555556,-5.0,0.0,5.0,3.75,3.583333333333333,5283.71304347826,4998.417391304347
D12_I5_S,L5S-272,state_transition__PeMS::D12_I5_S::L5S-272__2025-10-01__1603,1.0,0.0,0.0,0.0,2.9166666666666665,2.9166666666666665,5037.104743083004,5037.104743083004
D12_I5_S,L5S-277,state_transition__PeMS::D12_I5_S::L5S-277__2025-10-01__1604,0.8666666666666667,-5.0,0.0,5.0,1.25,1.0833333333333333,1366.942028985507,1178.9057971014493
D12_I5_S,L5S-280,state_transition__PeMS::D12_I5_S::L5S-280__2025-10-01__1605,0.8,-5.0,0.0,5.0,0.8333333333333334,0.6666666666666666,1311.4855072463768,1048.144927536232
D7_I10_E,L10E-002,state_transition__PeMS::D7_I10_E::L10E-002__2025-10-01__1606,0.8333333333333334,-5.0,0.0,5.0,1.0,0.8333333333333333,1201.97,999.4599999999998
D7_I10_E,L10E-002,state_transition__PeMS::D7_I10_E::L10E-002__2025-10-01__1607,0.9722222222222222,-5.0,0.0,5.0,6.0,5.833333333333333,7190.179999999999,6993.519999999999
D7_I10_E,L10E-028,state_transition__PeMS::D7_I10_E::L10E-028__2025-10-01__1608,0.974025974025974,-5.0,0.0,5.0,6.416666666666667,6.25,7243.380434782609,7041.36956521739
D7_I10_E,L10E-069,state_transition__PeMS::D7_I10_E::L10E-069__2025-10-01__1609,0.9761904761904762,-5.0,0.0,5.0,7.0,6.833333333333333,11935.197023809525,11636.685119047619
D7_I10_E,L10E-073,state_transition__PeMS::D7_I10_E::L10E-073__2025-10-01__1610,0.8571428571428571,-5.0,0.0,5.0,1.1666666666666667,1.0,1402.6956521739125,1189.2391304347825
D7_I10_E,L10E-073,state_transition__PeMS::D7_I10_E::L10E-073__2025-10-01__1611,0.9770114942528736,-5.0,0.0,5.0,7.25,7.083333333333333,9220.826086956522,8992.565217391306
D7_I10_E,L10E-100,state_transition__PeMS::D7_I10_E::L10E-100__2025-10-01__1612,0.5909090909090909,-5.0,0.0,40.0,1.8333333333333333,1.0833333333333333,1772.1304347826087,1053.2028985507245
D7_I10_E,L10E-106,state_transition__PeMS::D7_I10_E::L10E-106__2025-10-01__1613,1.0,0.0,0.0,0.0,5.25,5.25,5275.623157894737,5275.623157894737
D7_I10_E,L10E-169,state_transition__PeMS::D7_I10_E::L10E-169__2025-10-01__1614,0.9775280898876404,-5.0,0.0,5.0,7.416666666666667,7.25,9889.206521739132,9670.445652173912
D7_I10_E,L10E-178,state_transition__PeMS::D7_I10_E::L10E-178__2025-10-01__1616,0.9864864864864865,0.0,0.0,5.0,6.166666666666667,6.083333333333333,6537.857142857142,6436.630952380952
D7_I10_E,L10E-187,state_transition__PeMS::D7_I10_E::L10E-187__2025-10-01__1617,0.9759036144578314,-5.0,0.0,5.0,6.916666666666667,6.75,9017.45652173913,8802.076086956522
D7_I10_E,L10E-214,state_transition__PeMS::D7_I10_E::L10E-214__2025-10-01__1618,0.975,-5.0,0.0,5.0,6.666666666666667,6.5,7837.076086956522,7622.456521739132
D7_I10_E,L10E-216,state_transition__PeMS::D7_I10_E::L10E-216__2025-10-01__1619,0.9759036144578314,-5.0,0.0,5.0,6.916666666666667,6.75,6969.427272727273,6789.009090909091
D7_I10_E,L10E-217,state_transition__PeMS::D7_I10_E::L10E-217__2025-10-01__1620,0.9777777777777777,-5.0,0.0,5.0,7.5,7.333333333333333,9062.510869565216,8847.423913043478
D7_I10_E,L10E-221,state_transition__PeMS::D7_I10_E::L10E-221__2025-10-01__1621,0.8666666666666667,-5.0,0.0,5.0,1.25,1.0833333333333333,1485.9130434782608,1276.3804347826085
D7_I10_E,L10E-221,state_transition__PeMS::D7_I10_E::L10E-221__2025-10-01__1622,0.968421052631579,-10.0,0.0,5.0,7.916666666666667,7.666666666666666,10059.923913043478,9724.423913043476
D7_I10_E,L10E-222,state_transition__PeMS::D7_I10_E::L10E-222__2025-10-01__1623,0.9659090909090909,-5.0,0.0,10.0,7.333333333333333,7.083333333333333,8789.923913043476,8496.380434782608
D7_I10_E,L10E-233,state_transition__PeMS::D7_I10_E::L10E-233__2025-10-01__1624,0.9537037037037037,-10.0,0.0,15.0,9.0,8.583333333333332,14566.763636363636,13906.609090909094
D7_I10_E,L10E-303,state_transition__PeMS::D7_I10_E::L10E-303__2025-10-01__1625,0.8823529411764706,-5.0,0.0,5.0,1.4166666666666667,1.25,8464.133333333333,7450.8
D7_I10_E,L10E-303,state_transition__PeMS::D7_I10_E::L10E-303__2025-10-01__1626,0.9759036144578314,-5.0,0.0,5.0,6.916666666666667,6.75,39082.71111111111,38107.399999999994
D7_I10_E,L10E-304,state_transition__PeMS::D7_I10_E::L10E-304__2025-10-01__1627,0.9166666666666666,-5.0,0.0,0.0,1.0,0.9166666666666666,1558.4239130434783,1425.108695652174
D7_I10_E,L10E-304,state_transition__PeMS::D7_I10_E::L10E-304__2025-10-01__1628,0.9864864864864865,0.0,0.0,5.0,6.166666666666667,6.083333333333333,9173.152173913042,9049.478260869564
D7_I10_E,L10E-308,state_transition__PeMS::D7_I10_E::L10E-308__2025-10-01__1629,0.9411764705882353,-5.0,0.0,0.0,1.4166666666666667,1.3333333333333333,8079.956521739129,7571.043478260869
D7_I10_E,L10E-308,state_transition__PeMS::D7_I10_E::L10E-308__2025-10-01__1630,0.9647058823529412,-5.0,0.0,10.0,7.083333333333333,6.833333333333333,38057.08695652175,36639.17391304347
D7_I10_E,L10E-311,state_transition__PeMS::D7_I10_E::L10E-311__2025-10-01__1631,0.8947368421052632,-5.0,0.0,5.0,1.5833333333333333,1.4166666666666663,8219.521739130434,7320.608695652173
D7_I10_E,L10E-326,state_transition__PeMS::D7_I10_E::L10E-326__2025-10-01__1633,0.9807692307692307,0.0,0.0,5.0,4.333333333333333,4.25,5053.809523809524,4953.638095238095
D7_I10_E,L10E-331,state_transition__PeMS::D7_I10_E::L10E-331__2025-10-01__1634,0.8769230769230769,-35.0,0.0,5.0,5.416666666666667,4.75,24199.18181818182,21062.181818181816
D7_I10_E,L10E-333,state_transition__PeMS::D7_I10_E::L10E-333__2025-10-01__1635,0.9615384615384616,-5.0,0.0,5.0,4.333333333333333,4.166666666666666,18548.28571428571,17786.523809523806
D7_I10_E,L10E-337,state_transition__PeMS::D7_I10_E::L10E-337__2025-10-01__1636,0.9661016949152542,-5.0,0.0,5.0,4.916666666666667,4.75,24587.565217391308,23695.34782608696
D7_I10_E,L10E-349,state_transition__PeMS::D7_I10_E::L10E-349__2025-10-01__1637,0.9767441860465116,-5.0,0.0,5.0,7.166666666666667,7.0,6995.184210526316,6813.28947368421
D7_I10_E,L10E-351,state_transition__PeMS::D7_I10_E::L10E-351__2025-10-01__1638,0.8333333333333334,-5.0,0.0,5.0,1.0,0.8333333333333333,5402.826086956521,4469.434782608696
D7_I10_E,L10E-351,state_transition__PeMS::D7_I10_E::L10E-351__2025-10-01__1639,0.9736842105263158,-5.0,0.0,5.0,6.333333333333333,6.166666666666666,32677.652173913048,31738.19565217391
D7_I10_W,L10W-001,state_transition__PeMS::D7_I10_W::L10W-001__2025-10-01__1640,0.9545454545454546,0.0,0.0,-5.0,1.75,1.8333333333333333,1924.7274725274726,2013.9703296703296
D7_I10_W,L10W-068,state_transition__PeMS::D7_I10_W::L10W-068__2025-10-01__1641,0.9393939393939394,-5.0,0.0,5.0,2.75,2.583333333333333,3768.9239130434785,3542.152173913044
D7_I10_W,L10W-071,state_transition__PeMS::D7_I10_W::L10W-071__2025-10-01__1642,0.9807692307692307,0.0,0.0,5.0,4.333333333333333,4.25,6022.619565217391,5907.065217391302
D7_I10_W,L10W-084,state_transition__PeMS::D7_I10_W::L10W-084__2025-10-01__1643,0.9705882352941176,-5.0,0.0,5.0,5.666666666666667,5.5,6560.456521739131,6337.934782608696
D7_I10_W,L10W-086,state_transition__PeMS::D7_I10_W::L10W-086__2025-10-01__1644,1.0,0.0,0.0,0.0,3.25,3.25,3654.847619047619,3654.847619047618
D7_I10_W,L10W-099,state_transition__PeMS::D7_I10_W::L10W-099__2025-10-01__1645,0.9555555555555556,0.0,0.0,-10.0,3.5833333333333335,3.75,4236.9880952380945,4433.107142857143
D7_I10_W,L10W-107,state_transition__PeMS::D7_I10_W::L10W-107__2025-10-01__1646,0.9016393442622951,-5.0,0.0,-25.0,4.666666666666667,5.0,5688.79347826087,6056.641304347825
D7_I10_W,L10W-109,state_transition__PeMS::D7_I10_W::L10W-109__2025-10-01__1647,0.9344262295081968,0.0,0.0,-20.0,4.75,5.083333333333333,5866.489130434782,6279.804347826088
D7_I10_W,L10W-124,state_transition__PeMS::D7_I10_W::L10W-124__2025-10-01__1648,0.8888888888888888,-5.0,0.0,5.0,1.5,1.3333333333333333,1583.2521739130434,1405.3217391304347
D7_I10_W,L10W-147,state_transition__PeMS::D7_I10_W::L10W-147__2025-10-01__1649,0.972972972972973,-5.0,0.0,0.0,3.0833333333333335,3.0,2601.4275362318836,2522.036231884058
D7_I10_W,L10W-147,state_transition__PeMS::D7_I10_W::L10W-147__2025-10-01__1650,0.8571428571428571,0.0,0.0,5.0,0.5833333333333334,0.5,493.731884057971,425.63768115942025
D7_I10_W,L10W-169,state_transition__PeMS::D7_I10_W::L10W-169__2025-10-01__1651,0.9787234042553191,-5.0,0.0,0.0,3.9166666666666665,3.833333333333333,5408.608695652175,5292.065217391304
D7_I10_W,L10W-221,state_transition__PeMS::D7_I10_W::L10W-221__2025-10-01__1652,0.98,-5.0,0.0,0.0,4.166666666666667,4.083333333333333,6129.652173913044,6008.902173913045
D7_I10_W,L10W-232,state_transition__PeMS::D7_I10_W::L10W-232__2025-10-01__1653,0.9767441860465116,-5.0,0.0,0.0,3.5833333333333335,3.5,4259.204545454545,4165.454545454546
D7_I10_W,L10W-248,state_transition__PeMS::D7_I10_W::L10W-248__2025-10-01__1654,0.9361702127659575,-5.0,0.0,-10.0,3.75,3.833333333333333,4448.670454545455,4544.613636363636
D7_I10_W,L10W-262,state_transition__PeMS::D7_I10_W::L10W-262__2025-10-01__1655,0.8059701492537313,10.0,0.0,-55.0,4.5,5.583333333333333,6534.076086956523,8092.95652173913
D7_I10_W,L10W-291,state_transition__PeMS::D7_I10_W::L10W-291__2025-10-01__1656,0.6875,-45.0,0.0,5.0,2.6666666666666665,1.8333333333333333,3663.75,2492.2173913043475
D7_I10_W,L10W-292,state_transition__PeMS::D7_I10_W::L10W-292__2025-10-01__1657,0.71875,-45.0,0.0,0.0,2.6666666666666665,1.9166666666666663,3775.7738095238096,2707.0119047619046
D7_I10_W,L10W-296,state_transition__PeMS::D7_I10_W::L10W-296__2025-10-01__1658,1.0,0.0,0.0,0.0,8.166666666666666,8.166666666666666,9173.586666666666,9173.586666666666
D7_I10_W,L10W-296,state_transition__PeMS::D7_I10_W::L10W-296__2025-10-01__1659,0.875,5.0,0.0,0.0,0.5833333333333334,0.6666666666666666,717.4499999999999,818.85
D7_I10_W,L10W-296,state_transition__PeMS::D7_I10_W::L10W-296__2025-10-01__1660,1.0,0.0,0.0,0.0,0.5833333333333334,0.5833333333333333,752.5124999999999,752.5124999999999
D7_I10_W,L10W-296,state_transition__PeMS::D7_I10_W::L10W-296__2025-10-01__1661,0.8888888888888888,-5.0,0.0,0.0,0.75,0.6666666666666666,961.3,848.5249999999999
D7_I10_W,L10W-301,state_transition__PeMS::D7_I10_W::L10W-301__2025-10-01__1662,0.9622641509433962,-5.0,0.0,5.0,4.416666666666667,4.25,5961.000000000001,5731.782608695652
D7_I10_W,L10W-302,state_transition__PeMS::D7_I10_W::L10W-302__2025-10-01__1663,0.8461538461538461,-5.0,0.0,5.0,1.0833333333333333,0.9166666666666666,1839.0108695652177,1554.75
D7_I10_W,L10W-302,state_transition__PeMS::D7_I10_W::L10W-302__2025-10-01__1664,0.7,-5.0,0.0,10.0,0.8333333333333334,0.5833333333333333,1307.0,926.8695652173913
D7_I10_W,L10W-312,state_transition__PeMS::D7_I10_W::L10W-312__2025-10-01__1665,0.9583333333333334,-5.0,0.0,5.0,4.0,3.833333333333333,4613.069565217391,4425.852173913043
D7_I10_W,L10W-315,state_transition__PeMS::D7_I10_W::L10W-315__2025-10-01__1666,0.94,-5.0,0.0,-10.0,4.0,4.083333333333333,5483.108695652174,5590.423913043477
D7_I10_W,L10W-371,state_transition__PeMS::D7_I10_W::L10W-371__2025-10-01__1667,1.0,0.0,0.0,0.0,1.9166666666666667,1.9166666666666663,2097.582608695652,2097.582608695652
D7_I10_W,L10W-371,state_transition__PeMS::D7_I10_W::L10W-371__2025-10-01__1668,0.8461538461538461,-5.0,0.0,-5.0,1.0,1.0,1055.6,1054.5478260869565
D7_I10_W,L10W-377,state_transition__PeMS::D7_I10_W::L10W-377__2025-10-01__1669,0.9428571428571428,-5.0,0.0,5.0,2.9166666666666665,2.75,8499.588235294119,7955.882352941177
D7_I10_W,L10W-383,state_transition__PeMS::D7_I10_W::L10W-383__2025-10-01__1671,0.9791666666666666,0.0,0.0,5.0,4.0,3.9166666666666665,25297.043478260868,24802.260869565216
D7_I10_W,L10W-385,state_transition__PeMS::D7_I10_W::L10W-385__2025-10-01__1672,0.8,-5.0,0.0,5.0,0.8333333333333334,0.6666666666666666,5487.772727272728,4385.136363636364
D7_I10_W,L10W-388,state_transition__PeMS::D7_I10_W::L10W-388__2025-10-01__1673,0.9523809523809523,-5.0,0.0,-5.0,3.4166666666666665,3.4166666666666665,3680.2636904761907,3684.2398809523806
D7_I10_W,L10W-395,state_transition__PeMS::D7_I10_W::L10W-395__2025-10-01__1674,0.9545454545454546,-5.0,0.0,5.0,3.6666666666666665,3.5,16641.142857142855,15875.095238095239
D7_I210_E,L210E-008,state_transition__PeMS::D7_I210_E::L210E-008__2025-10-01__1675,0.989010989010989,-5.0,0.0,0.0,7.583333333333333,7.5,8622.417391304347,8514.313043478262
D7_I210_E,L210E-009,state_transition__PeMS::D7_I210_E::L210E-009__2025-10-01__1676,0.9777777777777777,-5.0,0.0,5.0,7.5,7.333333333333333,9539.38043478261,9303.57608695652
D7_I210_E,L210E-042,state_transition__PeMS::D7_I210_E::L210E-042__2025-10-01__1677,0.8666666666666667,-5.0,0.0,5.0,1.25,1.0833333333333333,1371.4347826086957,1193.6304347826085
D7_I210_E,L210E-042,state_transition__PeMS::D7_I210_E::L210E-042__2025-10-01__1678,0.9444444444444444,-5.0,0.0,5.0,3.0,2.833333333333333,2935.010869565218,2779.576086956522
D7_I210_E,L210E-046,state_transition__PeMS::D7_I210_E::L210E-046__2025-10-01__1679,0.7777777777777778,-5.0,0.0,5.0,0.75,0.5833333333333333,938.225,731.8249999999999
D7_I210_E,L210E-065,state_transition__PeMS::D7_I210_E::L210E-065__2025-10-01__1680,0.9666666666666667,-5.0,0.0,0.0,2.5,2.4166666666666665,2702.607142857142,2598.6785714285706
D7_I210_E,L210E-070,state_transition__PeMS::D7_I210_E::L210E-070__2025-10-01__1681,0.9310344827586207,-5.0,0.0,-5.0,2.3333333333333335,2.333333333333333,3473.8977272727275,3454.005681818181
D7_I210_E,L210E-128,state_transition__PeMS::D7_I210_E::L210E-128__2025-10-01__1682,0.9836065573770492,0.0,0.0,5.0,5.083333333333333,5.0,4430.823529411765,4351.458823529411
D7_I210_E,L210E-139,state_transition__PeMS::D7_I210_E::L210E-139__2025-10-01__1683,0.975,-5.0,0.0,5.0,6.666666666666667,6.5,8121.326086956522,7931.86956521739
D7_I210_E,L210E-141,state_transition__PeMS::D7_I210_E::L210E-141__2025-10-01__1684,0.9431818181818182,-20.0,0.0,5.0,7.333333333333333,6.916666666666666,9442.904166666667,8904.729166666668
D7_I210_E,L210E-145,state_transition__PeMS::D7_I210_E::L210E-145__2025-10-01__1685,0.9830508474576272,0.0,0.0,5.0,4.916666666666667,4.833333333333333,6902.234782608696,6786.495652173912
D7_I210_E,L210E-170,state_transition__PeMS::D7_I210_E::L210E-170__2025-10-01__1686,0.9859154929577465,0.0,0.0,5.0,5.916666666666667,5.833333333333333,7564.191304347826,7458.530434782607
D7_I210_E,L210E-231,state_transition__PeMS::D7_I210_E::L210E-231__2025-10-01__1689,0.9767441860465116,5.0,0.0,5.0,7.083333333333333,7.083333333333333,7829.438095238094,7832.990476190477
D7_I210_E,L210E-237,state_transition__PeMS::D7_I210_E::L210E-237__2025-10-01__1690,0.9696969696969697,-5.0,0.0,5.0,5.5,5.333333333333333,7067.170454545455,6837.90909090909
D7_I210_E,L210E-245,state_transition__PeMS::D7_I210_E::L210E-245__2025-10-01__1691,0.9743589743589743,-5.0,0.0,5.0,6.5,6.333333333333333,7840.761363636364,7624.829545454545
D7_I210_E,L210E-304,state_transition__PeMS::D7_I210_E::L210E-304__2025-10-01__1692,0.7777777777777778,0.0,0.0,40.0,3.0,2.333333333333333,4261.843478260869,3295.8173913043474
D7_I210_E,L210E-314,state_transition__PeMS::D7_I210_E::L210E-314__2025-10-01__1693,0.971830985915493,-5.0,0.0,-5.0,5.833333333333333,5.833333333333333,5237.458333333333,5232.291666666667
D7_I210_E,L210E-319,state_transition__PeMS::D7_I210_E::L210E-319__2025-10-01__1694,0.972972972972973,-5.0,0.0,5.0,6.166666666666667,6.0,7865.500000000001,7621.318181818181
D7_I210_W,L210W-001,state_transition__PeMS::D7_I210_W::L210W-001__2025-10-01__1695,0.9333333333333333,-5.0,0.0,5.0,2.5,2.333333333333333,2950.9272727272737,2736.8363636363633
D7_I210_W,L210W-001,state_transition__PeMS::D7_I210_W::L210W-001__2025-10-01__1696,1.0,0.0,0.0,0.0,2.6666666666666665,2.6666666666666665,3085.6402597402594,3085.6402597402594
D7_I210_W,L210W-022,state_transition__PeMS::D7_I210_W::L210W-022__2025-10-01__1697,0.8181818181818182,-5.0,0.0,5.0,0.9166666666666666,0.75,1185.804347826087,968.5652173913043
D7_I210_W,L210W-028,state_transition__PeMS::D7_I210_W::L210W-028__2025-10-01__1698,0.75,-10.0,0.0,5.0,1.0,0.75,879.8260869565216,655.408695652174
D7_I210_W,L210W-108,state_transition__PeMS::D7_I210_W::L210W-108__2025-10-01__1699,0.9516129032258065,-5.0,0.0,-10.0,5.0,5.083333333333333,6620.022727272728,6755.727272727272
D7_I210_W,L210W-112,state_transition__PeMS::D7_I210_W::L210W-112__2025-10-01__1700,0.9444444444444444,-5.0,0.0,-15.0,5.75,5.916666666666666,6576.534090909091,6802.477272727273
D7_I210_W,L210W-113,state_transition__PeMS::D7_I210_W::L210W-113__2025-10-01__1701,0.9852941176470589,-5.0,0.0,0.0,5.666666666666667,5.583333333333333,6689.250000000001,6581.108695652173
D7_I210_W,L210W-129,state_transition__PeMS::D7_I210_W::L210W-129__2025-10-01__1702,0.9714285714285714,0.0,0.0,-10.0,5.666666666666667,5.833333333333333,6907.545454545455,7122.022727272728
D7_I210_W,L210W-129,state_transition__PeMS::D7_I210_W::L210W-129__2025-10-01__1703,1.0,0.0,0.0,0.0,3.5,3.5,4658.636363636364,4658.636363636364
D7_I210_W,L210W-132,state_transition__PeMS::D7_I210_W::L210W-132__2025-10-01__1704,1.0,0.0,0.0,0.0,4.416666666666667,4.416666666666666,5629.728260869566,5629.728260869565
D7_I210_W,L210W-141,state_transition__PeMS::D7_I210_W::L210W-141__2025-10-01__1705,0.9166666666666666,-5.0,0.0,5.0,2.0,1.8333333333333333,2271.98,2081.3999999999996
D7_I210_W,L210W-143,state_transition__PeMS::D7_I210_W::L210W-143__2025-10-01__1706,0.6521739130434783,-5.0,0.0,35.0,1.9166666666666667,1.25,1666.4636363636366,1056.2909090909088
D7_I210_W,L210W-143,state_transition__PeMS::D7_I210_W::L210W-143__2025-10-01__1707,0.9696969696969697,0.0,0.0,-5.0,2.6666666666666665,2.75,2824.8,2914.0545454545454
D7_I210_W,L210W-150,state_transition__PeMS::D7_I210_W::L210W-150__2025-10-01__1708,0.9714285714285714,-5.0,0.0,5.0,5.833333333333333,5.666666666666666,7612.530434782609,7387.939130434783
D7_I210_W,L210W-150,state_transition__PeMS::D7_I210_W::L210W-150__2025-10-01__1709,0.971830985915493,-5.0,0.0,5.0,5.916666666666667,5.75,6970.939130434784,6781.130434782608
D7_I210_W,L210W-154,state_transition__PeMS::D7_I210_W::L210W-154__2025-10-01__1710,0.9821428571428571,-5.0,0.0,0.0,4.666666666666667,4.583333333333333,5684.45652173913,5564.717391304348
D7_I210_W,L210W-155,state_transition__PeMS::D7_I210_W::L210W-155__2025-10-01__1711,0.9846153846153847,-5.0,0.0,0.0,5.416666666666667,5.333333333333333,6229.271739130435,6114.739130434782
D7_I210_W,L210W-155,state_transition__PeMS::D7_I210_W::L210W-155__2025-10-01__1712,1.0,0.0,0.0,0.0,3.3333333333333335,3.333333333333333,4228.554347826087,4228.554347826086
D7_I210_W,L210W-182,state_transition__PeMS::D7_I210_W::L210W-182__2025-10-01__1713,0.875,-5.0,0.0,40.0,6.0,5.25,6784.3130434782615,5901.121739130434
D7_I210_W,L210W-211,state_transition__PeMS::D7_I210_W::L210W-211__2025-10-01__1714,1.0,0.0,0.0,0.0,4.166666666666667,4.166666666666666,5817.717391304348,5817.717391304349
D7_I210_W,L210W-211,state_transition__PeMS::D7_I210_W::L210W-211__2025-10-01__1715,0.9230769230769231,-5.0,0.0,5.0,2.1666666666666665,2.0,3156.7934782608695,2918.4130434782605
D7_I210_W,L210W-221,state_transition__PeMS::D7_I210_W::L210W-221__2025-10-01__1716,0.9459459459459459,-5.0,0.0,5.0,3.0833333333333335,2.9166666666666665,3553.8434782608706,3369.104347826087
D7_I210_W,L210W-222,state_transition__PeMS::D7_I210_W::L210W-222__2025-10-01__1717,0.9841269841269841,0.0,0.0,5.0,5.25,5.166666666666666,5971.417391304349,5873.652173913042
D7_I210_W,L210W-233,state_transition__PeMS::D7_I210_W::L210W-233__2025-10-01__1718,0.9726027397260274,-5.0,0.0,5.0,6.083333333333333,5.916666666666666,7954.227272727274,7720.71590909091
D7_I210_W,L210W-234,state_transition__PeMS::D7_I210_W::L210W-234__2025-10-01__1719,0.984375,-5.0,0.0,0.0,5.333333333333333,5.25,5573.60294117647,5483.941176470587
D7_I210_W,L210W-251,state_transition__PeMS::D7_I210_W::L210W-251__2025-10-01__1720,0.9444444444444444,-10.0,0.0,5.0,4.5,4.25,6365.78787878788,6024.166666666666
D7_I210_W,L210W-256,state_transition__PeMS::D7_I210_W::L210W-256__2025-10-01__1721,0.9696969696969697,-5.0,0.0,0.0,2.75,2.6666666666666665,3322.4545454545455,3213.886363636364
D7_I210_W,L210W-291,state_transition__PeMS::D7_I210_W::L210W-291__2025-10-01__1722,0.9864864864864865,-5.0,0.0,0.0,6.166666666666667,6.083333333333333,7255.125,7148.329545454545
D7_I210_W,L210W-299,state_transition__PeMS::D7_I210_W::L210W-299__2025-10-01__1723,0.8387096774193549,-5.0,0.0,45.0,5.166666666666667,4.333333333333333,4807.147826086957,3975.165217391305
D7_I210_W,L210W-301,state_transition__PeMS::D7_I210_W::L210W-301__2025-10-01__1724,0.9571428571428572,-5.0,0.0,-10.0,5.666666666666667,5.75,6766.55197368421,6865.151973684209
D7_I210_W,L210W-301,state_transition__PeMS::D7_I210_W::L210W-301__2025-10-01__1725,0.84375,25.0,0.0,0.0,2.25,2.6666666666666665,2935.257236842105,3482.7697368421054
D7_I210_W,L210W-305,state_transition__PeMS::D7_I210_W::L210W-305__2025-10-01__1726,0.972972972972973,-5.0,0.0,-5.0,6.083333333333333,6.083333333333333,9158.79891304348,9154.114130434782
D7_I210_W,L210W-305,state_transition__PeMS::D7_I210_W::L210W-305__2025-10-01__1727,0.8,0.0,0.0,-10.0,0.6666666666666666,0.8333333333333333,1015.7989130434784,1258.983695652174
D7_I405_N,L405N-069,state_transition__PeMS::D7_I405_N::L405N-069__2025-10-01__1728,0.9672131147540983,-5.0,0.0,5.0,5.083333333333333,4.916666666666666,6304.833333333334,6078.069444444443
D7_I405_N,L405N-069,state_transition__PeMS::D7_I405_N::L405N-069__2025-10-01__1729,0.8333333333333334,-5.0,0.0,5.0,1.0,0.8333333333333333,1352.1666666666667,1123.8333333333333
D7_I405_N,L405N-076,state_transition__PeMS::D7_I405_N::L405N-076__2025-10-01__1730,0.8450704225352113,-5.0,0.0,50.0,5.916666666666667,5.0,8035.149999999999,6811.9800000000005
D7_I405_N,L405N-076,state_transition__PeMS::D7_I405_N::L405N-076__2025-10-01__1731,1.0,0.0,0.0,0.0,0.5833333333333334,0.5833333333333333,745.73,745.73
D7_I405_N,L405N-076,state_transition__PeMS::D7_I405_N::L405N-076__2025-10-01__1732,0.9791666666666666,0.0,0.0,5.0,4.0,3.9166666666666665,5218.32,5111.36
D7_I405_N,L405N-098,state_transition__PeMS::D7_I405_N::L405N-098__2025-10-01__1733,0.9872611464968153,-5.0,0.0,5.0,13.083333333333334,12.916666666666666,13818.166666666666,13644.350877192981
D7_I405_N,L405N-115,state_transition__PeMS::D7_I405_N::L405N-115__2025-10-01__1734,0.96875,10.0,0.0,0.0,5.166666666666667,5.333333333333333,6076.563725490197,6306.524509803921
D7_I405_N,L405N-122,state_transition__PeMS::D7_I405_N::L405N-122__2025-10-01__1735,0.978021978021978,-5.0,0.0,5.0,7.583333333333333,7.416666666666666,8933.35,8725.841666666667
D7_I405_N,L405N-129,state_transition__PeMS::D7_I405_N::L405N-129__2025-10-01__1736,0.9636363636363636,-5.0,0.0,-5.0,4.5,4.5,5797.013157894736,5786.03947368421
D7_I405_N,L405N-129,state_transition__PeMS::D7_I405_N::L405N-129__2025-10-01__1737,0.96875,-5.0,0.0,0.0,2.6666666666666665,2.583333333333333,3447.7763157894738,3330.9473684210525
D7_I405_N,L405N-135,state_transition__PeMS::D7_I405_N::L405N-135__2025-10-01__1738,0.9814814814814815,-5.0,0.0,5.0,9.0,8.833333333333332,10232.604166666666,9986.75
D7_I405_N,L405N-215,state_transition__PeMS::D7_I405_N::L405N-215__2025-10-01__1739,0.5833333333333334,20.0,0.0,-5.0,0.5833333333333334,1.0,608.4,1051.0666666666666
D7_I405_N,L405N-215,state_transition__PeMS::D7_I405_N::L405N-215__2025-10-01__1740,0.9836065573770492,5.0,0.0,0.0,5.0,5.083333333333333,4638.261538461538,4720.71282051282
D7_I405_N,L405N-241,state_transition__PeMS::D7_I405_N::L405N-241__2025-10-01__1741,1.0,0.0,0.0,0.0,6.916666666666667,6.916666666666666,8600.562499999998,8600.5625
D7_I405_N,L405N-273,state_transition__PeMS::D7_I405_N::L405N-273__2025-10-01__1742,0.9571428571428572,-10.0,0.0,5.0,5.833333333333333,5.583333333333333,8053.1,7662.700000000001
D7_I405_S,L405S-001,state_transition__PeMS::D7_I405_S::L405S-001__2025-10-01__1743,0.6415094339622641,-5.0,-35.0,-135.0,3.1666666666666665,4.333333333333333,2957.1200000000003,4381.1
D7_I405_S,L405S-061,state_transition__PeMS::D7_I405_S::L405S-061__2025-10-01__1745,1.0,0.0,0.0,0.0,5.083333333333333,5.083333333333333,5994.444444444443,5994.444444444445
D7_I405_S,L405S-073,state_transition__PeMS::D7_I405_S::L405S-073__2025-10-01__1746,0.9230769230769231,0.0,0.0,5.0,1.0833333333333333,1.0,1432.1333333333334,1327.9666666666665
D7_I405_S,L405S-073,state_transition__PeMS::D7_I405_S::L405S-073__2025-10-01__1747,0.9896907216494846,0.0,0.0,5.0,8.083333333333334,8.0,9389.377777777778,9290.333333333332
D7_I405_S,L405S-084,state_transition__PeMS::D7_I405_S::L405S-084__2025-10-01__1748,0.9903846153846154,-5.0,0.0,0.0,8.666666666666666,8.583333333333332,12665.933333333334,12529.366666666669
D7_I405_S,L405S-087,state_transition__PeMS::D7_I405_S::L405S-087__2025-10-01__1749,0.9911504424778761,0.0,0.0,5.0,9.416666666666666,9.333333333333332,10256.176470588236,10157.276470588236
D7_I405_S,L405S-231,state_transition__PeMS::D7_I405_S::L405S-231__2025-10-01__1750,0.8666666666666667,-5.0,0.0,5.0,1.25,1.0833333333333333,1856.875,1607.2625
D7_I405_S,L405S-234,state_transition__PeMS::D7_I405_S::L405S-234__2025-10-01__1751,0.8909090909090909,-30.0,0.0,0.0,4.583333333333333,4.083333333333333,5881.705263157895,5235.357894736842
D7_I405_S,L405S-336,state_transition__PeMS::D7_I405_S::L405S-336__2025-10-01__1752,0.967741935483871,0.0,0.0,5.0,2.5833333333333335,2.5,3382.715789473684,3264.9578947368414
D7_I405_S,L405S-336,state_transition__PeMS::D7_I405_S::L405S-336__2025-10-01__1753,1.0,0.0,0.0,0.0,1.3333333333333333,1.3333333333333333,1885.8000000000002,1885.7999999999997
D7_I405_S,L405S-392,state_transition__PeMS::D7_I405_S::L405S-392__2025-10-01__1754,0.9230769230769231,-5.0,0.0,0.0,1.0833333333333333,1.0,7145.0,6583.299999999999
D7_I405_S,L405S-392,state_transition__PeMS::D7_I405_S::L405S-392__2025-10-01__1755,0.9827586206896551,-5.0,0.0,5.0,9.666666666666666,9.5,49030.3,47982.25
D7_I405_S,L405S-417,state_transition__PeMS::D7_I405_S::L405S-417__2025-10-01__1756,0.9770114942528736,-5.0,0.0,5.0,7.25,7.083333333333333,42243.55,41077.149999999994
D7_I405_S,L405S-425,state_transition__PeMS::D7_I405_S::L405S-425__2025-10-01__1757,0.8,0.0,0.0,15.0,1.25,1.0,1568.8947368421052,1257.3815789473686
D7_I405_S,L405S-425,state_transition__PeMS::D7_I405_S::L405S-425__2025-10-01__1758,0.979381443298969,-5.0,0.0,5.0,8.083333333333334,7.916666666666666,8300.026315789473,8095.223684210525
